sample_id,s__Bifidobacterium_longum|t__subsp.longum,s__Bifidobacterium_bifidum|t__SGB17256,s__Bifidobacterium_breve|t__SGB17247,s__Bifidobacterium_longum|t__subsp.infantis,dataset,country,continent,is_westernized,Feeding_Overall,HistoryAtTimePoint,subject_id,age_in_days,category,type,subtype,commercial_name
102_12mo,61.94785646893523,0.0,31.73555885338611,6.316584677678671,HeppnerN_2024,GER,Europe,yes,B,B,102,365.0,,,,
102_1mo,0.0,0.0,0.0,0.0,HeppnerN_2024,GER,Europe,yes,B,BF,102,30.0,,,,
102_24mo,92.0206003684197,0.0,7.979399631580314,0.0,HeppnerN_2024,GER,Europe,yes,B,infant_at_24mo,102,730.0,,,,
102_3mo,0.0,0.0,0.0,0.0,HeppnerN_2024,GER,Europe,yes,B,BF,102,91.0,,,,
102_7mo,1.1624724699178903,0.0,40.96111886906184,57.87640866102027,HeppnerN_2024,GER,Europe,yes,B,B,102,213.0,,,,
116_12mo,5.882442334685397,7.157185645287857,3.370101763945225,83.59027025608152,HeppnerN_2024,GER,Europe,yes,C,C,116,365.0,,,,
116_1mo,1.3574168721938935,0.0,0.1089480843955646,98.53363504341056,HeppnerN_2024,GER,Europe,yes,C,C,116,30.0,,,,
116_24mo,48.88804395637166,0.0,51.111956043628325,0.0,HeppnerN_2024,GER,Europe,yes,C,infant_at_24mo,116,730.0,,,,
116_3mo,2.7648769904005794,0.0,1.1454170166397617,96.08970599295964,HeppnerN_2024,GER,Europe,yes,C,C,116,91.0,,,,
116_7mo,7.288012889766731,0.0,21.434189655522594,71.27779745471067,HeppnerN_2024,GER,Europe,yes,C,C,116,213.0,,,,
120B_12mo,3.08391,9.8975,1.42158,0.0,HeppnerN_2024,GER,Europe,yes,BF,BF,120B,365.0,,,,
120B_1mo,0.0,79.95938,0.0,0.0,HeppnerN_2024,GER,Europe,yes,BF,BF,120B,30.0,,,,
120B_24mo,0.19871,0.0,0.0,0.0,HeppnerN_2024,GER,Europe,yes,BF,infant_at_24mo,120B,730.0,,,,
120B_3mo,17.67308,19.87971,53.27141,0.00182,HeppnerN_2024,GER,Europe,yes,BF,BF,120B,91.0,,,,
120B_7mo,8.70504,4.47427,12.42816,9e-05,HeppnerN_2024,GER,Europe,yes,BF,BF,120B,213.0,,,,
121_12mo,64.42923760381888,0.0,35.570762396181124,0.0,HeppnerN_2024,GER,Europe,yes,A,A,121,365.0,,,,
121_1mo,0.0,0.0,0.0,0.0,HeppnerN_2024,GER,Europe,yes,A,A,121,30.0,,,,
121_24mo,65.71356165375425,33.73615234233582,0.5502860039099269,0.0,HeppnerN_2024,GER,Europe,yes,A,infant_at_24mo,121,730.0,,,,
121_3mo,0.0,100.0,0.0,0.0,HeppnerN_2024,GER,Europe,yes,A,A,121,91.0,,,,
121_7mo,34.5372460496614,0.0,62.88939051918736,2.573363431151241,HeppnerN_2024,GER,Europe,yes,A,A,121,213.0,,,,
128_12mo,25.158297867690845,50.331892854606345,21.80549712905852,2.7043121486442927,HeppnerN_2024,GER,Europe,yes,B,B,128,365.0,,,,
128_1mo,1.282606033996616,5.291104394230453e-05,24.330677939682047,74.3866631152774,HeppnerN_2024,GER,Europe,yes,B,B,128,30.0,,,,
128_24mo,61.70585523282619,27.090825265099127,3.863531581373905,7.339787920700784,HeppnerN_2024,GER,Europe,yes,B,infant_at_24mo,128,730.0,,,,
128_3mo,9.779040401419095,36.13480491177575,0.8639246677620047,53.222230019043145,HeppnerN_2024,GER,Europe,yes,B,B,128,91.0,,,,
128_7mo,31.65630402654916,16.175469328818032,26.28385522432226,25.884371420310547,HeppnerN_2024,GER,Europe,yes,B,B,128,213.0,,,,
131_12mo,39.69305597035393,44.55625377127915,15.630009325344824,0.1206809330220821,HeppnerN_2024,GER,Europe,yes,A,A,131,365.0,,,,
131_1mo,0.0005458014225569,0.0,99.99945419857744,0.0,HeppnerN_2024,GER,Europe,yes,A,BF,131,30.0,,,,
131_24mo,99.6672564502073,0.0,0.3327435497926955,0.0,HeppnerN_2024,GER,Europe,yes,A,infant_at_24mo,131,730.0,,,,
131_3mo,0.9864584506128822,13.298924748174056,85.71461680121305,0.0,HeppnerN_2024,GER,Europe,yes,A,BF,131,91.0,,,,
131_7mo,15.735968336195397,23.259354960650285,60.99485326393095,0.0098234392233763,HeppnerN_2024,GER,Europe,yes,A,BF,131,213.0,,,,
142_12mo,87.65574804317988,0.0,11.629038839633491,0.7152131171866307,HeppnerN_2024,GER,Europe,yes,B,B,142,365.0,,,,
142_1mo,1.257730294684382,0.0,24.3687388396235,74.37353086569213,HeppnerN_2024,GER,Europe,yes,B,B,142,30.0,,,,
142_24mo,52.0446434955571,47.8871042179913,0.0,0.0682522864515961,HeppnerN_2024,GER,Europe,yes,B,infant_at_24mo,142,730.0,,,,
142_3mo,49.70904769169489,0.0088876976797853,35.95515777827343,14.326906832351902,HeppnerN_2024,GER,Europe,yes,B,B,142,91.0,,,,
142_7mo,15.558210132417845,24.928783922808087,46.88352638852359,12.629479556250486,HeppnerN_2024,GER,Europe,yes,B,B,142,213.0,,,,
144_12mo,3.397802833850468,0.0,10.2670813913775,86.33511577477204,HeppnerN_2024,GER,Europe,yes,BF,BF,144,365.0,,,,
144_1mo,63.98249701962616,0.0,36.01750298037384,0.0,HeppnerN_2024,GER,Europe,yes,BF,BF,144,30.0,,,,
144_24mo,86.10243341006247,0.0,13.89756658993752,0.0,HeppnerN_2024,GER,Europe,yes,BF,infant_at_24mo,144,730.0,,,,
144_3mo,1.424038009346314,0.0,4.584645872206875,93.99131611844682,HeppnerN_2024,GER,Europe,yes,BF,BF,144,91.0,,,,
144_7mo,3.874674028054318,0.0,9.894671628593027,86.23065434335264,HeppnerN_2024,GER,Europe,yes,BF,BF,144,213.0,,,,
163_12mo,45.69925530065498,30.83553485357905,15.27042796633424,8.194781879431726,HeppnerN_2024,GER,Europe,yes,D,D,163,365.0,,,,
163_1mo,1.3920115526403245,0.0,1.6303705052860895,96.97761794207358,HeppnerN_2024,GER,Europe,yes,D,D,163,30.0,,,,
163_24mo,58.96467336538739,39.75988253246193,1.2236201882935538,0.0518239138571387,HeppnerN_2024,GER,Europe,yes,D,infant_at_24mo,163,730.0,,,,
163_3mo,4.764794832670768,1.7638334850050297,4.955798534372455,88.51557314795176,HeppnerN_2024,GER,Europe,yes,D,D,163,91.0,,,,
163_7mo,3.319648589986348,4.737468650212313,25.52346179999145,66.41942095980988,HeppnerN_2024,GER,Europe,yes,D,D,163,213.0,,,,
178_12mo,19.75189261840201,0.0,16.30126491164729,63.946842469950695,HeppnerN_2024,GER,Europe,yes,C,C,178,365.0,,,,
178_1mo,0.0,0.0,0.0,0.0,HeppnerN_2024,GER,Europe,yes,C,C,178,30.0,,,,
178_24mo,66.10913731661286,0.0,33.89086268338715,0.0,HeppnerN_2024,GER,Europe,yes,C,infant_at_24mo,178,730.0,,,,
178_3mo,1.2625680534806485,0.0,0.3191981810245293,98.41823376549482,HeppnerN_2024,GER,Europe,yes,C,C,178,91.0,,,,
178_7mo,1.1404225108442416,0.0,0.2632020072268053,98.59637548192896,HeppnerN_2024,GER,Europe,yes,C,C,178,213.0,,,,
183_12mo,47.799685652342944,0.4445705863132362,51.75574376134383,0.0,HeppnerN_2024,GER,Europe,yes,A,A,183,365.0,,,,
183_1mo,79.66044094274345,20.33955905725656,0.0,0.0,HeppnerN_2024,GER,Europe,yes,A,A,183,30.0,,,,
183_24mo,80.1981650478909,14.358001071713089,5.443833880396004,0.0,HeppnerN_2024,GER,Europe,yes,A,infant_at_24mo,183,730.0,,,,
183_3mo,7.47981794531023,55.62284317958007,36.67832019842043,0.2190186766892682,HeppnerN_2024,GER,Europe,yes,A,A,183,91.0,,,,
183_7mo,73.91805985304329,3.325323525267543,22.545450869210555,0.211165752478607,HeppnerN_2024,GER,Europe,yes,A,A,183,213.0,,,,
199_12mo,36.17407818207512,7.394571316159479,46.471375836572186,9.959974665193206,HeppnerN_2024,GER,Europe,yes,D,D,199,365.0,,,,
199_1mo,1.1961561192154908,0.4183267188440653,5.896218746055968,92.48929841588446,HeppnerN_2024,GER,Europe,yes,D,D,199,30.0,,,,
199_24mo,66.07392346234842,23.443758623193663,10.482317914457916,0.0,HeppnerN_2024,GER,Europe,yes,D,infant_at_24mo,199,730.0,,,,
199_3mo,3.98340473797848,3.65555465408597,36.92091847547672,55.44012213245884,HeppnerN_2024,GER,Europe,yes,D,D,199,91.0,,,,
199_7mo,21.18292637303092,2.0327458928849427,32.419664913959664,44.36466282012447,HeppnerN_2024,GER,Europe,yes,D,D,199,213.0,,,,
208_12mo,45.60607321372937,1.291970562794019,34.05674963861437,19.04520658486225,HeppnerN_2024,GER,Europe,yes,A,A,208,365.0,,,,
208_1mo,23.485302934878828,0.0,76.51469706512117,0.0,HeppnerN_2024,GER,Europe,yes,A,BF,208,30.0,,,,
208_24mo,60.32201386102103,0.0,39.04187590156289,0.6361102374160802,HeppnerN_2024,GER,Europe,yes,A,infant_at_24mo,208,730.0,,,,
208_3mo,0.7938516581798755,0.0,3.509898632513472,95.69624970930666,HeppnerN_2024,GER,Europe,yes,A,BF,208,91.0,,,,
208_7mo,6.157342843584454,7.363278034418974,13.394709317528108,73.08466980446846,HeppnerN_2024,GER,Europe,yes,A,A,208,213.0,,,,
214_12mo,58.98529240301814,0.0,40.971144717168,0.0435628798138583,HeppnerN_2024,GER,Europe,yes,D,D,214,365.0,,,,
214_1mo,1.24725931149905,0.0,1.61274058324167,97.14000010525928,HeppnerN_2024,GER,Europe,yes,D,D,214,30.0,,,,
214_24mo,36.63549001300613,0.0,63.36450998699388,0.0,HeppnerN_2024,GER,Europe,yes,D,infant_at_24mo,214,730.0,,,,
214_3mo,1.2038158400984218,0.0,1.0037622364840944,97.79242192341748,HeppnerN_2024,GER,Europe,yes,D,D,214,91.0,,,,
214_7mo,0.7946844413191338,0.0,66.12358896776446,33.0817265909164,HeppnerN_2024,GER,Europe,yes,D,D,214,213.0,,,,
220_12mo,41.27297937629612,39.70796954969679,16.206081832852444,2.8129692411546587,HeppnerN_2024,GER,Europe,yes,B,B,220,365.0,,,,
220_1mo,3.4452733106661664,21.63315557984109,2.103282898917426,72.81828821057532,HeppnerN_2024,GER,Europe,yes,B,B,220,30.0,,,,
220_24mo,76.0411283759476,0.0,23.774419690836872,0.1844519332155235,HeppnerN_2024,GER,Europe,yes,B,infant_at_24mo,220,730.0,,,,
220_3mo,7.939273059236823,16.89925862592277,38.63087033234635,36.53059798249405,HeppnerN_2024,GER,Europe,yes,B,B,220,91.0,,,,
220_7mo,4.660591853553131,8.283797446128837,43.462236378929006,43.59337432138903,HeppnerN_2024,GER,Europe,yes,B,B,220,213.0,,,,
257_12mo,50.60354966116175,49.39645033883826,0.0,0.0,HeppnerN_2024,GER,Europe,yes,BF,BF,257,365.0,,,,
257_1mo,99.95960579898376,0.0,0.0265429199660096,0.0138512810502234,HeppnerN_2024,GER,Europe,yes,BF,BF,257,30.0,,,,
257_24mo,92.52193754622375,0.0,7.478062453776241,0.0,HeppnerN_2024,GER,Europe,yes,BF,infant_at_24mo,257,730.0,,,,
257_3mo,100.0,0.0,0.0,0.0,HeppnerN_2024,GER,Europe,yes,BF,BF,257,91.0,,,,
257_7mo,1.701450039252433,0.0,0.0,98.29854996074758,HeppnerN_2024,GER,Europe,yes,BF,BF,257,213.0,,,,
263_12mo,71.25519084245117,0.0,26.830607012602464,1.9142021449463764,HeppnerN_2024,GER,Europe,yes,B,B,263,365.0,,,,
263_1mo,0.0,0.0,0.0,0.0,HeppnerN_2024,GER,Europe,yes,B,BF,263,30.0,,,,
263_24mo,94.63022742166451,0.0,5.228999296133589,0.1407732822018882,HeppnerN_2024,GER,Europe,yes,B,infant_at_24mo,263,730.0,,,,
263_3mo,29.76782752902156,0.0,0.0,70.23217247097845,HeppnerN_2024,GER,Europe,yes,BF,BF,263,91.0,,,,
263_7mo,1.489098324254861,0.0,19.036151557213685,79.47475011853146,HeppnerN_2024,GER,Europe,yes,B,B,263,213.0,,,,
276_12mo,3.803136338200814,22.517940895420644,4.96578566403699,68.71313710234156,HeppnerN_2024,GER,Europe,yes,D,D,276,365.0,,,,
276_1mo,73.7708458131565,26.229108142914832,0.0,4.6043928670587465e-05,HeppnerN_2024,GER,Europe,yes,D,BF,276,30.0,,,,
276_24mo,100.0,0.0,0.0,0.0,HeppnerN_2024,GER,Europe,yes,D,infant_at_24mo,276,730.0,,,,
276_3mo,62.9780447228926,37.02006185681926,0.0,0.001893420288151,HeppnerN_2024,GER,Europe,yes,BF,BF,276,91.0,,,,
276_7mo,3.713206774280265,18.453692443579666,2.220100103687963,75.6130006784521,HeppnerN_2024,GER,Europe,yes,D,D,276,213.0,,,,
300_24mo,27.67938142154897,69.74197767885397,2.578640899597038,0.0,HeppnerN_2024,GER,Europe,yes,BF,infant_at_24mo,300,730.0,,,,
300_3mo,1.291013852069624,0.0,0.6915681274785284,98.01741802045186,HeppnerN_2024,GER,Europe,yes,BF,BF,300,91.0,,,,
300_7mo,25.83094660284709,16.292326329132955,24.02183263027359,33.85489443774636,HeppnerN_2024,GER,Europe,yes,BF,BF,300,213.0,,,,
303_12mo,50.39753462199622,0.0,49.60246537800378,0.0,HeppnerN_2024,GER,Europe,yes,C,C,303,365.0,,,,
303_1mo,40.36144578313253,0.0,43.28081556997219,16.357738646895275,HeppnerN_2024,GER,Europe,yes,C,BF,303,30.0,,,,
303_24mo,87.92146290416986,12.043064152817442,0.035472943012717,0.0,HeppnerN_2024,GER,Europe,yes,C,infant_at_24mo,303,730.0,,,,
303_3mo,51.34976830854339,0.0,48.65023169145662,0.0,HeppnerN_2024,GER,Europe,yes,BF,BF,303,91.0,,,,
303_7mo,13.679179465765936,0.0,84.85727884603457,1.4635416881994714,HeppnerN_2024,GER,Europe,yes,C,C,303,213.0,,,,
327_12mo,8.494870269030896,91.5051297309691,0.0,0.0,HeppnerN_2024,GER,Europe,yes,C,C,327,365.0,,,,
327_1mo,59.26624590563555,40.71535717634861,0.0,0.018396918015846,HeppnerN_2024,GER,Europe,yes,C,BF,327,30.0,,,,
327_24mo,29.638915743181794,70.3610842568182,0.0,0.0,HeppnerN_2024,GER,Europe,yes,C,infant_at_24mo,327,730.0,,,,
327_3mo,46.97621469173927,53.02297044896466,0.0,0.0008148592960723,HeppnerN_2024,GER,Europe,yes,C,BF,327,91.0,,,,
327_7mo,58.51412352216059,41.48587647783942,0.0,0.0,HeppnerN_2024,GER,Europe,yes,C,BF,327,213.0,,,,
369_12mo,6.419177658657488,14.9988224522697,10.479011581439016,68.1029883076338,HeppnerN_2024,GER,Europe,yes,BF,BF,369,365.0,,,,
369_1mo,100.0,0.0,0.0,0.0,HeppnerN_2024,GER,Europe,yes,BF,BF,369,30.0,,,,
369_24mo,87.57838764456761,7.062183892990667,4.885138690693672,0.4742897717480472,HeppnerN_2024,GER,Europe,yes,BF,infant_at_24mo,369,730.0,,,,
369_3mo,0.0004938288028571,16.730587262220173,83.26891890897697,0.0,HeppnerN_2024,GER,Europe,yes,BF,BF,369,91.0,,,,
369_7mo,1.827573825337751,11.464713760365669,1.040693489348016,85.66701892494856,HeppnerN_2024,GER,Europe,yes,BF,BF,369,213.0,,,,
387_12mo,100.0,0.0,0.0,0.0,HeppnerN_2024,GER,Europe,yes,BF,BF,387,365.0,,,,
387_1mo,0.0,0.0,0.0,100.0,HeppnerN_2024,GER,Europe,yes,BF,BF,387,30.0,,,,
387_24mo,100.0,0.0,0.0,0.0,HeppnerN_2024,GER,Europe,yes,BF,infant_at_24mo,387,730.0,,,,
387_3mo,0.0,0.0,0.0,0.0,HeppnerN_2024,GER,Europe,yes,BF,BF,387,91.0,,,,
387_7mo,0.0,0.0,0.0,0.0,HeppnerN_2024,GER,Europe,yes,BF,BF,387,213.0,,,,
418_12mo,0.0447494694307956,0.0,98.96766075471533,0.9875897758538954,HeppnerN_2024,GER,Europe,yes,B,B,418,365.0,,,,
418_1mo,0.4805062288733578,0.0,88.04540944841195,11.474084322714694,HeppnerN_2024,GER,Europe,yes,B,B,418,30.0,,,,
418_24mo,80.36223377494551,17.97752808988764,1.6602381351668625,0.0,HeppnerN_2024,GER,Europe,yes,B,infant_at_24mo,418,730.0,,,,
418_3mo,1.407074981415947,0.0,3.3108049890490028,95.28212002953504,HeppnerN_2024,GER,Europe,yes,B,B,418,91.0,,,,
418_7mo,0.0381137458123953,0.0,98.65276905360136,1.3091172005862648,HeppnerN_2024,GER,Europe,yes,B,B,418,213.0,,,,
421_12mo,3.650555716640274,9.132503674397965,16.98670397337462,70.23023663558715,HeppnerN_2024,GER,Europe,yes,BF,BF,421,365.0,,,,
421_1mo,0.0,0.0,0.0,0.0,HeppnerN_2024,GER,Europe,yes,BF,BF,421,30.0,,,,
421_24mo,10.945548158162255,50.461281826535966,21.340784019932634,17.252385995369142,HeppnerN_2024,GER,Europe,yes,BF,infant_at_24mo,421,730.0,,,,
421_3mo,0.0017257432177595,0.0,99.99329186910518,0.00498238767708,HeppnerN_2024,GER,Europe,yes,BF,BF,421,91.0,,,,
421_7mo,0.9947430297218296,0.0,1.1274390203694056,97.87781794990876,HeppnerN_2024,GER,Europe,yes,BF,BF,421,213.0,,,,
430_12mo,34.229106791282895,48.97033198307271,16.80056122564439,0.0,HeppnerN_2024,GER,Europe,yes,BF,BF,430,365.0,,,,
430_1mo,3.3067051859649297,0.0,96.69329481403508,0.0,HeppnerN_2024,GER,Europe,yes,BF,BF,430,30.0,,,,
430_24mo,33.22842745802311,63.20157620351158,3.5699963384652937,0.0,HeppnerN_2024,GER,Europe,yes,BF,infant_at_24mo,430,730.0,,,,
430_3mo,1.6658068141037534,0.0,0.094260004292477,98.23993318160376,HeppnerN_2024,GER,Europe,yes,BF,BF,430,91.0,,,,
430_7mo,13.856719555938056,0.0,6.342829784598639,79.80045065946331,HeppnerN_2024,GER,Europe,yes,BF,BF,430,213.0,,,,
432_12mo,1.519277772558973,10.301462781748992,2.060398901805923,86.11886054388611,HeppnerN_2024,GER,Europe,yes,BF,BF,432,365.0,,,,
432_1mo,0.0,0.0,0.0,0.0,HeppnerN_2024,GER,Europe,yes,BF,BF,432,30.0,,,,
432_24mo,34.57092399116669,60.66774292402908,3.908330674282609,0.8530024105216267,HeppnerN_2024,GER,Europe,yes,BF,infant_at_24mo,432,730.0,,,,
432_3mo,77.7766476810415,0.0,0.0,22.223352318958504,HeppnerN_2024,GER,Europe,yes,BF,BF,432,91.0,,,,
432_7mo,1.4369685297987584,0.0,0.0802997108649992,98.48273175933625,HeppnerN_2024,GER,Europe,yes,BF,BF,432,213.0,,,,
501_12mo,7.386007327742485,22.39678395548697,1.8164493425619408,68.4007593742086,HeppnerN_2024,GER,Europe,yes,BF,BF,501,365.0,,,,
501_1mo,0.0091855319661002,0.0004361844788371,99.99037828355507,0.0,HeppnerN_2024,GER,Europe,yes,BF,BF,501,30.0,,,,
501_24mo,17.958457932595167,82.04154206740483,0.0,0.0,HeppnerN_2024,GER,Europe,yes,BF,infant_at_24mo,501,730.0,,,,
501_3mo,0.8931636387188704,3.380213968025003,1.6935320532137192,94.0330903400424,HeppnerN_2024,GER,Europe,yes,BF,BF,501,91.0,,,,
501_7mo,1.072503902961388,11.63723278264684,0.7857337516754114,86.50452956271636,HeppnerN_2024,GER,Europe,yes,BF,BF,501,213.0,,,,
502_12mo,13.606765210842852,0.0,39.13762906719266,47.255605721964486,HeppnerN_2024,GER,Europe,yes,BF,BF,502,365.0,,,,
502_1mo,100.0,0.0,0.0,0.0,HeppnerN_2024,GER,Europe,yes,BF,BF,502,30.0,,,,
502_24mo,63.68538391376074,28.334934460040884,7.979681626198379,0.0,HeppnerN_2024,GER,Europe,yes,BF,infant_at_24mo,502,730.0,,,,
502_3mo,0.8522359496133943,0.0,98.71333843250734,0.4344256178792482,HeppnerN_2024,GER,Europe,yes,BF,BF,502,91.0,,,,
502_7mo,2.9603619449544425,0.0,18.704689065984425,78.33494898906113,HeppnerN_2024,GER,Europe,yes,BF,BF,502,213.0,,,,
523_12mo,22.425699983876587,47.24465004190857,30.32964997421485,0.0,HeppnerN_2024,GER,Europe,yes,BF,BF,523,365.0,,,,
523_1mo,43.8637818934765,56.135524459621855,0.0,0.0006936469016289,HeppnerN_2024,GER,Europe,yes,BF,BF,523,30.0,,,,
523_24mo,100.0,0.0,0.0,0.0,HeppnerN_2024,GER,Europe,yes,BF,infant_at_24mo,523,730.0,,,,
523_3mo,5.539133029650429,29.51384883412164,64.94623744277696,0.0007806934509578,HeppnerN_2024,GER,Europe,yes,BF,BF,523,91.0,,,,
523_7mo,14.397394214887212,29.082398674232863,56.51967633831306,0.0005307725668657,HeppnerN_2024,GER,Europe,yes,BF,BF,523,213.0,,,,
527_12mo,84.39932225973212,15.448538502437431,0.1521392378304624,0.0,HeppnerN_2024,GER,Europe,yes,BF,BF,527,365.0,,,,
527_1mo,0.0047308722446707,31.26534472480131,68.72992440295403,0.0,HeppnerN_2024,GER,Europe,yes,BF,BF,527,30.0,,,,
527_24mo,100.0,0.0,0.0,0.0,HeppnerN_2024,GER,Europe,yes,BF,infant_at_24mo,527,730.0,,,,
527_3mo,0.0034637857590778,38.27623464633149,61.72030156790942,0.0,HeppnerN_2024,GER,Europe,yes,BF,BF,527,91.0,,,,
527_7mo,1.1708295164664566,0.0,1.2033662525029984,97.62580423103054,HeppnerN_2024,GER,Europe,yes,BF,BF,527,213.0,,,,
544_12mo,42.36110966402928,0.0,47.82649465610043,9.812395679870304,HeppnerN_2024,GER,Europe,yes,BF,BF,544,365.0,,,,
544_1mo,16.60867757765266,16.67736075840691,57.83575682539108,8.878204838549337,HeppnerN_2024,GER,Europe,yes,BF,BF,544,30.0,,,,
544_24mo,57.29727351853423,0.0,42.68041690625894,0.0223095752068349,HeppnerN_2024,GER,Europe,yes,BF,infant_at_24mo,544,730.0,,,,
544_3mo,0.0,0.0,0.0,0.0,HeppnerN_2024,GER,Europe,yes,BF,BF,544,91.0,,,,
544_7mo,5.049266981161389,0.0,67.23437777018246,27.716355248656143,HeppnerN_2024,GER,Europe,yes,BF,BF,544,213.0,,,,
568_12mo,9.952105892637825,80.98434994341737,8.812274406955103,0.2512697569896971,HeppnerN_2024,GER,Europe,yes,A,A,568,365.0,,,,
568_1mo,0.000612002074687,0.0,99.99938799792533,0.0,HeppnerN_2024,GER,Europe,yes,A,BF,568,30.0,,,,
568_24mo,51.29073465318152,48.20601350510575,0.5032518417127259,0.0,HeppnerN_2024,GER,Europe,yes,A,infant_at_24mo,568,730.0,,,,
568_3mo,0.000656551287598,0.0001010078903997,99.995117951964,0.0041244888579879,HeppnerN_2024,GER,Europe,yes,BF,BF,568,91.0,,,,
568_7mo,5.313787521512248,13.48380219410474,8.081607967677098,73.12080231670592,HeppnerN_2024,GER,Europe,yes,A,A,568,213.0,,,,
577A_12mo,0.86898,12.08687,2.22175,0.06449,HeppnerN_2024,GER,Europe,yes,B,B,577A,365.0,,,,
577A_1mo,21.29032,0.0,46.3203,0.00491,HeppnerN_2024,GER,Europe,yes,B,BF,577A,30.0,,,,
577A_24mo,0.10602,0.81229,0.00894,0.0,HeppnerN_2024,GER,Europe,yes,B,infant_at_24mo,577A,730.0,,,,
577A_3mo,0.81964,4.72629,0.44004,74.42453,HeppnerN_2024,GER,Europe,yes,B,BF,577A,91.0,,,,
577A_7mo,3.18237,19.78903,0.87303,40.5735,HeppnerN_2024,GER,Europe,yes,B,B,577A,213.0,,,,
599_12mo,85.13236540620912,0.0,14.863647296548155,0.0039872972427196,HeppnerN_2024,GER,Europe,yes,A,A,599,365.0,,,,
599_1mo,1.0917773228463408,0.0,3.086440141446796,95.82178253570687,HeppnerN_2024,GER,Europe,yes,A,BF,599,30.0,,,,
599_24mo,62.34686629465395,37.62463351680634,0.0285001885397088,0.0,HeppnerN_2024,GER,Europe,yes,A,infant_at_24mo,599,730.0,,,,
599_3mo,3.556345946294238,0.0,5.075017316644921,91.36863673706084,HeppnerN_2024,GER,Europe,yes,A,A,599,91.0,,,,
599_7mo,16.422414183503268,0.0,1.8954256466775767,81.68216016981916,HeppnerN_2024,GER,Europe,yes,A,A,599,213.0,,,,
605_12mo,20.821435890074387,37.4245281677712,41.75403594215442,0.0,HeppnerN_2024,GER,Europe,yes,C,C,605,365.0,,,,
605_1mo,3.79285100156945,27.157897741191007,69.0449593302362,0.0042919270033347,HeppnerN_2024,GER,Europe,yes,C,BF,605,30.0,,,,
605_24mo,99.93908586792136,0.0,0.0609141320786422,0.0,HeppnerN_2024,GER,Europe,yes,C,infant_at_24mo,605,730.0,,,,
605_3mo,30.59237383119126,63.86140927469619,5.543505938074779,0.002710956037773,HeppnerN_2024,GER,Europe,yes,BF,BF,605,91.0,,,,
605_7mo,51.975403163383184,34.760476019468406,13.2641208171484,0.0,HeppnerN_2024,GER,Europe,yes,C,C,605,213.0,,,,
668_12mo,49.00475735549638,50.86338313481756,0.1318595096860435,0.0,HeppnerN_2024,GER,Europe,yes,A,A,668,365.0,,,,
668_1mo,100.0,0.0,0.0,0.0,HeppnerN_2024,GER,Europe,yes,A,BF,668,30.0,,,,
668_24mo,7.612896663954434,64.02606805077998,28.36103528526558,0.0,HeppnerN_2024,GER,Europe,yes,A,infant_at_24mo,668,730.0,,,,
668_3mo,0.5845900981681444,14.757351226844234,0.0,84.65805867498761,HeppnerN_2024,GER,Europe,yes,A,BF,668,91.0,,,,
668_7mo,26.017283149619345,18.569584693645133,16.65228704937155,38.76084510736398,HeppnerN_2024,GER,Europe,yes,A,A,668,213.0,,,,
679_12mo,32.14137087744871,17.26830518079553,50.51527141584384,0.0750525259119388,HeppnerN_2024,GER,Europe,yes,D,D,679,365.0,,,,
679_1mo,33.303607503943375,66.69639249605663,0.0,0.0,HeppnerN_2024,GER,Europe,yes,D,BF,679,30.0,,,,
679_24mo,42.7551326832198,56.960692892478384,0.2841744243018128,0.0,HeppnerN_2024,GER,Europe,yes,D,infant_at_24mo,679,730.0,,,,
679_3mo,1.027547540625101,7.374215585369296,0.8036912664225682,90.79454560758305,HeppnerN_2024,GER,Europe,yes,D,BF,679,91.0,,,,
679_7mo,1.0077794361602466,14.178496843439392,5.272618300715751,79.54110541968461,HeppnerN_2024,GER,Europe,yes,D,D,679,213.0,,,,
710_12mo,3.2079219549435147,19.15642043911356,29.46823363600996,48.16742396993298,HeppnerN_2024,GER,Europe,yes,C,C,710,365.0,,,,
710_1mo,100.0,0.0,0.0,0.0,HeppnerN_2024,GER,Europe,yes,C,BF,710,30.0,,,,
710_24mo,22.012774310199635,70.51103432902363,7.445385644226482,0.0308057165502551,HeppnerN_2024,GER,Europe,yes,C,infant_at_24mo,710,730.0,,,,
710_3mo,1.163448060580672,2.3776555499225425,3.672592130751636,92.78630425874516,HeppnerN_2024,GER,Europe,yes,BF,BF,710,91.0,,,,
710_7mo,1.6616600330782751,6.818588770927471,2.33035964765951,89.18939154833475,HeppnerN_2024,GER,Europe,yes,BF,BF,710,213.0,,,,
719_12mo,11.113319781266645,0.0795121255991538,87.87866712173607,0.9285009713981384,HeppnerN_2024,GER,Europe,yes,C,C,719,365.0,,,,
719_1mo,1.1115776191894555,0.0,28.77253298132734,70.1158893994832,HeppnerN_2024,GER,Europe,yes,C,C,719,30.0,,,,
719_24mo,51.524558904883534,46.1846302334067,2.2334302428230086,0.0573806188867571,HeppnerN_2024,GER,Europe,yes,C,infant_at_24mo,719,730.0,,,,
719_3mo,1.0298660497801422,0.0,47.23673293972453,51.73340101049533,HeppnerN_2024,GER,Europe,yes,C,C,719,91.0,,,,
719_7mo,8.806698792480319,0.0,85.49362238075712,5.699678826762568,HeppnerN_2024,GER,Europe,yes,C,C,719,213.0,,,,
748_12mo,17.43802345392807,0.0,81.72624581536115,0.8357307307107601,HeppnerN_2024,GER,Europe,yes,D,D,748,365.0,,,,
748_1mo,1.2015818841757409,0.0,0.6806025918653905,98.11781552395888,HeppnerN_2024,GER,Europe,yes,D,D,748,30.0,,,,
748_24mo,25.585000083037627,73.56856970455212,0.7977148045017466,0.0487154079085036,HeppnerN_2024,GER,Europe,yes,D,infant_at_24mo,748,730.0,,,,
748_3mo,1.2631255478072,0.0,0.4356477132650532,98.30122673892777,HeppnerN_2024,GER,Europe,yes,BF,D,748,91.0,,,,
748_7mo,9.655445884278956,0.0,74.56933770220108,15.775216413519969,HeppnerN_2024,GER,Europe,yes,D,D,748,213.0,,,,
756_12mo,11.00192375875112,25.24621084938698,63.7518653918619,0.0,HeppnerN_2024,GER,Europe,yes,BF,BF,756,365.0,,,,
756_1mo,0.154396541686655,4.8434762614582825,94.99866117601972,0.0034660208353674,HeppnerN_2024,GER,Europe,yes,BF,BF,756,30.0,,,,
756_24mo,100.0,0.0,0.0,0.0,HeppnerN_2024,GER,Europe,yes,BF,infant_at_24mo,756,730.0,,,,
756_3mo,0.0330243115377252,31.640714305247897,68.32506905133043,0.001192331883939,HeppnerN_2024,GER,Europe,yes,BF,BF,756,91.0,,,,
756_7mo,11.67194969225768,26.31402111885744,62.01390611657093,0.0001230723139511,HeppnerN_2024,GER,Europe,yes,BF,BF,756,213.0,,,,
789_12mo,5.001896919344167,17.340548489081687,4.126196603190943,73.53135798838322,HeppnerN_2024,GER,Europe,yes,BF,BF,789,365.0,,,,
789_1mo,100.0,0.0,0.0,0.0,HeppnerN_2024,GER,Europe,yes,BF,BF,789,30.0,,,,
789_24mo,14.57716735017427,38.04765167126803,0.1860520864120685,47.18912889214563,HeppnerN_2024,GER,Europe,yes,BF,infant_at_24mo,789,730.0,,,,
789_7mo,3.12376968277804,0.0,1.9599791937390063,94.91625112348297,HeppnerN_2024,GER,Europe,yes,BF,BF,789,213.0,,,,
792_12mo,28.07582180429966,71.92417819570034,0.0,0.0,HeppnerN_2024,GER,Europe,yes,BF,BF,792,365.0,,,,
792_1mo,99.9247920329792,0.0,0.0678201510069593,0.0073878160138299,HeppnerN_2024,GER,Europe,yes,BF,BF,792,30.0,,,,
792_24mo,31.52843810530023,68.47156189469978,0.0,0.0,HeppnerN_2024,GER,Europe,yes,BF,infant_at_24mo,792,730.0,,,,
792_3mo,99.294549133679,0.0,0.0,0.7054508663209814,HeppnerN_2024,GER,Europe,yes,BF,BF,792,91.0,,,,
792_7mo,0.0,100.0,0.0,0.0,HeppnerN_2024,GER,Europe,yes,BF,BF,792,213.0,,,,
802_12mo,43.08188030815768,43.954960013354174,12.963159678488145,0.0,HeppnerN_2024,GER,Europe,yes,D,D,802,365.0,,,,
802_1mo,1.1212638813565334,0.0003041100472891,0.4824300420178716,98.39600196657832,HeppnerN_2024,GER,Europe,yes,D,D,802,30.0,,,,
802_24mo,98.7156719731084,0.0,1.2843280268916089,0.0,HeppnerN_2024,GER,Europe,yes,D,infant_at_24mo,802,730.0,,,,
802_3mo,1.0861925129981254,5.863699687718633,0.5027505644929354,92.54735723479033,HeppnerN_2024,GER,Europe,yes,D,D,802,91.0,,,,
802_7mo,1.0368694269150922,11.42287770615992,9.290121173063168,78.25013169386182,HeppnerN_2024,GER,Europe,yes,D,D,802,213.0,,,,
806_12mo,1.395019158301494,0.0,1.40915504534568,97.19582579635284,HeppnerN_2024,GER,Europe,yes,A,A,806,365.0,,,,
806_1mo,9.564474807856532,0.0,9.73526900085397,80.7002561912895,HeppnerN_2024,GER,Europe,yes,A,A,806,30.0,,,,
806_24mo,9.565936885055848,43.54475525940968,21.86411014391257,25.02519771162191,HeppnerN_2024,GER,Europe,yes,A,infant_at_24mo,806,730.0,,,,
806_3mo,0.0,0.0,0.0,0.0,HeppnerN_2024,GER,Europe,yes,A,A,806,91.0,,,,
806_7mo,0.0,0.0,0.0,0.0,HeppnerN_2024,GER,Europe,yes,A,A,806,213.0,,,,
819_12mo,27.2301431210954,0.0,2.093216237007377,70.67664064189722,HeppnerN_2024,GER,Europe,yes,D,D,819,365.0,,,,
819_1mo,7.974733492381418e-05,0.000733675481299,99.99918657718378,0.0,HeppnerN_2024,GER,Europe,yes,D,BF,819,30.0,,,,
819_24mo,95.3493968320959,4.650603167904101,0.0,0.0,HeppnerN_2024,GER,Europe,yes,D,infant_at_24mo,819,730.0,,,,
819_3mo,1.11978726617174,4.975752279846766,0.7978176065603304,93.10664284742116,HeppnerN_2024,GER,Europe,yes,D,D,819,91.0,,,,
819_7mo,1.0674782618804055,5.672501278712918,2.346147586719985,90.9138728726867,HeppnerN_2024,GER,Europe,yes,D,D,819,213.0,,,,
836_12mo,33.41394882729601,0.0,64.70385463974931,1.8821965329546693,HeppnerN_2024,GER,Europe,yes,C,C,836,365.0,,,,
836_1mo,0.0022898899332993,0.0,99.97803326825048,0.0196768418162272,HeppnerN_2024,GER,Europe,yes,C,C,836,30.0,,,,
836_24mo,13.543506268522163,84.30851153293708,2.1131664194241777,0.0348157791165874,HeppnerN_2024,GER,Europe,yes,C,infant_at_24mo,836,730.0,,,,
836_3mo,0.0001580197110275,0.0,99.99984198028898,0.0,HeppnerN_2024,GER,Europe,yes,C,C,836,91.0,,,,
836_7mo,1.2294122445268996,0.0,4.735471742992334,94.03511601248078,HeppnerN_2024,GER,Europe,yes,C,C,836,213.0,,,,
839_12mo,7.873175004021984,19.469505352743,13.687828642799117,58.9694910004359,HeppnerN_2024,GER,Europe,yes,D,D,839,365.0,,,,
839_1mo,1.2145645749023988,0.0,20.0187679934312,78.76666743166639,HeppnerN_2024,GER,Europe,yes,D,D,839,30.0,,,,
839_24mo,28.4020395753815,69.2129612671155,2.384999157502985,0.0,HeppnerN_2024,GER,Europe,yes,D,infant_at_24mo,839,730.0,,,,
839_3mo,1.6688986599695952,11.428773923248512,19.845619084245133,67.05670833253676,HeppnerN_2024,GER,Europe,yes,D,D,839,91.0,,,,
839_7mo,10.428143007687432,6.147305959523417,21.93574652529653,61.488804507492624,HeppnerN_2024,GER,Europe,yes,D,D,839,213.0,,,,
859_12mo,21.66433386940881,68.9173147030396,9.30525420805878,0.1130972194928271,HeppnerN_2024,GER,Europe,yes,B,B,859,365.0,,,,
859_1mo,1.116693671459752,0.6902497137695079,19.72578938809973,78.467267226671,HeppnerN_2024,GER,Europe,yes,B,B,859,30.0,,,,
859_24mo,69.64873765093303,0.0,30.35126234906696,0.0,HeppnerN_2024,GER,Europe,yes,B,infant_at_24mo,859,730.0,,,,
859_3mo,31.75276264566903,36.94490909941983,22.79173278753452,8.510595467376612,HeppnerN_2024,GER,Europe,yes,B,B,859,91.0,,,,
859_7mo,24.70628820007484,0.0,72.55121928402146,2.742492515903704,HeppnerN_2024,GER,Europe,yes,B,B,859,213.0,,,,
861_12mo,28.768119383139624,0.0,0.0,71.23188061686038,HeppnerN_2024,GER,Europe,yes,BF,BF,861,365.0,,,,
861_1mo,0.0,0.0,0.0,0.0,HeppnerN_2024,GER,Europe,yes,BF,BF,861,30.0,,,,
861_24mo,47.735669200051525,52.26433079994848,0.0,0.0,HeppnerN_2024,GER,Europe,yes,BF,infant_at_24mo,861,730.0,,,,
861_3mo,0.0,0.0,0.0,0.0,HeppnerN_2024,GER,Europe,yes,BF,BF,861,91.0,,,,
861_7mo,1.423977985380453,0.0,0.0,98.57602201461954,HeppnerN_2024,GER,Europe,yes,BF,BF,861,213.0,,,,
865_12mo,65.79609812749334,0.0,20.39561699207408,13.80828488043257,HeppnerN_2024,GER,Europe,yes,B,B,865,365.0,,,,
865_1mo,1.2083404075010846,0.0,4.664960159738336,94.1266994327606,HeppnerN_2024,GER,Europe,yes,B,B,865,30.0,,,,
865_24mo,98.23929824220929,0.0,1.7607017577907051,0.0,HeppnerN_2024,GER,Europe,yes,B,infant_at_24mo,865,730.0,,,,
865_3mo,1.2389944490775446,0.0,0.8469826080264843,97.91402294289595,HeppnerN_2024,GER,Europe,yes,BF,B,865,91.0,,,,
865_7mo,1.1822730773885717,0.0,0.5299409524710272,98.2877859701404,HeppnerN_2024,GER,Europe,yes,B,B,865,213.0,,,,
907_12mo,18.573325200752496,36.57832535397981,33.82487996369996,11.023469481567744,HeppnerN_2024,GER,Europe,yes,BF,BF,907,365.0,,,,
907_1mo,99.99867992977228,0.0,0.0,0.0013200702277361,HeppnerN_2024,GER,Europe,yes,BF,BF,907,30.0,,,,
907_24mo,19.86516971205052,78.36666532247543,1.7681649654740526,0.0,HeppnerN_2024,GER,Europe,yes,BF,infant_at_24mo,907,730.0,,,,
907_3mo,1.0424137298397185,9.083026018496437,0.8294232488238191,89.04513700284001,HeppnerN_2024,GER,Europe,yes,BF,BF,907,91.0,,,,
907_7mo,1.923426778014228,9.855780017608884,2.395767501729168,85.82502570264772,HeppnerN_2024,GER,Europe,yes,BF,BF,907,213.0,,,,
912_12mo,53.824388052997975,25.93781132393967,20.237800623062352,0.0,HeppnerN_2024,GER,Europe,yes,BF,BF,912,365.0,,,,
912_1mo,99.99942826650404,0.0,0.0,0.0005717334959597,HeppnerN_2024,GER,Europe,yes,BF,BF,912,30.0,,,,
912_24mo,55.21479615682385,43.60749083981177,1.1777130033643846,0.0,HeppnerN_2024,GER,Europe,yes,BF,infant_at_24mo,912,730.0,,,,
912_3mo,6.883726722895184,0.0,93.10189294864615,0.01438032845867,HeppnerN_2024,GER,Europe,yes,BF,BF,912,91.0,,,,
912_7mo,1.6061923464631045,40.33301206487399,58.04270158908552,0.0180939995773901,HeppnerN_2024,GER,Europe,yes,BF,BF,912,213.0,,,,
933_12mo,4.8956237542312016,17.66660735720647,44.24464119817596,33.19312769038637,HeppnerN_2024,GER,Europe,yes,C,C,933,365.0,,,,
933_1mo,1.3259503520881022,0.0,11.39844717995064,87.27560246796126,HeppnerN_2024,GER,Europe,yes,C,C,933,30.0,,,,
933_24mo,97.02929188080712,0.1863338312362338,2.4820881541304844,0.3022861338261728,HeppnerN_2024,GER,Europe,yes,C,infant_at_24mo,933,730.0,,,,
933_3mo,1.1012089459048058,4.973754079734401,1.4750912297005978,92.4499457446602,HeppnerN_2024,GER,Europe,yes,C,C,933,91.0,,,,
933_7mo,2.4340635919891995,12.534952559506918,26.4491049176396,58.581878930864285,HeppnerN_2024,GER,Europe,yes,C,C,933,213.0,,,,
960_12mo,17.61379606031013,46.94233380177691,35.44387013791297,0.0,HeppnerN_2024,GER,Europe,yes,A,A,960,365.0,,,,
960_1mo,0.4925642407075656,37.62584347207882,0.6237250034540853,61.25786728375952,HeppnerN_2024,GER,Europe,yes,A,A,960,30.0,,,,
960_24mo,72.7016520252655,23.53492485694108,3.737682412498103,0.025740705295325,HeppnerN_2024,GER,Europe,yes,A,infant_at_24mo,960,730.0,,,,
960_3mo,0.6725319535068792,16.99666150148324,0.7201468033553204,81.61065974165456,HeppnerN_2024,GER,Europe,yes,A,A,960,91.0,,,,
960_7mo,3.210041127146148,10.1386580004301,43.58995637435073,43.06134449807303,HeppnerN_2024,GER,Europe,yes,A,A,960,213.0,,,,
968_12mo,55.00240674885576,0.0,42.01094240815971,2.986650842984534,HeppnerN_2024,GER,Europe,yes,B,B,968,365.0,,,,
968_1mo,1.248352162341107,0.0,11.632136316354872,87.11951152130403,HeppnerN_2024,GER,Europe,yes,B,B,968,30.0,,,,
968_24mo,65.3919860410665,0.0,34.6080139589335,0.0,HeppnerN_2024,GER,Europe,yes,B,infant_at_24mo,968,730.0,,,,
968_3mo,1.09051519061627,0.0,63.27873776540305,35.63074704398068,HeppnerN_2024,GER,Europe,yes,B,B,968,91.0,,,,
968_7mo,36.44466783820788,0.0,61.72662536987098,1.828706791921151,HeppnerN_2024,GER,Europe,yes,B,B,968,213.0,,,,
975_12mo,100.0,0.0,0.0,0.0,HeppnerN_2024,GER,Europe,yes,A,A,975,365.0,,,,
975_1mo,0.0,65.87397206120467,34.12602793879533,0.0,HeppnerN_2024,GER,Europe,yes,A,A,975,30.0,,,,
975_24mo,93.66353927537678,5.915261004092224,0.4211997205309911,0.0,HeppnerN_2024,GER,Europe,yes,A,infant_at_24mo,975,730.0,,,,
975_3mo,1.5084399747286403,24.9103071682087,29.40734384286846,44.173909014194194,HeppnerN_2024,GER,Europe,yes,A,A,975,91.0,,,,
975_7mo,32.945477028456374,3.95474236473653,55.82136489919324,7.278415707613858,HeppnerN_2024,GER,Europe,yes,A,A,975,213.0,,,,
981_12mo,43.04557391947788,47.9041653109946,8.50991390967586,0.5403468598516517,HeppnerN_2024,GER,Europe,yes,D,D,981,365.0,,,,
981_1mo,5.879307647452035,0.0442252820970233,47.79028682770629,46.28618024274465,HeppnerN_2024,GER,Europe,yes,D,D,981,30.0,,,,
981_24mo,59.01378682505515,36.14618400061046,4.840029174334394,0.0,HeppnerN_2024,GER,Europe,yes,D,infant_at_24mo,981,730.0,,,,
981_3mo,6.636213974840913,6.864696317311332,63.72856176861277,22.770527939234995,HeppnerN_2024,GER,Europe,yes,D,D,981,91.0,,,,
981_7mo,0.0026197926071524,0.0,99.99738020739288,0.0,HeppnerN_2024,GER,Europe,yes,D,D,981,213.0,,,,
999_12mo,73.26400784709537,0.0,26.73599215290464,0.0,HeppnerN_2024,GER,Europe,yes,C,C,999,365.0,,,,
999_1mo,0.9730288766516018,0.0,9.748763998351174,89.27820712499722,HeppnerN_2024,GER,Europe,yes,C,BF,999,30.0,,,,
999_24mo,65.57105560534623,32.54393484783541,1.8850095468183767,0.0,HeppnerN_2024,GER,Europe,yes,C,infant_at_24mo,999,730.0,,,,
999_3mo,1.6840692606929095,0.0,0.1047392494235806,98.2111914898835,HeppnerN_2024,GER,Europe,yes,C,BF,999,91.0,,,,
999_7mo,4.817914086426205,0.0,3.0457194452344467,92.13636646833936,HeppnerN_2024,GER,Europe,yes,C,C,999,213.0,,,,
C16-20011-GH,100.0,0.0,0.0,0.0,TettAJ_2019_b,GHA,Africa,no,,,C16-10025-GH_S1,,,,,
C16-20247-GH,2.7391,97.2609,0.0,0.0,TettAJ_2019_b,GHA,Africa,no,,,C16-10312-GH_S5,,,,,
C16-20557-TZ,47.06354,11.46985,41.35853,0.10808,TettAJ_2019_a,TZA,Africa,no,,,C16-10321-TZ_S1,,,,,
C16-20651-TZ,1.43576,44.58159,3.32061,50.66204,TettAJ_2019_a,TZA,Africa,no,,,C16-10463-TZ_U2,,,,,
CM_A01_I1_18,0.20577,97.20502,2.52329,0.06592,TettAJ_2019_c,ETH,Africa,no,,,CM_A01_I1,,,,,
CM_A04_I1_18,0.73923,97.72664,0.15745,1.37669,TettAJ_2019_c,ETH,Africa,no,,,CM_A04_I1,,,,,
CM_A06_I1_18,0.0,0.0,0.0,0.0,TettAJ_2019_c,ETH,Africa,no,,,CM_A06_I1,,,,,
CM_D03_I12_18,0.0,0.0,0.0,0.0,TettAJ_2019_c,ETH,Africa,no,,,CM_D03_I12,,,,,
CM_D04_I1_18,100.0,0.0,0.0,0.0,TettAJ_2019_c,ETH,Africa,no,,,CM_D04_I1,,,,,
CM_D06_I1_18,0.0,0.0,0.0,0.0,TettAJ_2019_c,ETH,Africa,no,,,CM_D06_I1,,,,,
CM_D07_I1_18,25.22779,48.0448,25.67755,1.04986,TettAJ_2019_c,ETH,Africa,no,,,CM_D07_I1,,,,,
CM_D10_I1_18,86.66324,0.0,3.8552,9.48156,TettAJ_2019_c,ETH,Africa,no,,,CM_D10_I1,,,,,
CM_D11_I1_18,97.11534,1.99243,0.0,0.89223,TettAJ_2019_c,ETH,Africa,no,,,CM_D11_I1,,,,,
CM_D13_I1_18,30.96893,8.35034,0.03608,60.64465,TettAJ_2019_c,ETH,Africa,no,,,CM_D13_I1,,,,,
CM_D21B_I12_18,1.65506,0.0,0.0987,98.24624,TettAJ_2019_c,ETH,Africa,no,,,CM_D21B_I12,,,,,
CM_D21_I1_18,98.93028,0.0,0.0,1.06972,TettAJ_2019_c,ETH,Africa,no,,,CM_D21_I1,,,,,
CM_D26AB_I1_18,0.0,0.0,0.0,100.0,TettAJ_2019_c,ETH,Africa,no,,,CM_D26AB_I1,,,,,
CM_D26A_I13_18,95.70288,0.0,0.0,4.29712,TettAJ_2019_c,ETH,Africa,no,,,CM_D26A_I13,,,,,
CM_D26K_I12_18,2.10874,6.46017,0.47798,90.95312,TettAJ_2019_c,ETH,Africa,no,,,CM_D26K_I12,,,,,
CM_D33_I1_18,2.42362,2.76509,0.45565,94.35564,TettAJ_2019_c,ETH,Africa,no,,,CM_D33_I1,,,,,
CM_D39_I1_18,14.89881,82.65078,2.29244,0.15797,TettAJ_2019_c,ETH,Africa,no,,,CM_D39_I1,,,,,
CM_D40_I1_18,7.22091,25.60677,2.42033,64.752,TettAJ_2019_c,ETH,Africa,no,,,CM_D40_I1,,,,,
CM_D43_I1_18,8.54921,16.23426,0.0,75.21653,TettAJ_2019_c,ETH,Africa,no,,,CM_D43_I1,,,,,
CM_D50_I1_18,5.37032,11.55417,50.70346,32.37205,TettAJ_2019_c,ETH,Africa,no,,,CM_D50_I1,,,,,
DHAK_HV,45.52977,54.47023,0.0,0.0,DhakanDB_2019,IND,Asia,yes,,,DHAK_HV,180.0,,,,
DHAK_HW,0.0,0.0,0.0,0.0,DhakanDB_2019,IND,Asia,yes,,,DHAK_HW,180.0,,,,
DHAK_HY,3.78874,6.89423,57.06986,32.24717,DhakanDB_2019,IND,Asia,yes,,,DHAK_HY,240.0,,,,
G69146,91.97765,8.02235,0.0,0.0,VatanenT_2016,RUS,Europe,yes,,,P018832,,,,,
G69147,0.0,100.0,0.0,0.0,VatanenT_2016,RUS,Europe,yes,,,P017743,173.0,,,,
G69148,38.90386,61.09614,0.0,0.0,VatanenT_2016,RUS,Europe,yes,,,P011108,,,,,
G69149,54.34815,45.19429,0.03241,0.42515,VatanenT_2016,RUS,Europe,yes,,,P013823,347.0,,,,
G69150,27.35623,72.64377,0.0,0.0,VatanenT_2016,RUS,Europe,yes,,,P011108,342.0,,,,
G69152,56.04867,0.0,6.80918,37.14215,VatanenT_2016,EST,Europe,yes,,,T022883,292.0,,,,
G69153,46.22083,52.8019,0.97727,0.0,VatanenT_2016,EST,Europe,yes,,,T006288,,,,,
G69154,30.40686,46.67281,22.89777,0.02255,VatanenT_2016,EST,Europe,yes,,,T003950,,,,,
G69155,28.41077,15.0104,56.57882,0.0,VatanenT_2016,EST,Europe,yes,,,T020231,302.0,,,,
G69156,0.07675,63.33435,36.55277,0.03613,VatanenT_2016,RUS,Europe,yes,,,P014839,326.0,,,,
G69157,96.0139,2.56293,1.20397,0.2192,VatanenT_2016,RUS,Europe,yes,,,P000648,,,,,
G69158,64.90456,35.09544,0.0,0.0,VatanenT_2016,RUS,Europe,yes,,,P015091,278.0,,,,
G69159,74.16362,0.0,25.83638,0.0,VatanenT_2016,RUS,Europe,yes,,,P006862,,,,,
G69160,98.3779,0.04346,1.50912,0.06952,VatanenT_2016,RUS,Europe,yes,,,P006862,,,,,
G69161,26.97443,11.05835,61.90879,0.05843,VatanenT_2016,RUS,Europe,yes,,,P003558,213.0,,,,
G69162,6.2975,1.29807,92.40266,0.00177,VatanenT_2016,RUS,Europe,yes,,,P003558,273.0,,,,
G69163,86.89927,0.0,13.10073,0.0,VatanenT_2016,RUS,Europe,yes,,,P003558,341.0,,,,
G69164,42.52111,21.33255,36.14634,0.0,VatanenT_2016,RUS,Europe,yes,,,P013960,,,,,
G69170,96.15307,0.0,1.60757,2.23936,VatanenT_2016,EST,Europe,yes,,,T022883,,,,,
G69176,100.0,0.0,0.0,0.0,VatanenT_2016,EST,Europe,yes,,,T016812,,,,,
G69179,15.95529,61.84236,22.20236,0.0,VatanenT_2016,FIN,Europe,yes,,,E033036,318.0,,,,
G69180,100.0,0.0,0.0,0.0,VatanenT_2016,RUS,Europe,yes,,,P017255,345.0,,,,
G69181,1.63616,15.88246,37.30209,45.17929,VatanenT_2016,RUS,Europe,yes,,,P015163,175.0,,,,
G69182,100.0,0.0,0.0,0.0,VatanenT_2016,RUS,Europe,yes,,,P022384,,,,,
G69183,100.0,0.0,0.0,0.0,VatanenT_2016,EST,Europe,yes,,,T005999,,,,,
G69184,89.03257,7.48537,0.0,3.48206,VatanenT_2016,EST,Europe,yes,,,T016812,,,,,
G69185,100.0,0.0,0.0,0.0,VatanenT_2016,EST,Europe,yes,,,T020231,,,,,
G69186,30.17111,66.76073,1.96682,1.10134,VatanenT_2016,RUS,Europe,yes,,,P015163,,,,,
G69187,3.68568,4.04166,0.9723,91.30035,VatanenT_2016,FIN,Europe,yes,,,E012678,130.0,,,,
G69188,100.0,0.0,0.0,0.0,VatanenT_2016,FIN,Europe,yes,,,E018421,,,,,
G69189,38.08553,61.88531,0.02916,0.0,VatanenT_2016,RUS,Europe,yes,,,P015656,144.0,,,,
G69190,53.58933,46.09427,0.19742,0.11897,VatanenT_2016,RUS,Europe,yes,,,P009291,139.0,,,,
G69191,55.52145,25.74309,18.73546,0.0,VatanenT_2016,FIN,Europe,yes,,,E015991,,,,,
G69195,4.1795,0.0,33.90933,61.91117,VatanenT_2016,RUS,Europe,yes,,,P014839,,,,,
G69196,66.45101,27.88982,5.19113,0.46805,VatanenT_2016,RUS,Europe,yes,,,P015091,,,,,
G69197,27.17245,72.82755,0.0,0.0,VatanenT_2016,RUS,Europe,yes,,,P020861,,,,,
G69198,0.0,100.0,0.0,0.0,VatanenT_2016,RUS,Europe,yes,,,P017743,312.0,,,,
G69199,7.38181,16.82462,34.78558,41.00799,VatanenT_2016,RUS,Europe,yes,,,P022384,,,,,
G69201,57.21397,42.78603,0.0,0.0,VatanenT_2016,RUS,Europe,yes,,,P018832,358.0,,,,
G69203,0.36442,99.63558,0.0,0.0,VatanenT_2016,RUS,Europe,yes,,,P008543,276.0,,,,
G69204,85.46445,14.53555,0.0,0.0,VatanenT_2016,RUS,Europe,yes,,,P000648,,,,,
G69205,2.97274,0.0,0.02327,97.00399,VatanenT_2016,RUS,Europe,yes,,,P009880,162.0,,,,
G69206,89.20553,4.59385,6.20062,0.0,VatanenT_2016,FIN,Europe,yes,,,E012678,,,,,
G69208,95.3338,0.10288,4.56333,0.0,VatanenT_2016,RUS,Europe,yes,,,P010096,,,,,
G69210,96.17596,3.72543,0.08785,0.01076,VatanenT_2016,RUS,Europe,yes,,,P005135,131.0,,,,
G69211,0.0,0.0,0.0,0.0,VatanenT_2016,RUS,Europe,yes,,,P008543,,,,,
G69212,39.35039,0.0,0.0,60.64961,VatanenT_2016,RUS,Europe,yes,,,P008543,,,,,
G69213,50.53743,48.658,0.76292,0.04165,VatanenT_2016,RUS,Europe,yes,,,P009746,,,,,
G69214,40.17492,59.82508,0.0,0.0,VatanenT_2016,RUS,Europe,yes,,,P018832,,,,,
G69215,38.23479,61.67797,0.0,0.08725,VatanenT_2016,RUS,Europe,yes,,,P013823,,,,,
G69216,85.11356,14.85138,0.0,0.03505,VatanenT_2016,RUS,Europe,yes,,,P010096,,,,,
G69217,79.18167,20.81001,0.00832,0.0,VatanenT_2016,RUS,Europe,yes,,,P009746,103.0,,,,
G69218,59.19429,28.24326,12.56245,0.0,VatanenT_2016,EST,Europe,yes,,,T019850,,,,,
G69219,100.0,0.0,0.0,0.0,VatanenT_2016,EST,Europe,yes,,,T020231,,,,,
G69221,0.06556,9.40661,90.52784,0.0,VatanenT_2016,RUS,Europe,yes,,,P009291,359.0,,,,
G69223,16.55817,21.84336,61.59604,0.00243,VatanenT_2016,RUS,Europe,yes,,,P008579,349.0,,,,
G69224,1.89511,16.37371,42.81096,38.92021,VatanenT_2016,RUS,Europe,yes,,,P015163,328.0,,,,
G69227,7.58287,5.66729,49.04243,37.70742,VatanenT_2016,FIN,Europe,yes,,,E012678,314.0,,,,
G69228,100.0,0.0,0.0,0.0,VatanenT_2016,EST,Europe,yes,,,T029687,,,,,
G69229,0.14417,98.6234,0.68667,0.54576,VatanenT_2016,RUS,Europe,yes,,,P018832,169.0,,,,
G69232,2.40829,14.06887,43.16387,40.35898,VatanenT_2016,RUS,Europe,yes,,,P014839,,,,,
G69235,35.5417,64.43113,0.01447,0.0127,VatanenT_2016,RUS,Europe,yes,,,P008579,158.0,,,,
G69236,44.69329,11.38947,43.91724,0.0,VatanenT_2016,RUS,Europe,yes,,,P001307,,,,,
G69238,20.71984,21.88929,57.39087,0.0,VatanenT_2016,EST,Europe,yes,,,T019850,312.0,,,,
G78487,83.2206,3.28151,13.49789,0.0,VatanenT_2016,EST,Europe,yes,,,T013832,,,,,
G78495,100.0,0.0,0.0,0.0,VatanenT_2016,RUS,Europe,yes,,,P013960,,,,,
G78498,13.96609,13.379,16.16674,56.48816,VatanenT_2016,RUS,Europe,yes,,,P009219,,,,,
G78499,19.23259,80.55526,0.16788,0.04427,VatanenT_2016,RUS,Europe,yes,,,P013823,,,,,
G78507,71.79331,0.03739,5.42652,22.74278,VatanenT_2016,EST,Europe,yes,,,T022883,229.0,,,,
G78510,59.12399,40.87601,0.0,0.0,VatanenT_2016,EST,Europe,yes,,,T017394,,,,,
G78511,80.90469,19.09531,0.0,0.0,VatanenT_2016,EST,Europe,yes,,,T007750,,,,,
G78512,42.32867,25.5972,32.04128,0.03286,VatanenT_2016,EST,Europe,yes,,,T003950,,,,,
G78515,75.37792,0.0,24.62208,0.0,VatanenT_2016,EST,Europe,yes,,,T012977,,,,,
G78516,64.52045,23.52453,11.95502,0.0,VatanenT_2016,EST,Europe,yes,,,T017419,,,,,
G78518,30.63779,69.29328,0.06581,0.00313,VatanenT_2016,EST,Europe,yes,,,T008246,,,,,
G78519,95.05026,4.94974,0.0,0.0,VatanenT_2016,EST,Europe,yes,,,T008025,,,,,
G78520,58.02422,41.97578,0.0,0.0,VatanenT_2016,EST,Europe,yes,,,T017394,,,,,
G78522,97.47968,1.07302,1.44731,0.0,VatanenT_2016,FIN,Europe,yes,,,E007303,,,,,
G78523,56.69893,43.08033,0.22074,0.0,VatanenT_2016,FIN,Europe,yes,,,E007303,,,,,
G78526,77.46086,6.40523,16.13391,0.0,VatanenT_2016,FIN,Europe,yes,,,E016870,,,,,
G78529,6.56849,35.37424,58.01662,0.04066,VatanenT_2016,EST,Europe,yes,,,T019853,217.0,,,,
G78530,84.59223,13.61757,1.70134,0.08887,VatanenT_2016,EST,Europe,yes,,,T010532,,,,,
G78531,89.39813,0.0,9.32354,1.27832,VatanenT_2016,EST,Europe,yes,,,T020231,210.0,,,,
G78533,56.13039,37.01532,6.85429,0.0,VatanenT_2016,FIN,Europe,yes,,,E008437,,,,,
G78534,86.31533,7.72033,4.85261,1.11173,VatanenT_2016,FIN,Europe,yes,,,E008643,,,,,
G78537,33.03647,66.08953,0.68137,0.19263,VatanenT_2016,RUS,Europe,yes,,,P016497,,,,,
G78539,65.13222,32.92586,1.93462,0.0073,VatanenT_2016,RUS,Europe,yes,,,P013701,,,,,
G78541,20.86638,78.8867,0.0,0.24692,VatanenT_2016,RUS,Europe,yes,,,P001307,,,,,
G78542,96.85789,3.07724,0.06152,0.00336,VatanenT_2016,RUS,Europe,yes,,,P004230,,,,,
G78543,83.84821,16.00675,0.10894,0.03609,VatanenT_2016,RUS,Europe,yes,,,P004230,,,,,
G78544,0.61908,26.01726,73.32182,0.04185,VatanenT_2016,RUS,Europe,yes,,,P014839,286.0,,,,
G78545,8.06203,91.93797,0.0,0.0,VatanenT_2016,RUS,Europe,yes,,,P001307,,,,,
G78546,67.35131,26.91937,2.00234,3.72699,VatanenT_2016,RUS,Europe,yes,,,P015091,248.0,,,,
G78548,91.48641,8.51359,0.0,0.0,VatanenT_2016,RUS,Europe,yes,,,P021772,,,,,
G78550,99.79251,0.0,0.20749,0.0,VatanenT_2016,RUS,Europe,yes,,,P013960,,,,,
G78551,26.82933,35.80331,0.02169,37.34567,VatanenT_2016,RUS,Europe,yes,,,P004113,,,,,
G78552,19.29449,44.1008,0.05033,36.55438,VatanenT_2016,RUS,Europe,yes,,,P004113,,,,,
G78553,3.28656,96.71344,0.0,0.0,VatanenT_2016,RUS,Europe,yes,,,P022384,,,,,
G78556,100.0,0.0,0.0,0.0,VatanenT_2016,EST,Europe,yes,,,T021076,,,,,
G78557,100.0,0.0,0.0,0.0,VatanenT_2016,EST,Europe,yes,,,T012121,,,,,
G78558,0.10938,99.88659,0.0,0.00403,VatanenT_2016,RUS,Europe,yes,,,P014713,192.0,,,,
G78559,2.1418,4.74613,1.5065,91.60556,VatanenT_2016,RUS,Europe,yes,,,P009219,243.0,,,,
G78561,46.13742,53.5343,0.32828,0.0,VatanenT_2016,RUS,Europe,yes,,,P013701,207.0,,,,
G78562,86.97915,12.35118,0.09333,0.57634,VatanenT_2016,RUS,Europe,yes,,,P003435,343.0,,,,
G78563,54.30489,45.69511,0.0,0.0,VatanenT_2016,RUS,Europe,yes,,,P004230,285.0,,,,
G78564,0.07851,99.92149,0.0,0.0,VatanenT_2016,RUS,Europe,yes,,,P001363,,,,,
G78565,98.78581,0.76382,0.35463,0.09574,VatanenT_2016,RUS,Europe,yes,,,P016803,,,,,
G78566,32.87061,67.12939,0.0,0.0,VatanenT_2016,RUS,Europe,yes,,,P018832,,,,,
G78568,9.29552,90.66781,0.0304,0.00627,VatanenT_2016,RUS,Europe,yes,,,P020604,,,,,
G78570,98.05748,1.27577,0.56479,0.10196,VatanenT_2016,RUS,Europe,yes,,,P021343,,,,,
G78571,100.0,0.0,0.0,0.0,VatanenT_2016,RUS,Europe,yes,,,P021343,,,,,
G78572,0.0,100.0,0.0,0.0,VatanenT_2016,RUS,Europe,yes,,,P022384,,,,,
G78575,100.0,0.0,0.0,0.0,VatanenT_2016,FIN,Europe,yes,,,E025912,,,,,
G78576,100.0,0.0,0.0,0.0,VatanenT_2016,EST,Europe,yes,,,T014801,,,,,
G78577,100.0,0.0,0.0,0.0,VatanenT_2016,EST,Europe,yes,,,T005999,,,,,
G78578,87.58003,10.50153,1.91845,0.0,VatanenT_2016,EST,Europe,yes,,,T013431,,,,,
G78581,36.34573,63.52431,0.12996,0.0,VatanenT_2016,FIN,Europe,yes,,,E025921,,,,,
G78585,44.47744,53.07283,2.36637,0.08336,VatanenT_2016,FIN,Europe,yes,,,E032745,213.0,,,,
G78586,95.58887,0.0,0.0,4.41113,VatanenT_2016,FIN,Europe,yes,,,E007743,,,,,
G78587,97.37484,0.0,0.22053,2.40463,VatanenT_2016,FIN,Europe,yes,,,E007743,,,,,
G78589,100.0,0.0,0.0,0.0,VatanenT_2016,FIN,Europe,yes,,,E031941,214.0,,,,
G78591,59.69104,40.14408,0.14984,0.01504,VatanenT_2016,EST,Europe,yes,,,T028029,320.0,,,,
G78592,99.91151,0.01022,0.0529,0.02538,VatanenT_2016,EST,Europe,yes,,,T023909,203.0,,,,
G78593,99.93905,0.0,0.06095,0.0,VatanenT_2016,EST,Europe,yes,,,T023909,311.0,,,,
G78594,90.37853,0.01412,4.29458,5.31277,VatanenT_2016,EST,Europe,yes,,,T022883,,,,,
G78595,28.42644,70.65629,0.91727,0.0,VatanenT_2016,EST,Europe,yes,,,T012374,,,,,
G78596,1.34583,25.6594,37.38124,35.61352,VatanenT_2016,EST,Europe,yes,,,T019031,,,,,
G78597,23.84514,65.61791,10.53695,0.0,VatanenT_2016,EST,Europe,yes,,,T019031,,,,,
G78598,24.85845,74.78708,0.35448,0.0,VatanenT_2016,FIN,Europe,yes,,,E022083,,,,,
G78602,97.08065,0.0,2.91935,0.0,VatanenT_2016,EST,Europe,yes,,,T012312,,,,,
G78604,95.13518,0.0,4.86482,0.0,VatanenT_2016,FIN,Europe,yes,,,E017049,,,,,
G78605,98.45746,0.24458,1.29796,0.0,VatanenT_2016,FIN,Europe,yes,,,E017049,,,,,
G78606,7.89805,0.0,0.89891,91.20304,VatanenT_2016,FIN,Europe,yes,,,E030933,,,,,
G78608,0.0,0.0,0.0,0.0,VatanenT_2016,FIN,Europe,yes,,,E030933,,,,,
G78611,100.0,0.0,0.0,0.0,VatanenT_2016,FIN,Europe,yes,,,E029796,,,,,
G78615,89.94286,0.0,10.05714,0.0,VatanenT_2016,FIN,Europe,yes,,,E012393,,,,,
G78618,100.0,0.0,0.0,0.0,VatanenT_2016,EST,Europe,yes,,,T010532,,,,,
G78620,100.0,0.0,0.0,0.0,VatanenT_2016,FIN,Europe,yes,,,E025912,,,,,
G78621,100.0,0.0,0.0,0.0,VatanenT_2016,FIN,Europe,yes,,,E025912,,,,,
G78622,100.0,0.0,0.0,0.0,VatanenT_2016,FIN,Europe,yes,,,E026343,,,,,
G78625,99.38239,0.45336,0.16425,0.0,VatanenT_2016,EST,Europe,yes,,,T025415,,,,,
G78627,45.24391,49.78263,4.97346,0.0,VatanenT_2016,FIN,Europe,yes,,,E018574,,,,,
G78628,32.80832,33.45733,33.73121,0.00314,VatanenT_2016,FIN,Europe,yes,,,E018574,,,,,
G78630,20.46463,79.53537,0.0,0.0,VatanenT_2016,EST,Europe,yes,,,T026211,,,,,
G78637,98.63345,0.0,0.0,1.36655,VatanenT_2016,RUS,Europe,yes,,,P023918,289.0,,,,
G78638,100.0,0.0,0.0,0.0,VatanenT_2016,RUS,Europe,yes,,,P023918,341.0,,,,
G78640,29.36936,24.13108,7.7373,38.76226,VatanenT_2016,RUS,Europe,yes,,,P022222,,,,,
G78642,43.26827,56.26768,0.46405,0.0,VatanenT_2016,RUS,Europe,yes,,,P026562,340.0,,,,
G78644,22.97407,76.95988,0.05992,0.00613,VatanenT_2016,RUS,Europe,yes,,,P017255,202.0,,,,
G78645,99.22272,0.70183,0.04252,0.03293,VatanenT_2016,RUS,Europe,yes,,,P017255,299.0,,,,
G78646,100.0,0.0,0.0,0.0,VatanenT_2016,RUS,Europe,yes,,,P010313,184.0,,,,
G78647,0.2315,82.73347,13.81239,3.22263,VatanenT_2016,RUS,Europe,yes,,,P015163,205.0,,,,
G78648,19.20494,0.49613,80.23419,0.06475,VatanenT_2016,RUS,Europe,yes,,,P020604,,,,,
G78649,19.34462,59.25408,21.37965,0.02165,VatanenT_2016,RUS,Europe,yes,,,P020604,,,,,
G78652,36.32973,59.39759,4.27267,0.0,VatanenT_2016,FIN,Europe,yes,,,E032745,,,,,
G78656,83.30267,15.95416,0.74317,0.0,VatanenT_2016,FIN,Europe,yes,,,E030828,,,,,
G78658,3.06822,61.37105,30.73437,4.82636,VatanenT_2016,RUS,Europe,yes,,,P000756,199.0,,,,
G78661,100.0,0.0,0.0,0.0,VatanenT_2016,RUS,Europe,yes,,,P026562,,,,,
G78662,98.5773,1.24055,0.18215,0.0,VatanenT_2016,RUS,Europe,yes,,,P026562,,,,,
G78663,86.81436,12.87219,0.31345,0.0,VatanenT_2016,EST,Europe,yes,,,T014827,,,,,
G78664,100.0,0.0,0.0,0.0,VatanenT_2016,EST,Europe,yes,,,T014800,,,,,
G78665,100.0,0.0,0.0,0.0,VatanenT_2016,EST,Europe,yes,,,T014575,,,,,
G78666,100.0,0.0,0.0,0.0,VatanenT_2016,EST,Europe,yes,,,T011454,,,,,
G78667,13.90863,86.09137,0.0,0.0,VatanenT_2016,EST,Europe,yes,,,T012138,,,,,
G78668,4.98263,82.88526,12.04333,0.08879,VatanenT_2016,EST,Europe,yes,,,T012138,,,,,
G78669,100.0,0.0,0.0,0.0,VatanenT_2016,EST,Europe,yes,,,T020231,,,,,
G78670,40.93963,40.58025,5.84707,12.63306,VatanenT_2016,RUS,Europe,yes,,,P015163,,,,,
G78672,38.14064,61.80081,0.05855,0.0,VatanenT_2016,RUS,Europe,yes,,,P015163,,,,,
G78673,0.40549,1.42694,98.16757,0.0,VatanenT_2016,FIN,Europe,yes,,,E011183,96.0,,,,
G78674,2.73945,14.72005,82.52995,0.01055,VatanenT_2016,FIN,Europe,yes,,,E011183,191.0,,,,
G78675,99.94916,0.04153,0.00931,0.0,VatanenT_2016,FIN,Europe,yes,,,E012115,122.0,,,,
G78676,29.57969,0.0,70.41481,0.00551,VatanenT_2016,FIN,Europe,yes,,,E013394,103.0,,,,
G78677,46.53479,53.46521,0.0,0.0,VatanenT_2016,FIN,Europe,yes,,,E022960,43.0,,,,
G78679,0.67988,0.0,99.32012,0.0,VatanenT_2016,FIN,Europe,yes,,,E020682,113.0,,,,
G78680,15.58993,33.95844,50.41947,0.03216,VatanenT_2016,FIN,Europe,yes,,,E011183,279.0,,,,
G78681,100.0,0.0,0.0,0.0,VatanenT_2016,FIN,Europe,yes,,,E016444,,,,,
G78683,96.78142,3.21858,0.0,0.0,VatanenT_2016,FIN,Europe,yes,,,E029796,,,,,
G78684,53.14465,46.85535,0.0,0.0,VatanenT_2016,FIN,Europe,yes,,,E016681,,,,,
G78685,31.23089,51.03519,17.61373,0.12019,VatanenT_2016,FIN,Europe,yes,,,E017715,,,,,
G78688,99.26142,0.0197,0.30291,0.41596,VatanenT_2016,EST,Europe,yes,,,T025415,243.0,,,,
G78690,38.10268,61.81194,0.00722,0.07817,VatanenT_2016,EST,Europe,yes,,,T026211,299.0,,,,
G78692,63.2934,0.0,36.7066,0.0,VatanenT_2016,FIN,Europe,yes,,,E012393,,,,,
G78694,0.11597,99.87181,0.01221,0.0,VatanenT_2016,RUS,Europe,yes,,,P010322,308.0,,,,
G78696,39.23283,60.64788,0.10759,0.01169,VatanenT_2016,RUS,Europe,yes,,,P004946,296.0,,,,
G78697,100.0,0.0,0.0,0.0,VatanenT_2016,RUS,Europe,yes,,,P004946,334.0,,,,
G78699,56.08184,43.87165,0.04225,0.00425,VatanenT_2016,RUS,Europe,yes,,,P009291,190.0,,,,
G78701,20.13241,79.7605,0.08661,0.02048,VatanenT_2016,RUS,Europe,yes,,,P006035,214.0,,,,
G78706,22.29871,77.59279,0.08148,0.02702,VatanenT_2016,RUS,Europe,yes,,,P007857,303.0,,,,
G78707,68.44237,31.4863,0.04124,0.03009,VatanenT_2016,RUS,Europe,yes,,,P008579,262.0,,,,
G78710,23.84334,76.15666,0.0,0.0,VatanenT_2016,FIN,Europe,yes,,,E023681,,,,,
G78712,100.0,0.0,0.0,0.0,VatanenT_2016,EST,Europe,yes,,,T021076,,,,,
G78714,99.2962,0.7038,0.0,0.0,VatanenT_2016,EST,Europe,yes,,,T003353,,,,,
G78715,96.45935,0.0,3.40505,0.1356,VatanenT_2016,FIN,Europe,yes,,,E019793,,,,,
G78716,29.04694,0.0,69.06895,1.88412,VatanenT_2016,FIN,Europe,yes,,,E034324,,,,,
G78721,55.83328,41.89483,2.27188,0.0,VatanenT_2016,FIN,Europe,yes,,,E015991,,,,,
G78727,64.94543,34.8871,0.14272,0.02475,VatanenT_2016,RUS,Europe,yes,,,P005558,,,,,
G78730,3.46118,46.13138,3.7131,46.69434,VatanenT_2016,RUS,Europe,yes,,,P014839,,,,,
G78732,84.66894,15.33106,0.0,0.0,VatanenT_2016,RUS,Europe,yes,,,P019854,,,,,
G78733,73.67392,22.31405,4.01204,0.0,VatanenT_2016,RUS,Europe,yes,,,P016574,,,,,
G78734,49.61144,25.0734,12.09529,13.21987,VatanenT_2016,RUS,Europe,yes,,,P015091,,,,,
G78735,49.14783,50.85217,0.0,0.0,VatanenT_2016,RUS,Europe,yes,,,P020861,,,,,
G78738,64.76925,35.17114,0.05879,0.00082,VatanenT_2016,RUS,Europe,yes,,,P022130,,,,,
G78739,41.35282,58.62124,0.02594,0.0,VatanenT_2016,RUS,Europe,yes,,,P022130,,,,,
G78740,47.98872,52.01128,0.0,0.0,VatanenT_2016,RUS,Europe,yes,,,P022384,,,,,
G78741,74.15844,23.80267,2.03888,0.0,VatanenT_2016,RUS,Europe,yes,,,P022384,,,,,
G78742,100.0,0.0,0.0,0.0,VatanenT_2016,RUS,Europe,yes,,,P016803,,,,,
G78743,100.0,0.0,0.0,0.0,VatanenT_2016,RUS,Europe,yes,,,P016803,,,,,
G78744,100.0,0.0,0.0,0.0,VatanenT_2016,RUS,Europe,yes,,,P019980,,,,,
G78746,99.32455,0.0,0.67545,0.0,VatanenT_2016,RUS,Europe,yes,,,P020604,,,,,
G78747,99.38797,0.0,0.61203,0.0,VatanenT_2016,RUS,Europe,yes,,,P016574,,,,,
G78750,68.97255,31.02745,0.0,0.0,VatanenT_2016,RUS,Europe,yes,,,P006035,,,,,
G78751,55.59,44.41,0.0,0.0,VatanenT_2016,RUS,Europe,yes,,,P018832,292.0,,,,
G78757,21.298,21.12596,33.28126,24.29478,VatanenT_2016,RUS,Europe,yes,,,P000756,241.0,,,,
G78758,46.25532,53.3938,0.10088,0.24999,VatanenT_2016,RUS,Europe,yes,,,P011207,289.0,,,,
G78762,33.40218,66.5508,0.0,0.04702,VatanenT_2016,RUS,Europe,yes,,,P007857,208.0,,,,
G78766,99.68987,0.189,0.04565,0.07548,VatanenT_2016,RUS,Europe,yes,,,P004113,91.0,,,,
G78770,99.89288,0.02858,0.06346,0.01507,VatanenT_2016,FIN,Europe,yes,,,E023705,212.0,,,,
G78774,93.61202,0.0,6.38798,0.0,VatanenT_2016,FIN,Europe,yes,,,E012115,,,,,
G78776,99.49504,0.06005,0.42199,0.02292,VatanenT_2016,FIN,Europe,yes,,,E034885,206.0,,,,
G78777,100.0,0.0,0.0,0.0,VatanenT_2016,RUS,Europe,yes,,,P010096,,,,,
G78780,68.07763,31.09101,0.23114,0.60022,VatanenT_2016,RUS,Europe,yes,,,P003435,218.0,,,,
G78782,0.0,100.0,0.0,0.0,VatanenT_2016,RUS,Europe,yes,,,P001363,184.0,,,,
G78783,17.28817,34.37749,3.3478,44.98654,VatanenT_2016,RUS,Europe,yes,,,P000648,154.0,,,,
G78787,12.72341,87.00249,0.09322,0.18088,VatanenT_2016,RUS,Europe,yes,,,P013454,265.0,,,,
G78788,45.65315,11.68675,0.0,42.6601,VatanenT_2016,RUS,Europe,yes,,,P022222,217.0,,,,
G78789,99.63004,0.36996,0.0,0.0,VatanenT_2016,RUS,Europe,yes,,,P022222,276.0,,,,
G78790,76.04354,10.97761,12.97885,0.0,VatanenT_2016,RUS,Europe,yes,,,P016803,349.0,,,,
G78791,5.78,94.22,0.0,0.0,VatanenT_2016,RUS,Europe,yes,,,P014713,,,,,
G78792,99.14728,0.0,0.85272,0.0,VatanenT_2016,RUS,Europe,yes,,,P008723,,,,,
G78793,0.04755,99.95245,0.0,0.0,VatanenT_2016,RUS,Europe,yes,,,P014605,242.0,,,,
G78794,0.37596,99.62404,0.0,0.0,VatanenT_2016,RUS,Europe,yes,,,P020604,284.0,,,,
G78795,12.48519,87.51481,0.0,0.0,VatanenT_2016,RUS,Europe,yes,,,P020604,341.0,,,,
G78796,2.28448,20.16236,77.54538,0.00779,VatanenT_2016,RUS,Europe,yes,,,P019222,296.0,,,,
G78797,82.90489,16.71669,0.37842,0.0,VatanenT_2016,RUS,Europe,yes,,,P016574,,,,,
G78798,28.58308,35.50568,0.02805,35.8832,VatanenT_2016,RUS,Europe,yes,,,P017671,,,,,
G78799,44.92221,25.98505,0.10182,28.99092,VatanenT_2016,RUS,Europe,yes,,,P017671,,,,,
G78801,0.17471,38.70741,61.11404,0.00384,VatanenT_2016,RUS,Europe,yes,,,P014839,,,,,
G78802,24.00744,75.99256,0.0,0.0,VatanenT_2016,RUS,Europe,yes,,,P022222,339.0,,,,
G78808,30.35195,69.64805,0.0,0.0,VatanenT_2016,RUS,Europe,yes,,,P018832,,,,,
G78809,45.50279,54.49721,0.0,0.0,VatanenT_2016,RUS,Europe,yes,,,P018832,,,,,
G78810,14.2059,85.6854,0.03575,0.07295,VatanenT_2016,RUS,Europe,yes,,,P017671,,,,,
G78815,0.08554,4.97143,94.88156,0.06147,VatanenT_2016,RUS,Europe,yes,,,P009291,299.0,,,,
G78817,57.92203,42.07797,0.0,0.0,VatanenT_2016,RUS,Europe,yes,,,P005558,227.0,,,,
G78824,100.0,0.0,0.0,0.0,VatanenT_2016,EST,Europe,yes,,,T010532,,,,,
G78825,62.09705,37.56147,0.32632,0.01516,VatanenT_2016,EST,Europe,yes,,,T016548,,,,,
G78826,98.01073,0.0,1.98927,0.0,VatanenT_2016,FIN,Europe,yes,,,E004781,,,,,
G78829,99.94909,0.0,0.0,0.05091,VatanenT_2016,EST,Europe,yes,,,T023909,,,,,
G78830,6.73627,28.33717,64.92656,0.0,VatanenT_2016,EST,Europe,yes,,,T023390,310.0,,,,
G78831,56.33689,43.61755,0.04557,0.0,VatanenT_2016,EST,Europe,yes,,,T014806,,,,,
G78832,17.93703,45.06932,36.94886,0.04479,VatanenT_2016,FIN,Europe,yes,,,E019187,,,,,
G78836,43.11462,0.87074,56.01463,0.0,VatanenT_2016,FIN,Europe,yes,,,E033156,320.0,,,,
G78837,27.52153,0.0,71.23332,1.24515,VatanenT_2016,FIN,Europe,yes,,,E033156,259.0,,,,
G78838,79.13447,10.62765,10.23788,0.0,VatanenT_2016,FIN,Europe,yes,,,E020781,,,,,
G78840,13.24879,0.0,86.65961,0.0916,VatanenT_2016,FIN,Europe,yes,,,E012124,86.0,,,,
G78841,100.0,0.0,0.0,0.0,VatanenT_2016,RUS,Europe,yes,,,P000648,,,,,
G78843,73.49692,22.57846,3.26548,0.65914,VatanenT_2016,RUS,Europe,yes,,,P007649,,,,,
G78844,38.08714,48.13652,13.71705,0.05929,VatanenT_2016,RUS,Europe,yes,,,P013701,,,,,
G78845,0.01516,99.96031,0.02453,0.0,VatanenT_2016,RUS,Europe,yes,,,P014713,235.0,,,,
G78847,33.37708,66.58874,0.02903,0.00515,VatanenT_2016,RUS,Europe,yes,,,P013823,264.0,,,,
G78849,0.13455,15.57176,84.28691,0.00678,VatanenT_2016,RUS,Europe,yes,,,P014839,206.0,,,,
G78852,6.62242,0.0,30.60273,62.77485,VatanenT_2016,RUS,Europe,yes,,,P019222,241.0,,,,
G78861,62.26128,37.71206,0.02617,0.0005,VatanenT_2016,RUS,Europe,yes,,,P019475,,,,,
G78862,26.18425,73.76183,0.02538,0.02853,VatanenT_2016,RUS,Europe,yes,,,P013823,179.0,,,,
G78863,25.58453,74.32752,0.05494,0.03301,VatanenT_2016,RUS,Europe,yes,,,P013823,196.0,,,,
G78864,35.70489,63.51577,0.28601,0.49333,VatanenT_2016,RUS,Europe,yes,,,P013823,224.0,,,,
G78865,7.41419,6.5552,8.82824,77.20237,VatanenT_2016,RUS,Europe,yes,,,P000756,348.0,,,,
G78866,11.73634,9.64214,36.27135,42.35017,VatanenT_2016,RUS,Europe,yes,,,P000756,,,,,
G78867,15.28866,8.08364,20.05512,56.57258,VatanenT_2016,RUS,Europe,yes,,,P000756,,,,,
G78868,2.16272,17.08855,15.91348,64.83525,VatanenT_2016,RUS,Europe,yes,,,P009219,,,,,
G78872,66.03839,33.96161,0.0,0.0,VatanenT_2016,FIN,Europe,yes,,,E022960,124.0,,,,
G78873,0.0,0.0,0.0,0.0,VatanenT_2016,FIN,Europe,yes,,,E012115,217.0,,,,
G78875,99.89214,0.00396,0.1039,0.0,VatanenT_2016,FIN,Europe,yes,,,E023705,136.0,,,,
G78877,11.53086,0.20243,88.2667,0.0,VatanenT_2016,FIN,Europe,yes,,,E020682,206.0,,,,
G78878,0.0,0.0,100.0,0.0,VatanenT_2016,FIN,Europe,yes,,,E011183,,,,,
G78879,69.84939,0.0,30.15061,0.0,VatanenT_2016,FIN,Europe,yes,,,E011183,,,,,
G78880,16.86412,82.60812,0.0,0.52776,VatanenT_2016,RUS,Europe,yes,,,P010936,,,,,
G78881,2.25604,0.8532,0.04452,96.84625,VatanenT_2016,RUS,Europe,yes,,,P004113,276.0,,,,
G78882,2.0439,0.00673,0.04263,97.90674,VatanenT_2016,RUS,Europe,yes,,,P004113,316.0,,,,
G78883,2.90417,0.00611,0.05283,97.03689,VatanenT_2016,RUS,Europe,yes,,,P004113,348.0,,,,
G78885,100.0,0.0,0.0,0.0,VatanenT_2016,EST,Europe,yes,,,T003353,,,,,
G78886,64.81027,0.0,35.17307,0.01666,VatanenT_2016,EST,Europe,yes,,,T012983,,,,,
G78889,34.93176,56.24045,8.82779,0.0,VatanenT_2016,EST,Europe,yes,,,T026211,,,,,
G78890,67.15303,32.67255,0.09737,0.07705,VatanenT_2016,RUS,Europe,yes,,,P005558,,,,,
G78891,82.88922,16.97731,0.0,0.13347,VatanenT_2016,RUS,Europe,yes,,,P005558,,,,,
G78893,26.92168,73.03556,0.02771,0.01504,VatanenT_2016,RUS,Europe,yes,,,P026562,186.0,,,,
G78894,31.46623,68.47196,0.05323,0.00859,VatanenT_2016,RUS,Europe,yes,,,P026562,245.0,,,,
G78895,69.84282,27.78899,1.80396,0.56424,VatanenT_2016,RUS,Europe,yes,,,P010936,,,,,
G78897,99.68929,0.00908,0.25537,0.04626,VatanenT_2016,RUS,Europe,yes,,,P000675,,,,,
G78898,85.95158,0.0,14.04842,0.0,VatanenT_2016,FIN,Europe,yes,,,E012678,,,,,
G78899,0.06313,99.38042,0.43091,0.12554,VatanenT_2016,RUS,Europe,yes,,,P005558,92.0,,,,
G78900,16.24083,83.64919,0.02256,0.08742,VatanenT_2016,RUS,Europe,yes,,,P008119,,,,,
G78901,0.25266,96.19843,3.54617,0.00273,VatanenT_2016,RUS,Europe,yes,,,P005558,158.0,,,,
G78902,0.53034,13.07035,86.37965,0.01966,VatanenT_2016,RUS,Europe,yes,,,P014839,122.0,,,,
G78903,0.04848,2.71177,97.23698,0.00276,VatanenT_2016,RUS,Europe,yes,,,P000756,143.0,,,,
G78904,99.88669,0.00312,0.09112,0.01906,VatanenT_2016,RUS,Europe,yes,,,P008633,182.0,,,,
G78905,0.99158,29.45458,56.49559,13.05824,VatanenT_2016,RUS,Europe,yes,,,P015163,144.0,,,,
G78906,99.89603,0.00827,0.09254,0.00317,VatanenT_2016,RUS,Europe,yes,,,P008633,211.0,,,,
G78909,98.05853,1.54944,0.38387,0.00816,VatanenT_2016,RUS,Europe,yes,,,P019475,162.0,,,,
G78910,0.0,0.0,100.0,0.0,VatanenT_2016,FIN,Europe,yes,,,E034324,295.0,,,,
G78911,49.04712,50.95288,0.0,0.0,VatanenT_2016,EST,Europe,yes,,,T028029,,,,,
G80158,14.58104,48.22827,37.1645,0.0262,VatanenT_2016,RUS,Europe,yes,,,P005342,,,,,
G80265,100.0,0.0,0.0,0.0,VatanenT_2016,RUS,Europe,yes,,,P016803,,,,,
G80266,99.97047,0.0,0.02953,0.0,VatanenT_2016,FIN,Europe,yes,,,E031941,,,,,
G80269,51.52174,41.32174,7.15652,0.0,VatanenT_2016,FIN,Europe,yes,,,E017715,,,,,
G80271,99.67593,0.0,0.0,0.32407,VatanenT_2016,RUS,Europe,yes,,,P022384,,,,,
G80275,100.0,0.0,0.0,0.0,VatanenT_2016,EST,Europe,yes,,,T014806,,,,,
G80276,100.0,0.0,0.0,0.0,VatanenT_2016,FIN,Europe,yes,,,E019187,,,,,
G80277,96.31661,3.68339,0.0,0.0,VatanenT_2016,EST,Europe,yes,,,T010532,227.0,,,,
G80278,40.49772,59.50228,0.0,0.0,VatanenT_2016,EST,Europe,yes,,,T006266,,,,,
G80279,6.63251,0.0,0.03029,93.3372,VatanenT_2016,RUS,Europe,yes,,,P015163,,,,,
G80280,37.50207,62.49793,0.0,0.0,VatanenT_2016,RUS,Europe,yes,,,P014605,,,,,
G80283,52.283,45.72904,1.98796,0.0,VatanenT_2016,FIN,Europe,yes,,,E020781,,,,,
G80285,99.62146,0.37854,0.0,0.0,VatanenT_2016,FIN,Europe,yes,,,E007980,,,,,
G80292,39.30167,60.69833,0.0,0.0,VatanenT_2016,RUS,Europe,yes,,,P007649,334.0,,,,
G80295,86.68762,0.0,12.10422,1.20816,VatanenT_2016,RUS,Europe,yes,,,P015163,,,,,
G80299,88.48742,0.0,11.51258,0.0,VatanenT_2016,RUS,Europe,yes,,,P003173,,,,,
G80302,100.0,0.0,0.0,0.0,VatanenT_2016,FIN,Europe,yes,,,E007303,,,,,
G80304,100.0,0.0,0.0,0.0,VatanenT_2016,RUS,Europe,yes,,,P003173,,,,,
G80307,85.58099,14.41901,0.0,0.0,VatanenT_2016,RUS,Europe,yes,,,P008119,,,,,
G80308,63.74293,36.25707,0.0,0.0,VatanenT_2016,RUS,Europe,yes,,,P006035,,,,,
G80309,100.0,0.0,0.0,0.0,VatanenT_2016,FIN,Europe,yes,,,E018421,,,,,
G80313,100.0,0.0,0.0,0.0,VatanenT_2016,RUS,Europe,yes,,,P008579,,,,,
G80315,100.0,0.0,0.0,0.0,VatanenT_2016,RUS,Europe,yes,,,P016803,275.0,,,,
G80316,5.05949,30.25996,64.68054,0.0,VatanenT_2016,FIN,Europe,yes,,,E019349,,,,,
G80317,0.0,100.0,0.0,0.0,VatanenT_2016,RUS,Europe,yes,,,P017743,335.0,,,,
G80321,100.0,0.0,0.0,0.0,VatanenT_2016,RUS,Europe,yes,,,P008579,,,,,
G80324,26.90801,73.08682,0.0,0.00517,VatanenT_2016,RUS,Europe,yes,,,P008119,232.0,,,,
G80325,55.71695,34.51583,9.76722,0.0,VatanenT_2016,RUS,Europe,yes,,,P019854,,,,,
G80326,0.0,100.0,0.0,0.0,VatanenT_2016,RUS,Europe,yes,,,P017743,,,,,
G80330,100.0,0.0,0.0,0.0,VatanenT_2016,EST,Europe,yes,,,T012389,,,,,
G80331,79.72512,20.27488,0.0,0.0,VatanenT_2016,FIN,Europe,yes,,,E004781,,,,,
G80333,81.65829,18.28559,0.05212,0.004,VatanenT_2016,RUS,Europe,yes,,,P018832,,,,,
G80334,67.77676,32.22324,0.0,0.0,VatanenT_2016,RUS,Europe,yes,,,P016803,,,,,
G80336,30.87984,69.0776,0.04121,0.00135,VatanenT_2016,RUS,Europe,yes,,,P013823,,,,,
G80338,57.72251,41.79938,0.47811,0.0,VatanenT_2016,EST,Europe,yes,,,T014827,,,,,
G80340,100.0,0.0,0.0,0.0,VatanenT_2016,EST,Europe,yes,,,T016812,,,,,
G80341,32.38756,0.0,67.61244,0.0,VatanenT_2016,FIN,Europe,yes,,,E019349,,,,,
G80342,92.95278,7.04722,0.0,0.0,VatanenT_2016,RUS,Europe,yes,,,P020799,,,,,
G80344,0.25439,0.10714,99.6359,0.00257,VatanenT_2016,RUS,Europe,yes,,,P007649,,,,,
G80345,19.61176,20.40644,19.91974,40.06206,VatanenT_2016,RUS,Europe,yes,,,P015163,,,,,
G80346,19.13859,80.75241,0.109,0.0,VatanenT_2016,FIN,Europe,yes,,,E023535,,,,,
G80348,39.53503,50.64854,0.06228,9.75415,VatanenT_2016,RUS,Europe,yes,,,P009880,,,,,
G80350,100.0,0.0,0.0,0.0,VatanenT_2016,RUS,Europe,yes,,,P010936,,,,,
G80351,99.09613,0.0,0.0,0.90387,VatanenT_2016,RUS,Europe,yes,,,P021772,,,,,
G80352,100.0,0.0,0.0,0.0,VatanenT_2016,FIN,Europe,yes,,,E022960,,,,,
G80355,98.29671,0.0,1.70329,0.0,VatanenT_2016,RUS,Europe,yes,,,P021772,,,,,
G80356,39.13576,49.28988,11.57437,0.0,VatanenT_2016,FIN,Europe,yes,,,E017715,,,,,
G80357,100.0,0.0,0.0,0.0,VatanenT_2016,RUS,Europe,yes,,,P003173,,,,,
G80358,100.0,0.0,0.0,0.0,VatanenT_2016,RUS,Europe,yes,,,P005279,,,,,
G80359,100.0,0.0,0.0,0.0,VatanenT_2016,RUS,Europe,yes,,,P010936,,,,,
G80361,100.0,0.0,0.0,0.0,VatanenT_2016,EST,Europe,yes,,,T014806,,,,,
G80362,1.83953,29.62845,5.87261,62.65941,VatanenT_2016,RUS,Europe,yes,,,P014839,,,,,
G80363,100.0,0.0,0.0,0.0,VatanenT_2016,RUS,Europe,yes,,,P000648,,,,,
G80364,0.01085,99.98915,0.0,0.0,VatanenT_2016,RUS,Europe,yes,,,P008543,319.0,,,,
G80365,15.6409,84.3591,0.0,0.0,VatanenT_2016,RUS,Europe,yes,,,P016497,,,,,
G80366,0.0,100.0,0.0,0.0,VatanenT_2016,EST,Europe,yes,,,T019852,305.0,,,,
G80368,39.33588,60.66412,0.0,0.0,VatanenT_2016,RUS,Europe,yes,,,P007649,,,,,
G80369,100.0,0.0,0.0,0.0,VatanenT_2016,FIN,Europe,yes,,,E007980,,,,,
G80370,19.8707,68.12163,0.0,12.00767,VatanenT_2016,RUS,Europe,yes,,,P004113,,,,,
G80371,43.28637,47.40953,9.3041,0.0,VatanenT_2016,EST,Europe,yes,,,T003355,,,,,
G80372,100.0,0.0,0.0,0.0,VatanenT_2016,RUS,Europe,yes,,,P010936,,,,,
G80373,40.41053,51.18957,8.3999,0.0,VatanenT_2016,EST,Europe,yes,,,T012983,,,,,
G80376,100.0,0.0,0.0,0.0,VatanenT_2016,EST,Europe,yes,,,T009717,,,,,
G80378,100.0,0.0,0.0,0.0,VatanenT_2016,EST,Europe,yes,,,T005643,,,,,
G80379,100.0,0.0,0.0,0.0,VatanenT_2016,EST,Europe,yes,,,T014197,,,,,
G80383,78.82453,21.0912,0.03838,0.04589,VatanenT_2016,RUS,Europe,yes,,,P021772,,,,,
G80384,51.84492,48.15508,0.0,0.0,VatanenT_2016,EST,Europe,yes,,,T003353,,,,,
G80386,17.93132,59.73497,22.33371,0.0,VatanenT_2016,EST,Europe,yes,,,T010520,,,,,
G80388,32.88316,67.11684,0.0,0.0,VatanenT_2016,RUS,Europe,yes,,,P005558,,,,,
G80389,93.70106,0.0,6.29894,0.0,VatanenT_2016,RUS,Europe,yes,,,P022222,,,,,
G80391,80.30004,0.0,19.69996,0.0,VatanenT_2016,RUS,Europe,yes,,,P019222,352.0,,,,
G80392,0.0,100.0,0.0,0.0,VatanenT_2016,RUS,Europe,yes,,,P010322,,,,,
G80393,100.0,0.0,0.0,0.0,VatanenT_2016,EST,Europe,yes,,,T017394,,,,,
G80394,81.76546,18.21183,0.02271,0.0,VatanenT_2016,RUS,Europe,yes,,,P007550,344.0,,,,
G80396,22.76676,77.23324,0.0,0.0,VatanenT_2016,RUS,Europe,yes,,,P010096,,,,,
G80398,23.22347,46.75575,30.02079,0.0,VatanenT_2016,FIN,Europe,yes,,,E017715,216.0,,,,
G80399,52.08892,47.91108,0.0,0.0,VatanenT_2016,FIN,Europe,yes,,,E023681,,,,,
G80400,45.97214,43.30554,10.72232,0.0,VatanenT_2016,EST,Europe,yes,,,T019031,,,,,
G80402,34.44261,27.93733,37.62007,0.0,VatanenT_2016,FIN,Europe,yes,,,E023839,,,,,
G80405,100.0,0.0,0.0,0.0,VatanenT_2016,RUS,Europe,yes,,,P003173,,,,,
G80407,1.93176,17.31546,36.8272,43.92557,VatanenT_2016,RUS,Europe,yes,,,P014839,,,,,
G80408,100.0,0.0,0.0,0.0,VatanenT_2016,EST,Europe,yes,,,T014801,,,,,
G80410,100.0,0.0,0.0,0.0,VatanenT_2016,RUS,Europe,yes,,,P003173,,,,,
G80411,39.94765,60.05235,0.0,0.0,VatanenT_2016,EST,Europe,yes,,,T019021,,,,,
G80413,72.88578,27.11422,0.0,0.0,VatanenT_2016,RUS,Europe,yes,,,P007649,,,,,
G80415,82.44702,17.51489,0.0,0.03809,VatanenT_2016,RUS,Europe,yes,,,P004230,,,,,
G80417,61.71245,26.02627,12.24412,0.01716,VatanenT_2016,RUS,Europe,yes,,,P005135,,,,,
G80418,100.0,0.0,0.0,0.0,VatanenT_2016,RUS,Europe,yes,,,P005279,,,,,
G80419,63.79314,21.99238,14.21448,0.0,VatanenT_2016,EST,Europe,yes,,,T018343,,,,,
G80421,22.58606,77.41394,0.0,0.0,VatanenT_2016,RUS,Europe,yes,,,P008543,,,,,
G80422,100.0,0.0,0.0,0.0,VatanenT_2016,FIN,Europe,yes,,,E007743,,,,,
G80423,100.0,0.0,0.0,0.0,VatanenT_2016,RUS,Europe,yes,,,P020631,,,,,
G80426,48.25168,51.74832,0.0,0.0,VatanenT_2016,RUS,Europe,yes,,,P011108,,,,,
G80427,83.78133,13.72682,2.49185,0.0,VatanenT_2016,FIN,Europe,yes,,,E030828,,,,,
G80428,76.2273,23.7727,0.0,0.0,VatanenT_2016,RUS,Europe,yes,,,P010322,,,,,
G80429,100.0,0.0,0.0,0.0,VatanenT_2016,EST,Europe,yes,,,T000094,,,,,
G80432,100.0,0.0,0.0,0.0,VatanenT_2016,EST,Europe,yes,,,T014197,,,,,
G80434,54.20262,45.76204,0.03336,0.00198,VatanenT_2016,RUS,Europe,yes,,,P005558,,,,,
G80436,17.27331,82.72669,0.0,0.0,VatanenT_2016,RUS,Europe,yes,,,P016497,,,,,
G80438,0.0,0.0,0.0,0.0,VatanenT_2016,FIN,Europe,yes,,,E017049,117.0,,,,
G80439,39.25176,60.12032,0.62792,0.0,VatanenT_2016,RUS,Europe,yes,,,P011108,,,,,
G80440,95.16124,0.0,4.83876,0.0,VatanenT_2016,EST,Europe,yes,,,T017419,,,,,
G80441,100.0,0.0,0.0,0.0,VatanenT_2016,RUS,Europe,yes,,,P004230,,,,,
G80445,24.61761,34.81464,40.56775,0.0,VatanenT_2016,EST,Europe,yes,,,T000461,,,,,
G80447,0.0,0.0,0.0,0.0,VatanenT_2016,FIN,Europe,yes,,,E012115,321.0,,,,
G80449,99.36212,0.63788,0.0,0.0,VatanenT_2016,RUS,Europe,yes,,,P004230,,,,,
G80450,99.99134,0.0,0.0,0.00866,VatanenT_2016,FIN,Europe,yes,,,E007743,,,,,
G80451,98.50642,1.49358,0.0,0.0,VatanenT_2016,RUS,Europe,yes,,,P008939,285.0,,,,
G80452,32.83376,67.16624,0.0,0.0,VatanenT_2016,EST,Europe,yes,,,T006266,,,,,
G80453,99.96704,0.0,0.03296,0.0,VatanenT_2016,EST,Europe,yes,,,T022883,111.0,,,,
G80455,62.9211,37.0789,0.0,0.0,VatanenT_2016,FIN,Europe,yes,,,E002473,213.0,,,,
G80456,99.94424,0.0,0.05576,0.0,VatanenT_2016,EST,Europe,yes,,,T008246,44.0,,,,
G80457,100.0,0.0,0.0,0.0,VatanenT_2016,EST,Europe,yes,,,T016811,122.0,,,,
G80459,1.96269,4.78962,0.0,93.24769,VatanenT_2016,EST,Europe,yes,,,T002534,118.0,,,,
G80460,99.7337,0.0046,0.08893,0.17277,VatanenT_2016,FIN,Europe,yes,,,E015378,221.0,,,,
G80461,94.4525,0.0,0.0,5.5475,VatanenT_2016,FIN,Europe,yes,,,E002681,,,,,
G80462,100.0,0.0,0.0,0.0,VatanenT_2016,RUS,Europe,yes,,,P005279,,,,,
G80464,0.0,0.0,0.0,0.0,VatanenT_2016,EST,Europe,yes,,,T003355,150.0,,,,
G80465,60.97067,33.31878,5.71055,0.0,VatanenT_2016,FIN,Europe,yes,,,E022083,119.0,,,,
G80467,99.74338,0.0,0.2102,0.04642,VatanenT_2016,EST,Europe,yes,,,T000461,136.0,,,,
G80468,0.36954,7.06552,92.55264,0.0123,VatanenT_2016,FIN,Europe,yes,,,E030828,45.0,,,,
G80470,48.54241,51.41792,0.03652,0.00315,VatanenT_2016,RUS,Europe,yes,,,P003435,195.0,,,,
G80474,31.15026,0.0,68.84974,0.0,VatanenT_2016,FIN,Europe,yes,,,E023535,132.0,,,,
G80475,29.40958,0.0,70.59042,0.0,VatanenT_2016,FIN,Europe,yes,,,E004080,159.0,,,,
G80476,18.88117,0.0,79.59902,1.51982,VatanenT_2016,EST,Europe,yes,,,T002534,,,,,
G80478,0.01034,99.98966,0.0,0.0,VatanenT_2016,RUS,Europe,yes,,,P001363,228.0,,,,
G80479,100.0,0.0,0.0,0.0,VatanenT_2016,EST,Europe,yes,,,T000461,315.0,,,,
G80480,41.85706,58.11206,0.02739,0.00349,VatanenT_2016,EST,Europe,yes,,,T003950,109.0,,,,
G80481,99.94438,0.0,0.05562,0.0,VatanenT_2016,EST,Europe,yes,,,T021613,40.0,,,,
G80482,99.67589,0.14111,0.16656,0.01644,VatanenT_2016,FIN,Europe,yes,,,E002473,,,,,
G80483,2.28881,0.0,97.69774,0.01346,VatanenT_2016,FIN,Europe,yes,,,E004781,121.0,,,,
G80484,45.63389,54.17083,0.07466,0.12063,VatanenT_2016,EST,Europe,yes,,,T009280,306.0,,,,
G80485,97.01531,0.0,2.98469,0.0,VatanenT_2016,FIN,Europe,yes,,,E004934,,,,,
G80487,100.0,0.0,0.0,0.0,VatanenT_2016,EST,Europe,yes,,,T005999,108.0,,,,
G80488,100.0,0.0,0.0,0.0,VatanenT_2016,EST,Europe,yes,,,T005999,45.0,,,,
G80489,100.0,0.0,0.0,0.0,VatanenT_2016,EST,Europe,yes,,,T019852,44.0,,,,
G80490,99.91749,0.0,0.08251,0.0,VatanenT_2016,FIN,Europe,yes,,,E002338,58.0,,,,
G80492,12.98016,0.0,86.89653,0.12331,VatanenT_2016,EST,Europe,yes,,,T023390,41.0,,,,
G80493,41.49138,58.11781,0.0,0.39081,VatanenT_2016,FIN,Europe,yes,,,E015208,226.0,,,,
G80494,85.74396,14.20066,0.0495,0.00587,VatanenT_2016,RUS,Europe,yes,,,P004230,215.0,,,,
G80495,81.43504,17.93413,0.63083,0.0,VatanenT_2016,EST,Europe,yes,,,T006288,177.0,,,,
G80497,67.71328,29.32083,0.2139,2.75198,VatanenT_2016,EST,Europe,yes,,,T007748,226.0,,,,
G80498,0.0,0.0,0.0,0.0,VatanenT_2016,FIN,Europe,yes,,,E002473,42.0,,,,
G80499,99.34557,0.0,0.55802,0.09642,VatanenT_2016,FIN,Europe,yes,,,E025671,119.0,,,,
G80500,0.0,0.0,0.0,100.0,VatanenT_2016,EST,Europe,yes,,,T016548,135.0,,,,
G80501,100.0,0.0,0.0,0.0,VatanenT_2016,FIN,Europe,yes,,,E029796,114.0,,,,
G80502,98.11221,1.82381,0.06398,0.0,VatanenT_2016,RUS,Europe,yes,,,P015163,296.0,,,,
G80505,51.88079,22.97285,25.1432,0.00316,VatanenT_2016,FIN,Europe,yes,,,E022083,216.0,,,,
G80506,0.0,0.0,0.0,0.0,VatanenT_2016,FIN,Europe,yes,,,E003393,74.0,,,,
G80508,78.42706,5.90327,15.44996,0.21972,VatanenT_2016,EST,Europe,yes,,,T005643,209.0,,,,
G80509,99.82356,0.0,0.05171,0.12473,VatanenT_2016,EST,Europe,yes,,,T012312,120.0,,,,
G80510,63.74864,36.25136,0.0,0.0,VatanenT_2016,EST,Europe,yes,,,T016811,,,,,
G80514,15.18914,0.0,84.81086,0.0,VatanenT_2016,FIN,Europe,yes,,,E004934,70.0,,,,
G80515,1.81229,5.88135,1.2291,91.07726,VatanenT_2016,EST,Europe,yes,,,T009909,215.0,,,,
G80516,1.97797,3.50427,0.05467,94.46309,VatanenT_2016,EST,Europe,yes,,,T019021,44.0,,,,
G80517,2.04548,3.44926,2.09225,92.41301,VatanenT_2016,EST,Europe,yes,,,T007750,134.0,,,,
G80520,100.0,0.0,0.0,0.0,VatanenT_2016,FIN,Europe,yes,,,E007303,105.0,,,,
G80522,30.21845,0.0,69.78155,0.0,VatanenT_2016,FIN,Europe,yes,,,E004781,51.0,,,,
G80523,4.72792,3.14527,27.96,64.16681,VatanenT_2016,EST,Europe,yes,,,T009909,306.0,,,,
G80524,41.36507,38.51175,20.06525,0.05793,VatanenT_2016,EST,Europe,yes,,,T019031,62.0,,,,
G80525,22.58916,45.72388,31.53031,0.15665,VatanenT_2016,EST,Europe,yes,,,T003950,294.0,,,,
G80528,99.88434,0.04644,0.05547,0.01375,VatanenT_2016,FIN,Europe,yes,,,E008241,125.0,,,,
G80529,40.43199,52.98438,5.92229,0.66134,VatanenT_2016,EST,Europe,yes,,,T007748,309.0,,,,
G80530,99.95658,0.0,0.04342,0.0,VatanenT_2016,FIN,Europe,yes,,,E006871,52.0,,,,
G80532,7.10984,0.0,92.8329,0.05725,VatanenT_2016,EST,Europe,yes,,,T018343,121.0,,,,
G80535,100.0,0.0,0.0,0.0,VatanenT_2016,FIN,Europe,yes,,,E006871,113.0,,,,
G80536,99.31329,0.40731,0.0,0.2794,VatanenT_2016,EST,Europe,yes,,,T009275,33.0,,,,
G80538,99.93116,0.0,0.06706,0.00178,VatanenT_2016,FIN,Europe,yes,,,E002338,122.0,,,,
G80540,47.11211,52.77137,0.05084,0.06567,VatanenT_2016,EST,Europe,yes,,,T014575,201.0,,,,
G80541,3.4646,12.11785,2.07893,82.33862,VatanenT_2016,FIN,Europe,yes,,,E002338,304.0,,,,
G80542,100.0,0.0,0.0,0.0,VatanenT_2016,EST,Europe,yes,,,T003745,,,,,
G80543,51.86163,48.13837,0.0,0.0,VatanenT_2016,EST,Europe,yes,,,T008025,45.0,,,,
G80545,37.99566,16.83585,45.16849,0.0,VatanenT_2016,FIN,Europe,yes,,,E009676,303.0,,,,
G80547,31.5633,0.0,68.39979,0.03691,VatanenT_2016,FIN,Europe,yes,,,E015378,343.0,,,,
G80548,99.78302,0.0,0.0,0.21698,VatanenT_2016,FIN,Europe,yes,,,E004071,,,,,
G80550,84.96096,14.39606,0.64298,0.0,VatanenT_2016,RUS,Europe,yes,,,P019475,,,,,
G80552,2.781,0.37186,96.84714,0.0,VatanenT_2016,FIN,Europe,yes,,,E008437,209.0,,,,
G80553,100.0,0.0,0.0,0.0,VatanenT_2016,FIN,Europe,yes,,,E018574,118.0,,,,
G80554,5.56252,93.7629,0.0,0.67457,VatanenT_2016,FIN,Europe,yes,,,E004080,198.0,,,,
G80555,97.63347,0.0,2.36653,0.0,VatanenT_2016,FIN,Europe,yes,,,E020808,40.0,,,,
G80556,37.26668,62.51776,0.08418,0.13139,VatanenT_2016,FIN,Europe,yes,,,E025830,136.0,,,,
G80557,91.17986,8.75365,0.0561,0.01039,VatanenT_2016,RUS,Europe,yes,,,P004230,,,,,
G80558,13.04367,25.06956,61.87101,0.01577,VatanenT_2016,RUS,Europe,yes,,,P008579,,,,,
G80560,0.00498,99.98611,0.00891,0.0,VatanenT_2016,FIN,Europe,yes,,,E019187,121.0,,,,
G80561,1.22258,98.77742,0.0,0.0,VatanenT_2016,FIN,Europe,yes,,,E004080,303.0,,,,
G80563,3.67895,0.00188,96.23562,0.08354,VatanenT_2016,FIN,Europe,yes,,,E033156,51.0,,,,
G80564,12.52471,87.06116,0.41413,0.0,VatanenT_2016,RUS,Europe,yes,,,P010322,329.0,,,,
G80565,19.61912,80.27895,0.08343,0.01849,VatanenT_2016,RUS,Europe,yes,,,P013701,253.0,,,,
G80566,99.85697,0.0,0.14303,0.0,VatanenT_2016,FIN,Europe,yes,,,E024646,47.0,,,,
G80567,16.85375,0.0,83.10215,0.0441,VatanenT_2016,FIN,Europe,yes,,,E009667,213.0,,,,
G80568,100.0,0.0,0.0,0.0,VatanenT_2016,FIN,Europe,yes,,,E019349,55.0,,,,
G80569,71.03172,0.0,28.96828,0.0,VatanenT_2016,FIN,Europe,yes,,,E019793,43.0,,,,
G80570,94.56516,0.03249,5.30125,0.10111,VatanenT_2016,FIN,Europe,yes,,,E023535,52.0,,,,
G80571,100.0,0.0,0.0,0.0,VatanenT_2016,RUS,Europe,yes,,,P013960,259.0,,,,
G80572,99.31151,0.0,0.68849,0.0,VatanenT_2016,FIN,Europe,yes,,,E025912,42.0,,,,
G80575,3.49161,12.3024,84.20599,0.0,VatanenT_2016,FIN,Europe,yes,,,E020781,57.0,,,,
G80576,98.26692,1.57557,0.13914,0.01836,VatanenT_2016,EST,Europe,yes,,,T016234,43.0,,,,
G80578,25.61964,2.83934,0.14387,71.39714,VatanenT_2016,FIN,Europe,yes,,,E007743,309.0,,,,
G80579,98.11295,1.02544,0.86162,0.0,VatanenT_2016,EST,Europe,yes,,,T004341,211.0,,,,
G80580,42.21697,34.70129,0.0,23.08174,VatanenT_2016,FIN,Europe,yes,,,E003393,288.0,,,,
G80585,99.68934,0.0,0.20353,0.10713,VatanenT_2016,EST,Europe,yes,,,T004341,321.0,,,,
G80587,0.0,0.0,0.0,0.0,VatanenT_2016,FIN,Europe,yes,,,E017049,55.0,,,,
G80588,98.93159,0.31459,0.51368,0.24013,VatanenT_2016,EST,Europe,yes,,,T012983,39.0,,,,
G80589,72.03148,3.88874,24.00509,0.0747,VatanenT_2016,RUS,Europe,yes,,,P008633,242.0,,,,
G80591,91.80014,0.0,8.19986,0.0,VatanenT_2016,EST,Europe,yes,,,T014825,127.0,,,,
G80593,80.60318,11.38982,8.007,0.0,VatanenT_2016,FIN,Europe,yes,,,E012393,121.0,,,,
G80594,65.42295,24.79153,9.78552,0.0,VatanenT_2016,EST,Europe,yes,,,T005643,49.0,,,,
G80595,68.10828,21.8471,9.98504,0.05958,VatanenT_2016,RUS,Europe,yes,,,P003825,,,,,
G80598,3.41079,7.40103,0.65714,88.53104,VatanenT_2016,EST,Europe,yes,,,T002534,204.0,,,,
G80599,99.57491,0.09988,0.1441,0.18111,VatanenT_2016,EST,Europe,yes,,,T006266,122.0,,,,
G80601,1.82484,96.7002,0.0,1.47495,VatanenT_2016,EST,Europe,yes,,,T019852,205.0,,,,
G80603,42.60815,19.59428,4.61025,33.18732,VatanenT_2016,EST,Europe,yes,,,T017419,60.0,,,,
G80604,50.35915,49.58888,0.03859,0.01338,VatanenT_2016,EST,Europe,yes,,,T008246,108.0,,,,
G80605,53.46253,11.21016,1.20225,34.12506,VatanenT_2016,EST,Europe,yes,,,T008247,42.0,,,,
G80606,6.99033,0.01653,0.05786,92.93529,VatanenT_2016,RUS,Europe,yes,,,P009880,287.0,,,,
G80608,6.94967,0.0,93.03164,0.01869,VatanenT_2016,FIN,Europe,yes,,,E018421,115.0,,,,
G80609,100.0,0.0,0.0,0.0,VatanenT_2016,EST,Europe,yes,,,T019850,35.0,,,,
G80610,99.78314,0.065,0.09455,0.05732,VatanenT_2016,FIN,Europe,yes,,,E015378,123.0,,,,
G80611,99.67567,0.0,0.30371,0.02062,VatanenT_2016,FIN,Europe,yes,,,E029310,66.0,,,,
G80612,21.78725,0.07914,77.91596,0.21765,VatanenT_2016,FIN,Europe,yes,,,E013394,66.0,,,,
G80613,11.24207,48.73144,1.27371,38.75278,VatanenT_2016,RUS,Europe,yes,,,P020604,,,,,
G80614,100.0,0.0,0.0,0.0,VatanenT_2016,FIN,Europe,yes,,,E008643,213.0,,,,
G80615,100.0,0.0,0.0,0.0,VatanenT_2016,EST,Europe,yes,,,T005507,326.0,,,,
G80616,100.0,0.0,0.0,0.0,VatanenT_2016,FIN,Europe,yes,,,E018574,78.0,,,,
G80619,52.31283,47.68717,0.0,0.0,VatanenT_2016,RUS,Europe,yes,,,P010936,,,,,
G80620,100.0,0.0,0.0,0.0,VatanenT_2016,FIN,Europe,yes,,,E008643,314.0,,,,
G80624,11.41446,52.72561,0.14226,35.71767,VatanenT_2016,RUS,Europe,yes,,,P000648,,,,,
MTB_B10_BA5032_T01_F,15.77384,73.94162,10.28454,0.0,CM_MTB,ITA,Europe,yes,,,BA5032,365.0,,,,
MTB_B10_BA5032_T03_F,21.99048,58.70844,19.30108,0.0,CM_MTB,ITA,Europe,yes,,,BA5032,371.0,,,,
MTB_B10_BA5032_T05_F,66.94384,29.60651,3.44965,0.0,CM_MTB,ITA,Europe,yes,,,BA5032,386.0,,,,
MTB_B10_BA5032_T06_F,34.87596,63.30359,1.82045,0.0,CM_MTB,ITA,Europe,yes,,,BA5032,393.0,,,,
MTB_B10_BA5032_T07_F,44.06466,48.2255,7.70984,0.0,CM_MTB,ITA,Europe,yes,,,BA5032,400.0,,,,
MTB_B10_BA5032_T09_F,42.86396,54.89139,2.24465,0.0,CM_MTB,ITA,Europe,yes,,,BA5032,413.0,,,,
MTB_B10_BA5032_T10_F,50.40372,45.65004,3.94625,0.0,CM_MTB,ITA,Europe,yes,,,BA5032,420.0,,,,
MTB_B10_BA5032_T12_F,26.44725,71.76903,1.78372,0.0,CM_MTB,ITA,Europe,yes,,,BA5032,435.0,,,,
MTB_B10_BA5032_T17_F,2.93034,94.0816,2.98806,0.0,CM_MTB,ITA,Europe,yes,,,BA5032,470.0,,,,
MTB_B10_BA5032_T18_F,8.35857,82.54601,9.09542,0.0,CM_MTB,ITA,Europe,yes,,,BA5032,475.0,,,,
MTB_B10_BA5032_T21_F,34.44745,63.91502,1.63753,0.0,CM_MTB,ITA,Europe,yes,,,BA5032,504.0,,,,
MTB_B10_BA5032_T24_F,36.90256,60.14737,2.95007,0.0,CM_MTB,ITA,Europe,yes,,,BA5032,525.0,,,,
MTB_B10_BA5032_T27_F,29.53852,65.33445,5.12187,0.00517,CM_MTB,ITA,Europe,yes,,,BA5032,546.0,,,,
MTB_B10_BA5032_T29_F,30.63637,66.43437,2.92926,0.0,CM_MTB,ITA,Europe,yes,,,BA5032,560.0,,,,
MTB_B10_BA5032_T30_F,31.25789,65.99463,2.74748,0.0,CM_MTB,ITA,Europe,yes,,,BA5032,569.0,,,,
MTB_B10_BA5032_T31_F,29.27004,69.73761,0.99236,0.0,CM_MTB,ITA,Europe,yes,,,BA5032,574.0,,,,
MTB_B10_BA5032_T32_F,20.50297,78.81826,0.67877,0.0,CM_MTB,ITA,Europe,yes,,,BA5032,579.0,,,,
MTB_B10_BA5032_T33_F,44.30975,51.02688,4.66336,0.0,CM_MTB,ITA,Europe,yes,,,BA5032,590.0,,,,
MTB_B10_BA5032_T34_F,31.32302,63.28401,5.39297,0.0,CM_MTB,ITA,Europe,yes,,,BA5032,596.0,,,,
MTB_B10_BA5032_T35_F,21.27436,77.25934,1.4663,0.0,CM_MTB,ITA,Europe,yes,,,BA5032,602.0,,,,
MTB_B10_BA5032_T36_F,36.00366,61.55864,2.43771,0.0,CM_MTB,ITA,Europe,yes,,,BA5032,610.0,,,,
MTB_B10_BA5032_T39_F,21.01459,78.08514,0.90027,0.0,CM_MTB,ITA,Europe,yes,,,BA5032,631.0,,,,
MTB_B10_BA5032_T41_F,11.06877,88.10279,0.82844,0.0,CM_MTB,ITA,Europe,yes,,,BA5032,644.0,,,,
MTB_B10_BA5032_T42_F,44.09914,54.65226,1.2486,0.0,CM_MTB,ITA,Europe,yes,,,BA5032,653.0,,,,
MTB_B10_BA5032_T43_F,17.00373,82.36209,0.63417,0.0,CM_MTB,ITA,Europe,yes,,,BA5032,660.0,,,,
MTB_B10_BA5032_T44_F,18.82097,77.83813,3.3409,0.0,CM_MTB,ITA,Europe,yes,,,BA5032,667.0,,,,
MTB_B10_BA5032_T45_F,12.02895,87.317,0.65405,0.0,CM_MTB,ITA,Europe,yes,,,BA5032,672.0,,,,
MTB_B10_BA5032_T47_F,42.797,56.13797,1.06503,0.0,CM_MTB,ITA,Europe,yes,,,BA5032,688.0,,,,
MTB_B10_BA5034_T08_F,42.97458,54.32118,2.69243,0.01181,CM_MTB,ITA,Europe,yes,,,BA5032,406.0,,,,
MTB_B11_BA5034_T01_F,90.39234,0.0,9.60766,0.0,CM_MTB,ITA,Europe,yes,,,BA5034,396.0,,,,
MTB_B11_BA5034_T10_F,0.0137,0.0,99.98549,0.00081,CM_MTB,ITA,Europe,yes,,,BA5034,450.0,,,,
MTB_B11_BA5034_T15_F,50.71135,0.0,49.28865,0.0,CM_MTB,ITA,Europe,yes,,,BA5034,487.0,,,,
MTB_B11_BA5034_T16_F,65.47085,0.0,34.52915,0.0,CM_MTB,ITA,Europe,yes,,,BA5034,492.0,,,,
MTB_B11_BA5034_T17_F,78.57157,0.0,21.42843,0.0,CM_MTB,ITA,Europe,yes,,,BA5034,500.0,,,,
MTB_B11_BA5034_T19_F,78.92465,0.0,21.07535,0.0,CM_MTB,ITA,Europe,yes,,,BA5034,522.0,,,,
MTB_B11_BA5034_T20_F,72.05126,0.0,27.94874,0.0,CM_MTB,ITA,Europe,yes,,,BA5034,528.0,,,,
MTB_B11_BA5034_T26_F,32.96146,55.64873,11.3898,0.0,CM_MTB,ITA,Europe,yes,,,BA5034,569.0,,,,
MTB_B11_BA5034_T27_F,71.02403,22.68146,6.29451,0.0,CM_MTB,ITA,Europe,yes,,,BA5034,576.0,,,,
MTB_B11_BA5034_T31_F,65.19929,30.03503,4.76568,0.0,CM_MTB,ITA,Europe,yes,,,BA5034,604.0,,,,
MTB_B11_BA5034_T32_F,65.04906,32.70592,2.24502,0.0,CM_MTB,ITA,Europe,yes,,,BA5034,611.0,,,,
MTB_B11_BA5034_T34_F,71.65425,27.19822,1.14752,0.0,CM_MTB,ITA,Europe,yes,,,BA5034,627.0,,,,
MTB_B11_BA5034_T35_F,90.34762,7.01367,2.6387,0.0,CM_MTB,ITA,Europe,yes,,,BA5034,634.0,,,,
MTB_B11_BA5034_T36_F,66.45299,31.83096,1.71605,0.0,CM_MTB,ITA,Europe,yes,,,BA5034,639.0,,,,
MTB_B11_BA5034_T38_F,77.40765,21.31137,1.28098,0.0,CM_MTB,ITA,Europe,yes,,,BA5034,653.0,,,,
MTB_B11_BA5034_T41_F,33.56371,29.12022,37.31607,0.0,CM_MTB,ITA,Europe,yes,,,BA5034,674.0,,,,
MTB_B11_BA5034_T42_F,58.5916,35.42556,5.98285,0.0,CM_MTB,ITA,Europe,yes,,,BA5034,681.0,,,,
MTB_B11_BA5034_T45_F,64.00159,33.96769,2.03071,0.0,CM_MTB,ITA,Europe,yes,,,BA5034,704.0,,,,
MTB_B11_BA5034_T46_F,38.43376,58.97526,2.59098,0.0,CM_MTB,ITA,Europe,yes,,,BA5034,709.0,,,,
MTB_B11_BA5034_T47_F,62.27928,35.17615,2.54457,0.0,CM_MTB,ITA,Europe,yes,,,BA5034,716.0,,,,
MTB_B11_BA5034_TES_F,90.84443,7.50601,1.64956,0.0,CM_MTB,ITA,Europe,yes,,,BA5034,763.0,,,,
MTB_B12_BA5037_T01_F,45.73515,0.0,54.26485,0.0,CM_MTB,ITA,Europe,yes,,,BA5037,242.0,,,,
MTB_B12_BA5037_T03_F,7.23016,0.0,92.76984,0.0,CM_MTB,ITA,Europe,yes,,,BA5037,248.0,,,,
MTB_B12_BA5037_T04_F,16.32775,0.0,83.67225,0.0,CM_MTB,ITA,Europe,yes,,,BA5037,258.0,,,,
MTB_B12_BA5037_T05_F,17.27361,9.24754,73.47886,0.0,CM_MTB,ITA,Europe,yes,,,BA5037,264.0,,,,
MTB_B12_BA5037_T06_F,15.96816,47.72388,36.30796,0.0,CM_MTB,ITA,Europe,yes,,,BA5037,271.0,,,,
MTB_B12_BA5037_T07_F,39.05901,29.7431,31.19789,0.0,CM_MTB,ITA,Europe,yes,,,BA5037,278.0,,,,
MTB_B12_BA5037_T10_F,20.42929,16.5809,62.98981,0.0,CM_MTB,ITA,Europe,yes,,,BA5037,300.0,,,,
MTB_B12_BA5037_T11_F,17.09127,15.5214,67.38722,0.00011,CM_MTB,ITA,Europe,yes,,,BA5037,306.0,,,,
MTB_B12_BA5037_T14_F,39.18478,41.54162,19.2736,0.0,CM_MTB,ITA,Europe,yes,,,BA5037,325.0,,,,
MTB_B12_BA5037_T15_F,46.00401,14.33149,39.6623,0.0022,CM_MTB,ITA,Europe,yes,,,BA5037,333.0,,,,
MTB_B12_BA5037_TES_F,42.44189,0.0,57.55811,0.0,CM_MTB,ITA,Europe,yes,,,BA5037,591.0,,,,
MTB_B12_BA5037_TSS_F,5.80486,0.0,94.19514,0.0,CM_MTB,ITA,Europe,yes,,,BA5037,549.0,,,,
MTB_B13_BA5039_T03_F,100.0,0.0,0.0,0.0,CM_MTB,ITA,Europe,yes,,,BA5039,213.0,,,,
MTB_B13_BA5039_T07_F,0.0,0.0,0.0,0.0,CM_MTB,ITA,Europe,yes,,,BA5039,243.0,,,,
MTB_B13_BA5039_T08_F,100.0,0.0,0.0,0.0,CM_MTB,ITA,Europe,yes,,,BA5039,250.0,,,,
MTB_B13_BA5039_T10_F,0.00166,0.0,99.99834,0.0,CM_MTB,ITA,Europe,yes,,,BA5039,263.0,,,,
MTB_B13_BA5039_T14_F,0.00242,0.0,99.99758,0.0,CM_MTB,ITA,Europe,yes,,,BA5039,291.0,,,,
MTB_B13_BA5039_T16_F,45.44792,0.0,41.77161,12.78047,CM_MTB,ITA,Europe,yes,,,BA5039,352.0,,,,
MTB_B14_BA5042_T01_F,32.69554,31.02056,36.16876,0.11514,CM_MTB,ITA,Europe,yes,,,BA5042,274.0,,,,
MTB_B14_BA5042_T04_F,46.94808,0.0,52.96676,0.08516,CM_MTB,ITA,Europe,yes,,,BA5042,289.0,,,,
MTB_B14_BA5042_T05_F,43.80444,0.0,56.10771,0.08785,CM_MTB,ITA,Europe,yes,,,BA5042,295.0,,,,
MTB_B14_BA5042_T10_F,1.13607,0.0,79.46925,19.39468,CM_MTB,ITA,Europe,yes,,,BA5042,328.0,,,,
MTB_B14_BA5042_T13_F,74.8658,0.44579,24.67469,0.01372,CM_MTB,ITA,Europe,yes,,,BA5042,350.0,,,,
MTB_B14_BA5042_T14_F,67.26561,0.13535,32.58118,0.01786,CM_MTB,ITA,Europe,yes,,,BA5042,358.0,,,,
MTB_B14_BA5042_T15_F,84.01466,0.71732,15.26802,0.0,CM_MTB,ITA,Europe,yes,,,BA5042,365.0,,,,
MTB_B14_BA5042_T16_F,70.88142,4.9028,24.21578,0.0,CM_MTB,ITA,Europe,yes,,,BA5042,418.0,,,,
MTB_B15_BA5044_T20_F,50.9783,31.90448,15.23553,1.88169,CM_MTB,ITA,Europe,yes,,,BA5044,394.0,,,,
MTB_B15_BA5044_T25_F,54.41528,39.57731,6.00741,0.0,CM_MTB,ITA,Europe,yes,,,BA5044,425.0,,,,
MTB_B15_BA5044_T27_F,53.28428,39.20573,7.50999,0.0,CM_MTB,ITA,Europe,yes,,,BA5044,441.0,,,,
MTB_B15_BA5044_T28_F,48.63265,29.73098,21.6035,0.03288,CM_MTB,ITA,Europe,yes,,,BA5044,446.0,,,,
MTB_B15_BA5044_T29_F,45.78106,41.91992,12.29902,0.0,CM_MTB,ITA,Europe,yes,,,BA5044,453.0,,,,
MTB_B15_BA5044_T30_F,45.36686,50.16504,4.46811,0.0,CM_MTB,ITA,Europe,yes,,,BA5044,462.0,,,,
MTB_B15_BA5044_T31_F,59.33316,35.62438,5.04246,0.0,CM_MTB,ITA,Europe,yes,,,BA5044,467.0,,,,
MTB_B15_BA5044_T32_F,56.04335,36.95815,6.9985,0.0,CM_MTB,ITA,Europe,yes,,,BA5044,472.0,,,,
MTB_B15_BA5044_T34_F,54.76065,31.98832,13.25104,0.0,CM_MTB,ITA,Europe,yes,,,BA5044,488.0,,,,
MTB_B15_BA5044_T36_F,70.59237,24.39928,5.00834,0.0,CM_MTB,ITA,Europe,yes,,,BA5044,503.0,,,,
MTB_B15_BA5044_T38_F,62.29007,35.73295,1.97698,0.0,CM_MTB,ITA,Europe,yes,,,BA5044,517.0,,,,
MTB_B15_BA5044_T39_F,63.20188,35.6987,1.09942,0.0,CM_MTB,ITA,Europe,yes,,,BA5044,523.0,,,,
MTB_B15_BA5044_T40_F,48.65818,49.17212,2.1697,0.0,CM_MTB,ITA,Europe,yes,,,BA5044,530.0,,,,
MTB_B15_BA5044_T41_F,22.74538,59.50033,17.7543,0.0,CM_MTB,ITA,Europe,yes,,,BA5044,539.0,,,,
MTB_B15_BA5044_T44_F,60.05794,34.04804,5.89402,0.0,CM_MTB,ITA,Europe,yes,,,BA5044,560.0,,,,
MTB_B15_BA5044_T47_F,60.21862,38.13819,1.64319,0.0,CM_MTB,ITA,Europe,yes,,,BA5044,581.0,,,,
MTB_B15_BA5044_TES_F,40.56183,57.62613,1.81204,0.0,CM_MTB,ITA,Europe,yes,,,BA5044,626.0,,,,
MTB_B15_BA5045_T20_F,50.77827,39.33999,9.81144,0.07031,CM_MTB,ITA,Europe,yes,,,BA5045,394.0,,,,
MTB_B15_BA5045_T25_F,55.30467,41.52852,3.16681,0.0,CM_MTB,ITA,Europe,yes,,,BA5045,425.0,,,,
MTB_B15_BA5045_T28_F,24.75913,50.80978,24.43084,0.00025,CM_MTB,ITA,Europe,yes,,,BA5045,446.0,,,,
MTB_B15_BA5045_T29_F,32.75177,65.84528,1.40295,0.0,CM_MTB,ITA,Europe,yes,,,BA5045,455.0,,,,
MTB_B15_BA5045_T30_F,63.07744,34.88498,2.03758,0.0,CM_MTB,ITA,Europe,yes,,,BA5045,460.0,,,,
MTB_B15_BA5045_T31_F,66.58512,32.24812,1.16675,0.0,CM_MTB,ITA,Europe,yes,,,BA5045,467.0,,,,
MTB_B15_BA5045_T32_F,58.78383,38.93411,2.28206,0.0,CM_MTB,ITA,Europe,yes,,,BA5045,474.0,,,,
MTB_B15_BA5045_T33_F,65.95748,31.04982,2.9927,0.0,CM_MTB,ITA,Europe,yes,,,BA5045,481.0,,,,
MTB_B15_BA5045_T36_F,77.17814,21.02416,1.7977,0.0,CM_MTB,ITA,Europe,yes,,,BA5045,502.0,,,,
MTB_B15_BA5045_T37_F,71.67864,27.20065,1.12071,0.0,CM_MTB,ITA,Europe,yes,,,BA5045,509.0,,,,
MTB_B15_BA5045_T39_F,61.26369,36.60998,2.12634,0.0,CM_MTB,ITA,Europe,yes,,,BA5045,523.0,,,,
MTB_B15_BA5045_T40_F,30.76345,34.09309,35.14345,0.0,CM_MTB,ITA,Europe,yes,,,BA5045,529.0,,,,
MTB_B15_BA5045_T41_F,13.22789,73.87424,12.89787,0.0,CM_MTB,ITA,Europe,yes,,,BA5045,539.0,,,,
MTB_B15_BA5045_T42_F,14.60559,30.59725,54.79717,0.0,CM_MTB,ITA,Europe,yes,,,BA5045,545.0,,,,
MTB_B15_BA5045_T43_F,29.54039,52.97021,17.4894,0.0,CM_MTB,ITA,Europe,yes,,,BA5045,551.0,,,,
MTB_B15_BA5045_T44_F,55.03416,37.08215,7.88369,0.0,CM_MTB,ITA,Europe,yes,,,BA5045,557.0,,,,
MTB_B15_BA5045_T47_F,59.49833,35.66044,4.84123,0.0,CM_MTB,ITA,Europe,yes,,,BA5045,579.0,,,,
MTB_B15_BA5045_T48_F,29.30494,26.65437,44.04069,0.0,CM_MTB,ITA,Europe,yes,,,BA5045,587.0,,,,
MTB_B15_BA5045_TES_F,57.33509,38.34507,4.31984,0.0,CM_MTB,ITA,Europe,yes,,,BA5045,626.0,,,,
MTB_B1_BA5002_T01_F,100.0,0.0,0.0,0.0,CM_MTB,ITA,Europe,yes,,,BA5002,273.0,,,,
MTB_B1_BA5002_T05_F,56.05169,43.94831,0.0,0.0,CM_MTB,ITA,Europe,yes,,,BA5002,295.0,,,,
MTB_B1_BA5002_T08_F,40.32404,44.71432,14.96163,0.0,CM_MTB,ITA,Europe,yes,,,BA5002,315.0,,,,
MTB_B1_BA5002_T11_F,21.74937,41.91877,36.33187,0.0,CM_MTB,ITA,Europe,yes,,,BA5002,336.0,,,,
MTB_B1_BA5002_T12_F,16.76117,55.42262,27.81621,0.0,CM_MTB,ITA,Europe,yes,,,BA5002,343.0,,,,
MTB_B1_BA5002_T13_F,30.77949,44.54574,24.67477,0.0,CM_MTB,ITA,Europe,yes,,,BA5002,350.0,,,,
MTB_B1_BA5002_T15_F,39.67069,32.05428,28.27503,0.0,CM_MTB,ITA,Europe,yes,,,BA5002,366.0,,,,
MTB_B1_BA5002_T17_F,21.13021,49.48472,29.38507,0.0,CM_MTB,ITA,Europe,yes,,,BA5002,379.0,,,,
MTB_B1_BA5002_T21_F,40.73397,31.18706,28.07897,0.0,CM_MTB,ITA,Europe,yes,,,BA5002,413.0,,,,
MTB_B1_BA5002_T23_F,40.70863,41.90668,17.3847,0.0,CM_MTB,ITA,Europe,yes,,,BA5002,428.0,,,,
MTB_B1_BA5002_T24_F,56.4109,29.51854,14.07056,0.0,CM_MTB,ITA,Europe,yes,,,BA5002,434.0,,,,
MTB_B1_BA5002_T25_F,46.40348,24.00044,29.59608,0.0,CM_MTB,ITA,Europe,yes,,,BA5002,441.0,,,,
MTB_B1_BA5002_T26_F,51.2127,36.17869,12.6086,0.0,CM_MTB,ITA,Europe,yes,,,BA5002,448.0,,,,
MTB_B1_BA5002_T27_F,48.53888,17.30504,34.15608,0.0,CM_MTB,ITA,Europe,yes,,,BA5002,455.0,,,,
MTB_B1_BA5002_T28_F,44.14047,34.61388,21.24142,0.00422,CM_MTB,ITA,Europe,yes,,,BA5002,461.0,,,,
MTB_B1_BA5002_T29_F,41.50527,42.57017,15.92456,0.0,CM_MTB,ITA,Europe,yes,,,BA5002,469.0,,,,
MTB_B1_BA5002_T30_F,51.03758,39.05975,9.90267,0.0,CM_MTB,ITA,Europe,yes,,,BA5002,476.0,,,,
MTB_B1_BA5002_T31_F,41.1978,46.25798,12.54422,0.0,CM_MTB,ITA,Europe,yes,,,BA5002,483.0,,,,
MTB_B1_BA5002_T32_F,39.18753,53.7542,7.05827,0.0,CM_MTB,ITA,Europe,yes,,,BA5002,488.0,,,,
MTB_B1_BA5002_T33_F,37.91993,45.44653,16.63354,0.0,CM_MTB,ITA,Europe,yes,,,BA5002,498.0,,,,
MTB_B1_BA5002_T34_F,41.63399,45.0793,13.28671,0.0,CM_MTB,ITA,Europe,yes,,,BA5002,504.0,,,,
MTB_B1_BA5002_T35_F,55.75416,29.07617,15.16967,0.0,CM_MTB,ITA,Europe,yes,,,BA5002,512.0,,,,
MTB_B1_BA5002_T37_F,53.56007,34.83833,11.60066,0.00094,CM_MTB,ITA,Europe,yes,,,BA5002,525.0,,,,
MTB_B1_BA5002_T38_F,46.93365,39.31727,13.74908,0.0,CM_MTB,ITA,Europe,yes,,,BA5002,532.0,,,,
MTB_B1_BA5002_T39_F,95.96079,0.0293,4.00991,0.0,CM_MTB,ITA,Europe,yes,,,BA5002,539.0,,,,
MTB_B1_BA5002_T40_F,17.9621,35.56707,46.47084,0.0,CM_MTB,ITA,Europe,yes,,,BA5002,546.0,,,,
MTB_B1_BA5002_T41_F,39.39375,42.38854,18.21771,0.0,CM_MTB,ITA,Europe,yes,,,BA5002,553.0,,,,
MTB_B1_BA5002_T43_F,49.12235,40.1858,10.6907,0.00114,CM_MTB,ITA,Europe,yes,,,BA5002,567.0,,,,
MTB_B1_BA5002_T45_F,41.06574,49.83228,9.10038,0.0016,CM_MTB,ITA,Europe,yes,,,BA5002,583.0,,,,
MTB_B1_BA5002_T46_F,48.60834,42.82186,8.5698,0.0,CM_MTB,ITA,Europe,yes,,,BA5002,590.0,,,,
MTB_B1_BA5002_T47_F,58.23885,35.72591,6.03383,0.00141,CM_MTB,ITA,Europe,yes,,,BA5002,597.0,,,,
MTB_B1_BA5002_T48_F,50.7097,38.45251,10.83779,0.0,CM_MTB,ITA,Europe,yes,,,BA5002,604.0,,,,
MTB_B2_BA5005_T01_F,20.59675,64.39691,15.00634,0.0,CM_MTB,ITA,Europe,yes,,,BA5005,272.0,,,,
MTB_B2_BA5005_T05_F,33.23305,54.87625,11.8907,0.0,CM_MTB,ITA,Europe,yes,,,BA5005,295.0,,,,
MTB_B2_BA5005_T06_F,28.40007,58.09404,13.5049,0.001,CM_MTB,ITA,Europe,yes,,,BA5005,299.0,,,,
MTB_B2_BA5005_T07_F,40.88402,50.93102,8.18496,0.0,CM_MTB,ITA,Europe,yes,,,BA5005,309.0,,,,
MTB_B2_BA5005_T10_F,55.4094,12.75444,31.83616,0.0,CM_MTB,ITA,Europe,yes,,,BA5005,329.0,,,,
MTB_B2_BA5005_T11_F,55.53783,29.35456,15.10761,0.0,CM_MTB,ITA,Europe,yes,,,BA5005,336.0,,,,
MTB_B2_BA5005_T13_F,68.96089,13.73807,17.30105,0.0,CM_MTB,ITA,Europe,yes,,,BA5005,350.0,,,,
MTB_B2_BA5005_T16_F,75.77355,9.34352,14.88292,0.0,CM_MTB,ITA,Europe,yes,,,BA5005,371.0,,,,
MTB_B2_BA5005_T19_F,82.3227,9.11349,8.56381,0.0,CM_MTB,ITA,Europe,yes,,,BA5005,401.0,,,,
MTB_B2_BA5005_T20_F,69.46794,23.41641,7.11566,0.0,CM_MTB,ITA,Europe,yes,,,BA5005,407.0,,,,
MTB_B2_BA5005_T22_F,93.09808,1.77211,5.12981,0.0,CM_MTB,ITA,Europe,yes,,,BA5005,420.0,,,,
MTB_B2_BA5005_T23_F,80.55332,15.11995,4.32673,0.0,CM_MTB,ITA,Europe,yes,,,BA5005,428.0,,,,
MTB_B2_BA5005_T24_F,79.3949,3.66683,16.93827,0.0,CM_MTB,ITA,Europe,yes,,,BA5005,434.0,,,,
MTB_B2_BA5005_T25_F,78.78936,2.32628,18.88436,0.0,CM_MTB,ITA,Europe,yes,,,BA5005,441.0,,,,
MTB_B2_BA5005_T27_F,78.21153,2.55094,19.22178,0.01575,CM_MTB,ITA,Europe,yes,,,BA5005,455.0,,,,
MTB_B2_BA5005_T29_F,91.59329,0.0,8.40671,0.0,CM_MTB,ITA,Europe,yes,,,BA5005,469.0,,,,
MTB_B2_BA5005_T30_F,84.90557,0.0,15.09443,0.0,CM_MTB,ITA,Europe,yes,,,BA5005,476.0,,,,
MTB_B2_BA5005_T31_F,0.00118,0.0,99.99882,0.0,CM_MTB,ITA,Europe,yes,,,BA5005,483.0,,,,
MTB_B2_BA5005_T32_F,6.59368,0.0,93.40632,0.0,CM_MTB,ITA,Europe,yes,,,BA5005,488.0,,,,
MTB_B2_BA5005_T33_F,70.03458,0.97672,28.98871,0.0,CM_MTB,ITA,Europe,yes,,,BA5005,497.0,,,,
MTB_B2_BA5005_T36_F,42.84335,47.09243,10.06422,0.0,CM_MTB,ITA,Europe,yes,,,BA5005,520.0,,,,
MTB_B2_BA5005_T37_F,45.15112,39.60651,15.24236,0.0,CM_MTB,ITA,Europe,yes,,,BA5005,526.0,,,,
MTB_B2_BA5005_T38_F,54.42123,35.82664,9.75213,0.0,CM_MTB,ITA,Europe,yes,,,BA5005,532.0,,,,
MTB_B2_BA5005_T39_F,33.0616,54.56983,12.36857,0.0,CM_MTB,ITA,Europe,yes,,,BA5005,540.0,,,,
MTB_B2_BA5005_T40_F,51.04855,39.33973,9.61172,0.0,CM_MTB,ITA,Europe,yes,,,BA5005,546.0,,,,
MTB_B2_BA5005_T43_F,57.12605,22.65892,20.21503,0.0,CM_MTB,ITA,Europe,yes,,,BA5005,567.0,,,,
MTB_B2_BA5005_T44_F,79.14941,0.15852,20.69207,0.0,CM_MTB,ITA,Europe,yes,,,BA5005,576.0,,,,
MTB_B2_BA5005_T46_F,62.69361,2.24134,35.06505,0.0,CM_MTB,ITA,Europe,yes,,,BA5005,588.0,,,,
MTB_B2_BA5005_T47_F,61.08745,21.95866,16.95389,0.0,CM_MTB,ITA,Europe,yes,,,BA5005,596.0,,,,
MTB_B2_BA5005_T48_F,60.10478,26.81621,13.07901,0.0,CM_MTB,ITA,Europe,yes,,,BA5005,604.0,,,,
MTB_B3_BA5007_T01_F,38.95403,61.04266,0.0033,0.0,CM_MTB,ITA,Europe,yes,,,BA5007,303.0,,,,
MTB_B3_BA5007_T04_F,49.6583,39.2036,11.13811,0.0,CM_MTB,ITA,Europe,yes,,,BA5007,319.0,,,,
MTB_B3_BA5007_T05_F,59.05531,32.87292,8.07177,0.0,CM_MTB,ITA,Europe,yes,,,BA5007,325.0,,,,
MTB_B3_BA5007_T06_F,45.97751,43.33573,10.68676,0.0,CM_MTB,ITA,Europe,yes,,,BA5007,332.0,,,,
MTB_B3_BA5007_T07_F,55.80709,38.56373,5.62919,0.0,CM_MTB,ITA,Europe,yes,,,BA5007,341.0,,,,
MTB_B3_BA5007_T08_F,31.58688,53.30024,15.11288,0.0,CM_MTB,ITA,Europe,yes,,,BA5007,346.0,,,,
MTB_B3_BA5007_T10_F,34.10687,29.44983,36.4433,0.0,CM_MTB,ITA,Europe,yes,,,BA5007,359.0,,,,
MTB_B3_BA5007_T11_F,31.65622,47.93091,20.41159,0.00128,CM_MTB,ITA,Europe,yes,,,BA5007,368.0,,,,
MTB_B3_BA5007_T12_FN,7.27469,32.09951,60.56827,0.05753,CM_MTB,ITA,Europe,yes,,,BA5007,374.0,,,,
MTB_B3_BA5007_T13_F,38.7551,36.43673,23.52361,1.28456,CM_MTB,ITA,Europe,yes,,,BA5007,379.0,,,,
MTB_B3_BA5007_T14_F,14.48279,66.04075,19.44759,0.02887,CM_MTB,ITA,Europe,yes,,,BA5007,390.0,,,,
MTB_B3_BA5007_T15_F,24.32054,41.68129,33.99818,0.0,CM_MTB,ITA,Europe,yes,,,BA5007,395.0,,,,
MTB_B3_BA5007_T16_F,12.90691,64.18126,22.91184,0.0,CM_MTB,ITA,Europe,yes,,,BA5007,416.0,,,,
MTB_B3_BA5007_TES_F,58.10981,37.19685,4.69334,0.0,CM_MTB,ITA,Europe,yes,,,BA5007,652.0,,,,
MTB_B4_BA5009_T01_F,99.95196,0.04804,0.0,0.0,CM_MTB,ITA,Europe,yes,,,BA5009,181.0,,,,
MTB_B4_BA5009_T06_F,5.31916,17.46999,36.7299,40.48096,CM_MTB,ITA,Europe,yes,,,BA5009,211.0,,,,
MTB_B4_BA5009_T07_F,10.72833,12.83496,15.8884,60.54831,CM_MTB,ITA,Europe,yes,,,BA5009,217.0,,,,
MTB_B4_BA5009_T09_F,3.01059,6.37313,7.6437,82.97257,CM_MTB,ITA,Europe,yes,,,BA5009,231.0,,,,
MTB_B4_BA5009_T10_F,5.82715,7.99754,18.71829,67.45702,CM_MTB,ITA,Europe,yes,,,BA5009,237.0,,,,
MTB_B4_BA5009_T12_F,6.83496,19.242,15.55049,58.37255,CM_MTB,ITA,Europe,yes,,,BA5009,250.0,,,,
MTB_B4_BA5009_T13_F,2.47566,8.32468,13.06114,76.13851,CM_MTB,ITA,Europe,yes,,,BA5009,258.0,,,,
MTB_B4_BA5009_T15_F,6.99836,8.28087,14.23916,70.48161,CM_MTB,ITA,Europe,yes,,,BA5009,271.0,,,,
MTB_B4_BA5009_TSS_F,92.87612,3.06042,4.06345,0.0,CM_MTB,ITA,Europe,yes,,,BA5009,487.0,,,,
MTB_B5_BA5016_T01_F,14.24723,0.0,16.07356,69.6792,CM_MTB,ITA,Europe,yes,,,BA5016,332.0,,,,
MTB_B5_BA5016_T05_F,47.05777,0.0,15.78156,37.16067,CM_MTB,ITA,Europe,yes,,,BA5016,354.0,,,,
MTB_B5_BA5016_T08_F,21.27379,0.0,19.10181,59.6244,CM_MTB,ITA,Europe,yes,,,BA5016,375.0,,,,
MTB_B5_BA5016_T09_F,22.25094,0.0,9.92869,67.82037,CM_MTB,ITA,Europe,yes,,,BA5016,382.0,,,,
MTB_B5_BA5016_T10_F,30.11019,0.0,12.17675,57.71306,CM_MTB,ITA,Europe,yes,,,BA5016,389.0,,,,
MTB_B5_BA5016_T11_F,22.8915,28.10678,18.49534,30.50638,CM_MTB,ITA,Europe,yes,,,BA5016,396.0,,,,
MTB_B5_BA5016_T17_F,15.86579,54.68677,21.76554,7.6819,CM_MTB,ITA,Europe,yes,,,BA5016,439.0,,,,
MTB_B5_BA5016_T18_F,8.91021,70.64097,11.03562,9.4132,CM_MTB,ITA,Europe,yes,,,BA5016,444.0,,,,
MTB_B5_BA5016_T19_F,21.92535,55.9026,16.85464,5.31741,CM_MTB,ITA,Europe,yes,,,BA5016,466.0,,,,
MTB_B5_BA5016_T23_F,48.02351,42.19818,9.02953,0.74878,CM_MTB,ITA,Europe,yes,,,BA5016,488.0,,,,
MTB_B5_BA5016_T24_F,59.79584,30.31984,9.85531,0.02901,CM_MTB,ITA,Europe,yes,,,BA5016,496.0,,,,
MTB_B5_BA5016_T25_F,55.90976,40.59543,3.48033,0.01447,CM_MTB,ITA,Europe,yes,,,BA5016,501.0,,,,
MTB_B5_BA5016_T26_F,57.65755,34.67423,7.63856,0.02966,CM_MTB,ITA,Europe,yes,,,BA5016,508.0,,,,
MTB_B5_BA5016_T27_F,62.86631,31.77144,5.35422,0.00803,CM_MTB,ITA,Europe,yes,,,BA5016,515.0,,,,
MTB_B5_BA5016_T28_F,49.20893,45.5437,5.23517,0.0122,CM_MTB,ITA,Europe,yes,,,BA5016,523.0,,,,
MTB_B5_BA5016_T29_F,52.04449,43.11952,4.83513,0.00086,CM_MTB,ITA,Europe,yes,,,BA5016,531.0,,,,
MTB_B5_BA5016_T30_F,53.38399,40.99959,5.60385,0.01258,CM_MTB,ITA,Europe,yes,,,BA5016,536.0,,,,
MTB_B5_BA5016_T31_F,53.49021,36.3736,10.10977,0.02641,CM_MTB,ITA,Europe,yes,,,BA5016,545.0,,,,
MTB_B5_BA5016_T32_F,42.6886,51.94263,5.35448,0.01429,CM_MTB,ITA,Europe,yes,,,BA5016,550.0,,,,
MTB_B5_BA5016_T33_F,40.46145,49.80991,9.71427,0.01437,CM_MTB,ITA,Europe,yes,,,BA5016,557.0,,,,
MTB_B5_BA5016_T34_F,53.99125,32.90428,13.10447,0.0,CM_MTB,ITA,Europe,yes,,,BA5016,566.0,,,,
MTB_B5_BA5016_T35_F,41.20237,48.62576,10.17188,0.0,CM_MTB,ITA,Europe,yes,,,BA5016,573.0,,,,
MTB_B5_BA5016_T36_F,48.15296,43.36526,8.48077,0.001,CM_MTB,ITA,Europe,yes,,,BA5016,579.0,,,,
MTB_B5_BA5016_T38_F,49.98814,40.82491,9.18694,0.0,CM_MTB,ITA,Europe,yes,,,BA5016,594.0,,,,
MTB_B5_BA5016_T39_F,54.14577,40.09409,5.76015,0.0,CM_MTB,ITA,Europe,yes,,,BA5016,600.0,,,,
MTB_B5_BA5016_T40_F,46.51804,49.23727,4.24469,0.0,CM_MTB,ITA,Europe,yes,,,BA5016,606.0,,,,
MTB_B5_BA5016_T41_F,51.49806,45.71741,2.78453,0.0,CM_MTB,ITA,Europe,yes,,,BA5016,613.0,,,,
MTB_B5_BA5016_T42_F,51.6362,46.75865,1.60515,0.0,CM_MTB,ITA,Europe,yes,,,BA5016,620.0,,,,
MTB_B5_BA5016_T43_F,38.55283,59.53605,1.91111,0.0,CM_MTB,ITA,Europe,yes,,,BA5016,627.0,,,,
MTB_B5_BA5016_T46_F,54.97988,40.87794,4.14032,0.00185,CM_MTB,ITA,Europe,yes,,,BA5016,648.0,,,,
MTB_B5_BA5016_T47_F,54.00393,43.4615,2.53457,0.0,CM_MTB,ITA,Europe,yes,,,BA5016,657.0,,,,
MTB_B6_BA5018_T01_F,4.3013,10.11007,6.68627,78.90237,CM_MTB,ITA,Europe,yes,,,BA5018,395.0,,,,
MTB_B6_BA5018_T06_F,16.11929,67.21328,16.66743,0.0,CM_MTB,ITA,Europe,yes,,,BA5018,420.0,,,,
MTB_B6_BA5018_T07_F,10.02837,85.31906,4.65257,0.0,CM_MTB,ITA,Europe,yes,,,BA5018,430.0,,,,
MTB_B6_BA5018_T08_F,18.26414,75.40755,6.32831,0.0,CM_MTB,ITA,Europe,yes,,,BA5018,436.0,,,,
MTB_B6_BA5018_T09_F,37.17677,58.93824,3.88499,0.0,CM_MTB,ITA,Europe,yes,,,BA5018,443.0,,,,
MTB_B6_BA5018_T10_F,48.61659,48.97652,2.40689,0.0,CM_MTB,ITA,Europe,yes,,,BA5018,450.0,,,,
MTB_B6_BA5018_T14_F,100.0,0.0,0.0,0.0,CM_MTB,ITA,Europe,yes,,,BA5018,478.0,,,,
MTB_B6_BA5018_T15_F,100.0,0.0,0.0,0.0,CM_MTB,ITA,Europe,yes,,,BA5018,487.0,,,,
MTB_B6_BA5018_T17_F,98.96111,0.0,1.03889,0.0,CM_MTB,ITA,Europe,yes,,,BA5018,500.0,,,,
MTB_B6_BA5018_T18_F,94.22148,0.0,5.77852,0.0,CM_MTB,ITA,Europe,yes,,,BA5018,505.0,,,,
MTB_B6_BA5018_T20_F,92.26919,0.0,7.73081,0.0,CM_MTB,ITA,Europe,yes,,,BA5018,528.0,,,,
MTB_B6_BA5018_T21_F,91.88309,0.0,8.11691,0.0,CM_MTB,ITA,Europe,yes,,,BA5018,535.0,,,,
MTB_B6_BA5018_T22_F,94.03749,0.0,5.96251,0.0,CM_MTB,ITA,Europe,yes,,,BA5018,541.0,,,,
MTB_B6_BA5018_T23_F,98.67148,0.0,1.32852,0.0,CM_MTB,ITA,Europe,yes,,,BA5018,549.0,,,,
MTB_B6_BA5018_T24_F,78.28601,0.0,21.71399,0.0,CM_MTB,ITA,Europe,yes,,,BA5018,555.0,,,,
MTB_B6_BA5018_T25_F,94.15448,0.0,5.84552,0.0,CM_MTB,ITA,Europe,yes,,,BA5018,562.0,,,,
MTB_B6_BA5018_T26_F,91.20001,0.0,8.79999,0.0,CM_MTB,ITA,Europe,yes,,,BA5018,569.0,,,,
MTB_B6_BA5018_T28_F,55.15719,0.01394,44.82888,0.0,CM_MTB,ITA,Europe,yes,,,BA5018,583.0,,,,
MTB_B6_BA5018_T29_F,78.17209,0.0,21.82791,0.0,CM_MTB,ITA,Europe,yes,,,BA5018,590.0,,,,
MTB_B6_BA5018_T30_F,36.75575,56.82646,6.41779,0.0,CM_MTB,ITA,Europe,yes,,,BA5018,599.0,,,,
MTB_B6_BA5018_T31_F,24.68814,60.21443,15.09742,0.0,CM_MTB,ITA,Europe,yes,,,BA5018,604.0,,,,
MTB_B6_BA5018_T33_F,55.62206,40.11076,4.26717,0.0,CM_MTB,ITA,Europe,yes,,,BA5018,618.0,,,,
MTB_B6_BA5018_T34_F,46.81853,44.84418,8.33729,0.0,CM_MTB,ITA,Europe,yes,,,BA5018,625.0,,,,
MTB_B6_BA5018_T35_F,64.69336,33.82851,1.47812,0.0,CM_MTB,ITA,Europe,yes,,,BA5018,632.0,,,,
MTB_B6_BA5018_T36_F,95.90214,2.59735,1.50051,0.0,CM_MTB,ITA,Europe,yes,,,BA5018,639.0,,,,
MTB_B6_BA5018_T37_F,92.05139,0.0,7.94861,0.0,CM_MTB,ITA,Europe,yes,,,BA5018,646.0,,,,
MTB_B6_BA5018_T38_F,2.38799,0.0,97.61201,0.0,CM_MTB,ITA,Europe,yes,,,BA5018,653.0,,,,
MTB_B6_BA5018_T41_F,100.0,0.0,0.0,0.0,CM_MTB,ITA,Europe,yes,,,BA5018,674.0,,,,
MTB_B6_BA5018_T42_F,0.0,0.0,0.0,0.0,CM_MTB,ITA,Europe,yes,,,BA5018,680.0,,,,
MTB_B6_BA5018_T44_F,0.0,0.0,0.0,0.0,CM_MTB,ITA,Europe,yes,,,BA5018,694.0,,,,
MTB_B6_BA5018_T46_F,0.0,0.0,0.0,0.0,CM_MTB,ITA,Europe,yes,,,BA5018,709.0,,,,
MTB_B6_BA5018_TES_F,100.0,0.0,0.0,0.0,CM_MTB,ITA,Europe,yes,,,BA5018,763.0,,,,
MTB_B7_BA5021_T01_F,44.14936,41.01263,14.83802,0.0,CM_MTB,ITA,Europe,yes,,,BA5021,303.0,,,,
MTB_B7_BA5021_T06_F,70.42395,17.55127,12.02479,0.0,CM_MTB,ITA,Europe,yes,,,BA5021,325.0,,,,
MTB_B7_BA5021_T07_F,47.23771,41.54668,11.21561,0.0,CM_MTB,ITA,Europe,yes,,,BA5021,335.0,,,,
MTB_B7_BA5021_T08_F,62.15639,32.30664,5.53613,0.00084,CM_MTB,ITA,Europe,yes,,,BA5021,341.0,,,,
MTB_B7_BA5021_T12_F,65.58276,27.69986,6.45695,0.26044,CM_MTB,ITA,Europe,yes,,,BA5021,370.0,,,,
MTB_B7_BA5021_T14_F,39.51258,50.86377,9.61864,0.00501,CM_MTB,ITA,Europe,yes,,,BA5021,383.0,,,,
MTB_B7_BA5021_T15_F,45.7747,47.36355,6.86175,0.0,CM_MTB,ITA,Europe,yes,,,BA5021,392.0,,,,
MTB_B7_BA5021_T17_F,56.19347,35.64302,8.16184,0.00167,CM_MTB,ITA,Europe,yes,,,BA5021,403.0,,,,
MTB_B7_BA5021_T18_F,50.39618,37.73339,11.86929,0.00115,CM_MTB,ITA,Europe,yes,,,BA5021,411.0,,,,
MTB_B8_BA5023_T01_F,49.94213,32.12437,17.9335,0.0,CM_MTB,ITA,Europe,yes,,,BA5023,398.0,,,,
MTB_B8_BA5023_T06_F,49.19593,29.47641,21.32726,0.0004,CM_MTB,ITA,Europe,yes,,,BA5023,420.0,,,,
MTB_B8_BA5023_T08_F,42.80468,41.86066,15.33364,0.00103,CM_MTB,ITA,Europe,yes,,,BA5023,436.0,,,,
MTB_B8_BA5023_T10_F,53.18572,29.7293,17.08459,0.00039,CM_MTB,ITA,Europe,yes,,,BA5023,450.0,,,,
MTB_B8_BA5023_T11_F,28.06749,63.41993,8.51258,0.0,CM_MTB,ITA,Europe,yes,,,BA5023,457.0,,,,
MTB_B8_BA5023_T12_F,33.74391,55.71426,10.54183,0.0,CM_MTB,ITA,Europe,yes,,,BA5023,464.0,,,,
MTB_B8_BA5023_T15_F,34.70488,39.28383,26.01129,0.0,CM_MTB,ITA,Europe,yes,,,BA5023,487.0,,,,
MTB_B8_BA5023_T17_F,29.97844,31.20639,38.81473,0.00044,CM_MTB,ITA,Europe,yes,,,BA5023,500.0,,,,
MTB_B8_BA5023_T18_F,47.49409,34.52019,17.90401,0.08171,CM_MTB,ITA,Europe,yes,,,BA5023,506.0,,,,
MTB_B8_BA5023_T19_F,40.77715,43.10453,16.11832,0.0,CM_MTB,ITA,Europe,yes,,,BA5023,522.0,,,,
MTB_B8_BA5023_T20_F,50.52141,19.66308,29.81551,0.0,CM_MTB,ITA,Europe,yes,,,BA5023,528.0,,,,
MTB_B8_BA5023_T21_F,23.19854,63.48268,13.31878,0.0,CM_MTB,ITA,Europe,yes,,,BA5023,535.0,,,,
MTB_B8_BA5023_T22_F,38.23508,40.41214,21.35279,0.0,CM_MTB,ITA,Europe,yes,,,BA5023,541.0,,,,
MTB_B8_BA5023_T23_F,53.66809,30.65979,15.67212,0.0,CM_MTB,ITA,Europe,yes,,,BA5023,549.0,,,,
MTB_B8_BA5023_T27_F,34.28326,54.8207,10.89604,0.0,CM_MTB,ITA,Europe,yes,,,BA5023,577.0,,,,
MTB_B8_BA5023_T28_F,38.83126,52.22971,8.93903,0.0,CM_MTB,ITA,Europe,yes,,,BA5023,582.0,,,,
MTB_B8_BA5023_T29_F,17.74537,9.68445,63.22933,9.34085,CM_MTB,ITA,Europe,yes,,,BA5023,590.0,,,,
MTB_B8_BA5023_T30_F,63.10199,0.35317,36.53673,0.00812,CM_MTB,ITA,Europe,yes,,,BA5023,599.0,,,,
MTB_B8_BA5023_T31_F,32.12479,59.494,8.38121,0.0,CM_MTB,ITA,Europe,yes,,,BA5023,604.0,,,,
MTB_B8_BA5023_T32_F,45.75958,40.75719,13.48322,0.0,CM_MTB,ITA,Europe,yes,,,BA5023,609.0,,,,
MTB_B8_BA5023_T33_F,90.35081,6.62521,3.02398,0.0,CM_MTB,ITA,Europe,yes,,,BA5023,618.0,,,,
MTB_B8_BA5023_T34_F,98.55824,0.0,1.44176,0.0,CM_MTB,ITA,Europe,yes,,,BA5023,625.0,,,,
MTB_B8_BA5023_T35_F,90.52907,1.80585,7.66509,0.0,CM_MTB,ITA,Europe,yes,,,BA5023,632.0,,,,
MTB_B8_BA5023_T36_F,44.32212,51.83499,3.84289,0.0,CM_MTB,ITA,Europe,yes,,,BA5023,639.0,,,,
MTB_B8_BA5023_T37_F,99.24884,0.16487,0.58629,0.0,CM_MTB,ITA,Europe,yes,,,BA5023,646.0,,,,
MTB_B8_BA5023_T38_F,86.01889,5.93422,8.04689,0.0,CM_MTB,ITA,Europe,yes,,,BA5023,653.0,,,,
MTB_B8_BA5023_T42_F,35.69033,61.68162,2.62805,0.0,CM_MTB,ITA,Europe,yes,,,BA5023,679.0,,,,
MTB_B8_BA5023_T43_F,56.42914,41.02909,2.54178,0.0,CM_MTB,ITA,Europe,yes,,,BA5023,687.0,,,,
MTB_B8_BA5023_T44_F,48.71627,39.30817,11.97556,0.0,CM_MTB,ITA,Europe,yes,,,BA5023,697.0,,,,
MTB_B8_BA5023_T45_F,52.36902,42.47239,5.15859,0.0,CM_MTB,ITA,Europe,yes,,,BA5023,702.0,,,,
MTB_B8_BA5023_T46_F,85.73904,10.9288,3.33217,0.0,CM_MTB,ITA,Europe,yes,,,BA5023,711.0,,,,
MTB_B8_BA5023_T48_F,49.84976,48.02678,2.12346,0.0,CM_MTB,ITA,Europe,yes,,,BA5023,724.0,,,,
MTB_B8_BA5023_TES_F,93.09467,0.0,6.90533,0.0,CM_MTB,ITA,Europe,yes,,,BA5023,763.0,,,,
MTB_B9_BA5029_T05_F,6.36193,2.05347,52.61603,38.96857,CM_MTB,ITA,Europe,yes,,,BA5029,294.0,,,,
MTB_B9_BA5029_T07_F,10.35945,2.52664,71.73077,15.38314,CM_MTB,ITA,Europe,yes,,,BA5029,309.0,,,,
MTB_B9_BA5029_T09_F,4.7052,0.00982,87.48634,7.79864,CM_MTB,ITA,Europe,yes,,,BA5029,322.0,,,,
MTB_B9_BA5029_T10_F,14.68675,2.68512,77.078,5.55013,CM_MTB,ITA,Europe,yes,,,BA5029,330.0,,,,
MTB_B9_BA5029_T12_F,4.23223,0.044,73.99819,21.72558,CM_MTB,ITA,Europe,yes,,,BA5029,344.0,,,,
MTB_B9_BA5029_T13_F,4.58952,0.0,75.51156,19.89893,CM_MTB,ITA,Europe,yes,,,BA5029,350.0,,,,
MTB_B9_BA5029_T14_F,1.72179,0.0,49.32408,48.95413,CM_MTB,ITA,Europe,yes,,,BA5029,358.0,,,,
MTB_B9_BA5029_T17_F,2.44261,0.0,84.81285,12.74455,CM_MTB,ITA,Europe,yes,,,BA5029,379.0,,,,
MTB_B9_BA5029_T20_F,25.23942,3.98218,61.48277,9.29563,CM_MTB,ITA,Europe,yes,,,BA5029,407.0,,,,
MTB_B9_BA5029_T21_F,21.55447,14.52849,54.14292,9.77412,CM_MTB,ITA,Europe,yes,,,BA5029,413.0,,,,
MTB_B9_BA5029_T22_F,4.15308,8.03042,68.59004,19.22646,CM_MTB,ITA,Europe,yes,,,BA5029,420.0,,,,
MTB_B9_BA5029_T23_F,20.05838,25.61734,53.86879,0.45549,CM_MTB,ITA,Europe,yes,,,BA5029,428.0,,,,
MTB_B9_BA5029_T24_F,23.70965,22.70338,53.57537,0.01159,CM_MTB,ITA,Europe,yes,,,BA5029,434.0,,,,
MTB_B9_BA5029_T25_F,45.22688,29.02552,25.69656,0.05104,CM_MTB,ITA,Europe,yes,,,BA5029,441.0,,,,
MTB_B9_BA5029_T27_F,24.13187,22.74887,53.11926,0.0,CM_MTB,ITA,Europe,yes,,,BA5029,455.0,,,,
MTB_B9_BA5029_T29_F,66.10074,0.0,33.89862,0.00064,CM_MTB,ITA,Europe,yes,,,BA5029,469.0,,,,
MTB_B9_BA5029_T30_F,51.90632,0.49409,47.5996,0.0,CM_MTB,ITA,Europe,yes,,,BA5029,476.0,,,,
MTB_B9_BA5029_T32_F,0.01612,0.00169,99.98219,0.0,CM_MTB,ITA,Europe,yes,,,BA5029,488.0,,,,
MTB_B9_BA5029_T33_F,20.57205,0.0,79.42795,0.0,CM_MTB,ITA,Europe,yes,,,BA5029,497.0,,,,
MTB_B9_BA5029_T34_F,36.52871,0.0,63.47129,0.0,CM_MTB,ITA,Europe,yes,,,BA5029,505.0,,,,
MTB_B9_BA5029_T35_F,61.12828,0.07574,38.67399,0.12199,CM_MTB,ITA,Europe,yes,,,BA5029,511.0,,,,
MTB_B9_BA5029_T36_F,99.35619,0.0,0.64381,0.0,CM_MTB,ITA,Europe,yes,,,BA5029,518.0,,,,
MTB_B9_BA5029_T37_F,74.77687,0.11266,25.11048,0.0,CM_MTB,ITA,Europe,yes,,,BA5029,525.0,,,,
MTB_B9_BA5029_T38_F,91.11353,0.0,8.88647,0.0,CM_MTB,ITA,Europe,yes,,,BA5029,532.0,,,,
MTB_B9_BA5029_T39_F,71.36014,0.0,28.63986,0.0,CM_MTB,ITA,Europe,yes,,,BA5029,539.0,,,,
MTB_B9_BA5029_T40_F,43.81466,0.14943,56.03591,0.0,CM_MTB,ITA,Europe,yes,,,BA5029,546.0,,,,
MTB_B9_BA5029_T42_F,45.9311,25.84433,28.22457,0.0,CM_MTB,ITA,Europe,yes,,,BA5029,561.0,,,,
MTB_B9_BA5029_T43_F,30.68272,56.5386,12.77869,0.0,CM_MTB,ITA,Europe,yes,,,BA5029,567.0,,,,
MTB_B9_BA5029_T44_F,38.34917,47.643,14.00783,0.0,CM_MTB,ITA,Europe,yes,,,BA5029,574.0,,,,
MTB_B9_BA5029_T45_F,98.12384,0.03572,1.84044,0.0,CM_MTB,ITA,Europe,yes,,,BA5029,581.0,,,,
MTB_B9_BA5029_T46_F,50.81234,42.17685,7.01019,0.00061,CM_MTB,ITA,Europe,yes,,,BA5029,590.0,,,,
MTB_B9_BA5029_T47_F,48.27875,44.73902,6.98224,0.0,CM_MTB,ITA,Europe,yes,,,BA5029,595.0,,,,
MTB_B9_BA5029_T48_F,32.47934,27.56198,39.95868,0.0,CM_MTB,ITA,Europe,yes,,,BA5029,603.0,,,,
MTB_B9_C_T01_F,3.55879,3.27855,42.76113,50.40153,CM_MTB,ITA,Europe,yes,,,BA5029,274.0,,,,
MTB_G0_ED3022X_T03_F,3.82596,36.62326,5.03878,54.512,CM_MTB,ITA,Europe,yes,,,BA3055,,,,,
MTB_G10_BA3036_T03_F,1.26683,17.73136,3.06264,77.93917,CM_MTB,ITA,Europe,yes,,,BA3036,311.0,,,,
MTB_G10_BA3036_T05_F,1.9548,12.05706,1.6374,84.35073,CM_MTB,ITA,Europe,yes,,,BA3036,322.0,,,,
MTB_G10_BA3036_T07_F,0.71122,3.30116,2.08292,93.90469,CM_MTB,ITA,Europe,yes,,,BA3036,336.0,,,,
MTB_G10_BA3036_T09_F,6.95506,16.2041,5.9803,70.86054,CM_MTB,ITA,Europe,yes,,,BA3036,352.0,,,,
MTB_G10_BA3036_T10_F,7.74257,15.97079,16.11173,60.17492,CM_MTB,ITA,Europe,yes,,,BA3036,359.0,,,,
MTB_G10_BA3036_T11_F,7.04841,19.24333,16.02992,57.67833,CM_MTB,ITA,Europe,yes,,,BA3036,364.0,,,,
MTB_G10_BA3036_T12_F,3.42222,17.28719,24.57714,54.71344,CM_MTB,ITA,Europe,yes,,,BA3036,371.0,,,,
MTB_G10_BA3036_T15_F,2.86937,16.30671,19.08271,61.74121,CM_MTB,ITA,Europe,yes,,,BA3036,392.0,,,,
MTB_G10_BA3036_T16_F,6.45323,22.65786,18.56782,52.32108,CM_MTB,ITA,Europe,yes,,,BA3036,399.0,,,,
MTB_G11_BA3038_T01_F,19.59802,16.03575,64.36619,4e-05,CM_MTB,ITA,Europe,yes,,,BA3038,213.0,,,,
MTB_G11_BA3038_T07_F,0.48934,0.79164,0.00674,98.71228,CM_MTB,ITA,Europe,yes,,,BA3038,240.0,,,,
MTB_G11_BA3038_T15_F,5.81244,12.14587,25.89942,56.14227,CM_MTB,ITA,Europe,yes,,,BA3038,301.0,,,,
MTB_G11_BA3038_TSS_F,41.78872,48.6181,9.59317,0.0,CM_MTB,ITA,Europe,yes,,,BA3038,499.0,,,,
MTB_G12_BA3044_T01_F,0.60376,0.06089,98.34747,0.98789,CM_MTB,ITA,Europe,yes,,,BA3044,121.0,,,,
MTB_G12_BA3044_T06_F,0.64673,0.0,0.0,99.35327,CM_MTB,ITA,Europe,yes,,,BA3044,148.0,,,,
MTB_G12_BA3044_T07_F,0.56796,0.00335,0.00708,99.42161,CM_MTB,ITA,Europe,yes,,,BA3044,161.0,,,,
MTB_G12_BA3044_T08_F,0.62104,0.0,2e-05,99.37894,CM_MTB,ITA,Europe,yes,,,BA3044,166.0,,,,
MTB_G12_BA3044_T11_F,0.64547,0.0,0.0,99.35453,CM_MTB,ITA,Europe,yes,,,BA3044,185.0,,,,
MTB_G12_BA3044_T13_F,0.73398,0.0,47.89846,51.36756,CM_MTB,ITA,Europe,yes,,,BA3044,198.0,,,,
MTB_G12_BA3044_T15_F,0.71974,0.0,18.87906,80.4012,CM_MTB,ITA,Europe,yes,,,BA3044,225.0,,,,
MTB_G12_BA3044_TES_F,93.68276,0.0,6.31682,0.00041,CM_MTB,ITA,Europe,yes,,,BA3044,464.0,,,,
MTB_G12_BA3044_TSS_F,77.26188,0.0,22.73662,0.00151,CM_MTB,ITA,Europe,yes,,,BA3044,421.0,,,,
MTB_G13_BA3046_T01_F,63.4929,36.5071,0.0,0.0,CM_MTB,ITA,Europe,yes,,,BA3046,212.0,,,,
MTB_G13_BA3046_T04_F,0.54919,0.71742,0.04671,98.68667,CM_MTB,ITA,Europe,yes,,,BA3046,227.0,,,,
MTB_G13_BA3046_T06_F,0.0,100.0,0.0,0.0,CM_MTB,ITA,Europe,yes,,,BA3046,241.0,,,,
MTB_G13_BA3046_T08_F,0.18524,95.48302,1.18187,3.14987,CM_MTB,ITA,Europe,yes,,,BA3046,254.0,,,,
MTB_G13_BA3046_T11_F,8.99483,0.0,0.00589,90.99929,CM_MTB,ITA,Europe,yes,,,BA3046,276.0,,,,
MTB_G13_BA3046_T13_F,1.04673,2.98193,0.42948,95.54186,CM_MTB,ITA,Europe,yes,,,BA3046,289.0,,,,
MTB_G13_BA3046_T15_F,4.10583,10.04522,4.90276,80.94619,CM_MTB,ITA,Europe,yes,,,BA3046,316.0,,,,
MTB_G13_BA3046_TES_F,22.02364,62.12372,15.85264,0.0,CM_MTB,ITA,Europe,yes,,,BA3046,555.0,,,,
MTB_G13_BA3046_TSS_F,67.19874,16.41984,16.38143,0.0,CM_MTB,ITA,Europe,yes,,,BA3046,512.0,,,,
MTB_G14_BA3050_T01_F,15.9952,69.8839,14.12012,0.00078,CM_MTB,ITA,Europe,yes,,,BA3050,273.0,,,,
MTB_G14_BA3050_T02_F,28.66446,50.63249,20.70305,0.0,CM_MTB,ITA,Europe,yes,,,BA3050,276.0,,,,
MTB_G14_BA3050_T03_F,21.68652,66.07148,12.20439,0.03761,CM_MTB,ITA,Europe,yes,,,BA3050,280.0,,,,
MTB_G14_BA3050_T04_F,18.53288,61.18343,20.2837,0.0,CM_MTB,ITA,Europe,yes,,,BA3050,289.0,,,,
MTB_G14_BA3050_T05_F,4.20205,2.0975,93.69902,0.00143,CM_MTB,ITA,Europe,yes,,,BA3050,295.0,,,,
MTB_G14_BA3050_T06_F,15.97614,29.48601,54.53149,0.00636,CM_MTB,ITA,Europe,yes,,,BA3050,301.0,,,,
MTB_G14_BA3050_T08_F,35.67533,47.05886,12.49512,4.77069,CM_MTB,ITA,Europe,yes,,,BA3050,317.0,,,,
MTB_G14_BA3050_T10_F,38.32692,48.14027,13.53228,0.00053,CM_MTB,ITA,Europe,yes,,,BA3050,330.0,,,,
MTB_G14_BA3050_T12_F,52.83693,34.63232,12.51358,0.01716,CM_MTB,ITA,Europe,yes,,,BA3050,343.0,,,,
MTB_G14_BA3050_T13_F,40.75557,33.22319,24.73169,1.28955,CM_MTB,ITA,Europe,yes,,,BA3050,350.0,,,,
MTB_G14_BA3050_T14_F,32.25538,36.62716,31.11726,0.0002,CM_MTB,ITA,Europe,yes,,,BA3050,357.0,,,,
MTB_G14_BA3050_T15_F,30.34195,44.25744,19.27576,6.12484,CM_MTB,ITA,Europe,yes,,,BA3050,380.0,,,,
MTB_G15_BA3052_T01_F,0.74685,18.86346,26.95738,53.43232,CM_MTB,ITA,Europe,yes,,,BA3052,304.0,,,,
MTB_G15_BA3052_T03_F,0.80385,8.90426,32.45865,57.83324,CM_MTB,ITA,Europe,yes,,,BA3052,310.0,,,,
MTB_G15_BA3052_T04_F,1.03515,24.22473,6.56017,68.17996,CM_MTB,ITA,Europe,yes,,,BA3052,317.0,,,,
MTB_G15_BA3052_T05_F,1.84378,9.69103,40.97257,47.49262,CM_MTB,ITA,Europe,yes,,,BA3052,325.0,,,,
MTB_G15_BA3052_T07_F,3.94144,0.04011,19.03204,76.98641,CM_MTB,ITA,Europe,yes,,,BA3052,341.0,,,,
MTB_G15_BA3052_T08_F,3.6415,18.2585,21.95498,56.14502,CM_MTB,ITA,Europe,yes,,,BA3052,345.0,,,,
MTB_G15_BA3052_T09_F,5.39771,24.48689,26.93457,43.18083,CM_MTB,ITA,Europe,yes,,,BA3052,352.0,,,,
MTB_G15_BA3052_T11_F,44.05611,18.9907,11.83574,25.11745,CM_MTB,ITA,Europe,yes,,,BA3052,368.0,,,,
MTB_G15_BA3052_T12_F,38.86268,17.49012,17.93497,25.71222,CM_MTB,ITA,Europe,yes,,,BA3052,374.0,,,,
MTB_G15_BA3052_T14_F,23.37636,33.76836,13.71363,29.14166,CM_MTB,ITA,Europe,yes,,,BA3052,387.0,,,,
MTB_G15_BA3052_T15_F,48.84229,23.63789,14.98249,12.53733,CM_MTB,ITA,Europe,yes,,,BA3052,407.0,,,,
MTB_G16_BA3055_T03_F,2.28363,41.31534,56.40104,0.0,CM_MTB,ITA,Europe,yes,,,BA3055,,,,,
MTB_G16_BA3055_T04_F,2.34574,47.78493,49.86933,0.0,CM_MTB,ITA,Europe,yes,,,BA3055,,,,,
MTB_G16_BA3055_T06_F,10.94186,18.88876,67.49342,2.67597,CM_MTB,ITA,Europe,yes,,,BA3055,,,,,
MTB_G16_BA3055_T07_F,4.78047,17.80009,77.41033,0.00912,CM_MTB,ITA,Europe,yes,,,BA3055,,,,,
MTB_G16_BA3055_T09_F,0.0,0.0,0.0,0.0,CM_MTB,ITA,Europe,yes,,,BA3055,,,,,
MTB_G16_BA3055_T12_F,0.01841,0.0,99.98159,0.0,CM_MTB,ITA,Europe,yes,,,BA3055,,,,,
MTB_G16_BA3055_T13_F,0.04186,0.00627,99.93253,0.01934,CM_MTB,ITA,Europe,yes,,,BA3055,,,,,
MTB_G1_BA3001_T01_F,1.1996,7.83821,2.83243,88.12976,CM_MTB,ITA,Europe,yes,,,BA3001,,,,,
MTB_G1_BA3001_T03_F,1.26954,5.63858,0.05458,93.0373,CM_MTB,ITA,Europe,yes,,,BA3001,,,,,
MTB_G1_BA3001_T04_F,1.31185,7.68918,0.12783,90.87115,CM_MTB,ITA,Europe,yes,,,BA3001,,,,,
MTB_G1_BA3001_T07_F,1.5955,0.0,12.77084,85.63366,CM_MTB,ITA,Europe,yes,,,BA3001,,,,,
MTB_G1_BA3001_T08_F,1.26253,10.68295,3.50463,84.5499,CM_MTB,ITA,Europe,yes,,,BA3001,,,,,
MTB_G1_BA3001_T10_F,2.49941,23.04082,11.77534,62.68443,CM_MTB,ITA,Europe,yes,,,BA3001,,,,,
MTB_G1_BA3001_T12_F,0.96608,9.91173,1.26488,87.85731,CM_MTB,ITA,Europe,yes,,,BA3001,,,,,
MTB_G1_BA3001_T13_F,1.93812,18.05463,10.10894,69.89831,CM_MTB,ITA,Europe,yes,,,BA3001,,,,,
MTB_G1_BA3001_T15_F,3.91805,9.74589,15.5935,70.74256,CM_MTB,ITA,Europe,yes,,,BA3001,,,,,
MTB_G2_BA3006_T04_F,0.0,0.0,100.0,0.0,CM_MTB,ITA,Europe,yes,,,BA3006,377.0,,,,
MTB_G2_BA3006_T05_F,0.00095,0.00614,99.99205,0.00086,CM_MTB,ITA,Europe,yes,,,BA3006,383.0,,,,
MTB_G2_BA3006_T07_F,34.65236,0.0,65.34764,0.0,CM_MTB,ITA,Europe,yes,,,BA3006,399.0,,,,
MTB_G2_BA3006_T15_F,82.89225,0.0,16.91808,0.18967,CM_MTB,ITA,Europe,yes,,,BA3006,453.0,,,,
MTB_G2_BA3006_TES_F,94.01214,0.0,5.98786,0.0,CM_MTB,ITA,Europe,yes,,,BA3006,726.0,,,,
MTB_G2_BA3006_TSS_F,75.49594,18.111,6.39307,0.0,CM_MTB,ITA,Europe,yes,,,BA3006,683.0,,,,
MTB_G2_MO3005_T01_F,0.0,0.0,100.0,0.0,CM_MTB,ITA,Europe,yes,,,BA3006,364.0,,,,
MTB_G3_BA3011_T01_F,21.22091,0.0,78.77909,0.0,CM_MTB,ITA,Europe,yes,,,BA3011,333.0,,,,
MTB_G3_BA3011_T04_F,18.34354,0.0,81.65646,0.0,CM_MTB,ITA,Europe,yes,,,BA3011,346.0,,,,
MTB_G3_BA3011_T05_F,12.62497,37.38648,49.98855,0.0,CM_MTB,ITA,Europe,yes,,,BA3011,355.0,,,,
MTB_G3_BA3011_T06_F,6.46756,31.65129,61.88115,0.0,CM_MTB,ITA,Europe,yes,,,BA3011,359.0,,,,
MTB_G3_BA3011_T09_F,9.83408,20.59643,69.56949,0.0,CM_MTB,ITA,Europe,yes,,,BA3011,381.0,,,,
MTB_G3_BA3011_T11_F,28.04394,25.81913,46.13266,0.00427,CM_MTB,ITA,Europe,yes,,,BA3011,397.0,,,,
MTB_G3_BA3011_T12_F,35.52447,26.96214,37.41704,0.09634,CM_MTB,ITA,Europe,yes,,,BA3011,403.0,,,,
MTB_G3_BA3011_T15_F,26.91917,28.38343,7.95527,36.74213,CM_MTB,ITA,Europe,yes,,,BA3011,422.0,,,,
MTB_G3_BA3011_T16_F,17.14849,20.75593,13.53468,48.56091,CM_MTB,ITA,Europe,yes,,,BA3011,433.0,,,,
MTB_G3_BA3011_T17_F,20.64275,22.60345,11.89543,44.85837,CM_MTB,ITA,Europe,yes,,,BA3011,438.0,,,,
MTB_G3_BA3011_TES_F,95.81334,0.0,4.18666,0.0,CM_MTB,ITA,Europe,yes,,,BA3011,695.0,,,,
MTB_G3_BA3011_TSS_F,98.94183,0.0,1.05817,0.0,CM_MTB,ITA,Europe,yes,,,BA3011,652.0,,,,
MTB_G4_BA3014_T01_F,9.68506,47.98973,42.32522,0.0,CM_MTB,ITA,Europe,yes,,,BA3014,182.0,,,,
MTB_G4_BA3014_T03_F,12.45528,45.86193,41.6828,0.0,CM_MTB,ITA,Europe,yes,,,BA3014,192.0,,,,
MTB_G4_BA3014_T05_F,29.16239,40.60199,30.23562,0.0,CM_MTB,ITA,Europe,yes,,,BA3014,203.0,,,,
MTB_G4_BA3014_T07_F,1.05609,1.00923,40.80094,57.13374,CM_MTB,ITA,Europe,yes,,,BA3014,220.0,,,,
MTB_G4_BA3014_T08_F,0.72271,25.1555,17.16282,56.95897,CM_MTB,ITA,Europe,yes,,,BA3014,226.0,,,,
MTB_G4_BA3014_T09_F,0.46913,43.85702,3.05434,52.6195,CM_MTB,ITA,Europe,yes,,,BA3014,230.0,,,,
MTB_G4_BA3014_T10_F,12.71355,20.4733,23.92361,42.88954,CM_MTB,ITA,Europe,yes,,,BA3014,238.0,,,,
MTB_G4_BA3014_T13_F,17.14917,38.38048,38.10993,6.36042,CM_MTB,ITA,Europe,yes,,,BA3014,258.0,,,,
MTB_G4_BA3014_T14_F,16.82266,4.67903,74.18353,4.31478,CM_MTB,ITA,Europe,yes,,,BA3014,266.0,,,,
MTB_G4_BA3014_T15_F,16.85885,30.00784,47.9331,5.2002,CM_MTB,ITA,Europe,yes,,,BA3014,285.0,,,,
MTB_G4_BA3014_TSS_F,100.0,0.0,0.0,0.0,CM_MTB,ITA,Europe,yes,,,BA3014,481.0,,,,
MTB_G5_BA3018_T01_F,30.63624,22.11559,47.24223,0.00594,CM_MTB,ITA,Europe,yes,,,BA3018,335.0,,,,
MTB_G5_BA3018_T03_F,29.86701,17.76669,52.27458,0.09172,CM_MTB,ITA,Europe,yes,,,BA3018,340.0,,,,
MTB_G5_BA3018_T06_F,20.64903,0.40977,78.9412,0.0,CM_MTB,ITA,Europe,yes,,,BA3018,359.0,,,,
MTB_G5_BA3018_T07_F,17.16567,36.16674,46.45952,0.20807,CM_MTB,ITA,Europe,yes,,,BA3018,367.0,,,,
MTB_G5_BA3018_T08_F,13.1352,37.99195,48.84886,0.024,CM_MTB,ITA,Europe,yes,,,BA3018,374.0,,,,
MTB_G5_BA3018_T09_F,14.9587,28.98631,56.02301,0.03197,CM_MTB,ITA,Europe,yes,,,BA3018,380.0,,,,
MTB_G5_BA3018_T11_F,16.63505,45.13996,38.16611,0.05888,CM_MTB,ITA,Europe,yes,,,BA3018,394.0,,,,
MTB_G5_BA3018_T12_F,34.17009,23.38743,42.39281,0.04967,CM_MTB,ITA,Europe,yes,,,BA3018,402.0,,,,
MTB_G5_BA3018_T13_F,47.21868,31.979,20.7733,0.02902,CM_MTB,ITA,Europe,yes,,,BA3018,411.0,,,,
MTB_G5_BA3018_T14_F,45.92539,49.34974,4.72487,0.0,CM_MTB,ITA,Europe,yes,,,BA3018,418.0,,,,
MTB_G5_BA3018_T15_F,56.47585,37.15359,6.37056,0.0,CM_MTB,ITA,Europe,yes,,,BA3018,422.0,,,,
MTB_G5_BA3018_T16_F,46.84177,45.95806,7.13938,0.06079,CM_MTB,ITA,Europe,yes,,,BA3018,429.0,,,,
MTB_G5_BA3018_T18_F,46.69889,41.12981,12.16979,0.0015,CM_MTB,ITA,Europe,yes,,,BA3018,458.0,,,,
MTB_G5_BA3018_TSS_F,55.78829,38.01333,6.19838,0.0,CM_MTB,ITA,Europe,yes,,,BA3018,652.0,,,,
MTB_G6_BA3021_T01_F,51.39183,35.28665,13.29311,0.02841,CM_MTB,ITA,Europe,yes,,,BA3021,332.0,,,,
MTB_G6_BA3021_T03_F,40.35764,36.89742,22.74494,0.0,CM_MTB,ITA,Europe,yes,,,BA3021,340.0,,,,
MTB_G6_BA3021_T04_F,47.54646,32.27053,20.18257,0.00044,CM_MTB,ITA,Europe,yes,,,BA3021,345.0,,,,
MTB_G6_BA3021_T11_F,41.56854,0.09882,57.88109,0.45154,CM_MTB,ITA,Europe,yes,,,BA3021,398.0,,,,
MTB_G6_BA3021_T12_F,50.9769,22.83583,26.18222,0.00506,CM_MTB,ITA,Europe,yes,,,BA3021,406.0,,,,
MTB_G6_BA3021_T14_F,48.00236,11.03536,40.96228,0.0,CM_MTB,ITA,Europe,yes,,,BA3021,416.0,,,,
MTB_G6_BA3021_T16_F,59.94031,24.77173,14.41921,0.86875,CM_MTB,ITA,Europe,yes,,,BA3021,433.0,,,,
MTB_G6_BA3021_T18_F,77.31053,21.26678,1.34657,0.07611,CM_MTB,ITA,Europe,yes,,,BA3021,456.0,,,,
MTB_G6_BA3021_TES_F,95.18688,3.48371,1.32942,0.0,CM_MTB,ITA,Europe,yes,,,BA3021,695.0,,,,
MTB_G6_BA3021_TSS_F,35.31752,64.35404,0.32844,0.0,CM_MTB,ITA,Europe,yes,,,BA3021,652.0,,,,
MTB_G7_BA3025_T01_F,0.0,3.63367,96.36633,0.0,CM_MTB,ITA,Europe,yes,,,BA3025,364.0,,,,
MTB_G7_BA3025_T03_F,0.0,8.69429,91.30571,0.0,CM_MTB,ITA,Europe,yes,,,BA3025,372.0,,,,
MTB_G7_BA3025_T04_F,0.0,24.19395,75.80605,0.0,CM_MTB,ITA,Europe,yes,,,BA3025,377.0,,,,
MTB_G7_BA3025_T05_F,0.0,27.52622,72.47378,0.0,CM_MTB,ITA,Europe,yes,,,BA3025,383.0,,,,
MTB_G7_BA3025_T06_F,0.0,19.84235,80.15765,0.0,CM_MTB,ITA,Europe,yes,,,BA3025,390.0,,,,
MTB_G7_BA3025_T09_F,59.57855,22.15196,18.11801,0.15148,CM_MTB,ITA,Europe,yes,,,BA3025,413.0,,,,
MTB_G7_BA3025_T10_F,45.86007,37.40128,16.73865,0.0,CM_MTB,ITA,Europe,yes,,,BA3025,424.0,,,,
MTB_G7_BA3025_T11_F,44.02162,42.99741,12.97344,0.00753,CM_MTB,ITA,Europe,yes,,,BA3025,427.0,,,,
MTB_G7_BA3025_T12_F,37.70534,53.19011,9.10455,0.0,CM_MTB,ITA,Europe,yes,,,BA3025,432.0,,,,
MTB_G7_BA3025_T15_F,0.01606,72.28056,27.61838,0.085,CM_MTB,ITA,Europe,yes,,,BA3025,453.0,,,,
MTB_G7_BA3025_T17_F,0.08872,75.75513,24.0397,0.11645,CM_MTB,ITA,Europe,yes,,,BA3025,469.0,,,,
MTB_G7_BA3025_T18_F,0.05421,84.28401,15.66178,0.0,CM_MTB,ITA,Europe,yes,,,BA3025,487.0,,,,
MTB_G7_BA3025_TES_F,67.55623,26.28872,6.15505,0.0,CM_MTB,ITA,Europe,yes,,,BA3025,726.0,,,,
MTB_G7_BA3025_TSS_F,86.29524,0.53194,13.17282,0.0,CM_MTB,ITA,Europe,yes,,,BA3025,683.0,,,,
MTB_G8_BA3029_T01_F,12.062,12.52136,4.56305,70.85359,CM_MTB,ITA,Europe,yes,,,BA3029,364.0,,,,
MTB_G8_BA3029_T05_F,28.06253,20.69093,12.16381,39.08273,CM_MTB,ITA,Europe,yes,,,BA3029,386.0,,,,
MTB_G8_BA3029_T06_F,28.7039,7.67728,7.72983,55.88899,CM_MTB,ITA,Europe,yes,,,BA3029,390.0,,,,
MTB_G8_BA3029_T08_F,39.7283,17.61894,8.71384,33.93892,CM_MTB,ITA,Europe,yes,,,BA3029,406.0,,,,
MTB_G8_BA3029_T10_F,50.81066,16.75252,11.08993,21.34689,CM_MTB,ITA,Europe,yes,,,BA3029,422.0,,,,
MTB_G8_BA3029_T12_F,84.27646,4.017,7.95875,3.74778,CM_MTB,ITA,Europe,yes,,,BA3029,434.0,,,,
MTB_G8_BA3029_T17_F,24.97071,21.07974,32.88982,21.05973,CM_MTB,ITA,Europe,yes,,,BA3029,469.0,,,,
MTB_G8_BA3029_T18_F,43.93012,24.10531,31.96447,0.00011,CM_MTB,ITA,Europe,yes,,,BA3029,487.0,,,,
MTB_G8_BA3029_unknow_T03_F,14.54019,8.68626,3.16558,73.60797,CM_MTB,ITA,Europe,yes,,,BA3029,373.0,,,,
MTB_G9_BA3018_T13_F,10.0113,12.08869,21.99879,55.90121,CM_MTB,ITA,Europe,yes,,,BA3032,409.0,,,,
MTB_G9_BA3032_T01_F,7.84088,39.3017,52.85741,0.0,CM_MTB,ITA,Europe,yes,,,BA3032,334.0,,,,
MTB_G9_BA3032_T03_F,5.47846,36.08876,58.43278,0.0,CM_MTB,ITA,Europe,yes,,,BA3032,343.0,,,,
MTB_G9_BA3032_T04_F,5.34585,41.92532,52.72795,0.00088,CM_MTB,ITA,Europe,yes,,,BA3032,345.0,,,,
MTB_G9_BA3032_T06_F,5.84375,16.69184,42.02113,35.44328,CM_MTB,ITA,Europe,yes,,,BA3032,363.0,,,,
MTB_G9_BA3032_T07_F,4.71445,14.78922,5.11054,75.38579,CM_MTB,ITA,Europe,yes,,,BA3032,366.0,,,,
MTB_G9_BA3032_T08_F,11.9219,19.5098,9.08577,59.48253,CM_MTB,ITA,Europe,yes,,,BA3032,374.0,,,,
MTB_G9_BA3032_T09_F,10.11446,24.02425,10.7207,55.14059,CM_MTB,ITA,Europe,yes,,,BA3032,380.0,,,,
MTB_G9_BA3032_T11_F,10.51867,0.0,15.40406,74.07727,CM_MTB,ITA,Europe,yes,,,BA3032,398.0,,,,
MTB_G9_BA3032_T12_F,9.34966,0.0,11.92161,78.72873,CM_MTB,ITA,Europe,yes,,,BA3032,401.0,,,,
MTB_G9_BA3032_T14_F,2.62198,13.58628,24.05263,59.73911,CM_MTB,ITA,Europe,yes,,,BA3032,415.0,,,,
MTB_G9_BA3032_T15_F,9.68349,12.71423,30.44205,47.16024,CM_MTB,ITA,Europe,yes,,,BA3032,422.0,,,,
MTB_G9_BA3032_T16_F,20.66584,30.62638,21.44368,27.26411,CM_MTB,ITA,Europe,yes,,,BA3032,433.0,,,,
MTB_G9_BA3032_T17_F,15.604,20.59426,17.90642,45.89532,CM_MTB,ITA,Europe,yes,,,BA3032,436.0,,,,
MTB_G9_BA3032_T18A_F,18.51048,18.80835,23.57116,39.11002,CM_MTB,ITA,Europe,yes,,,BA3032,438.0,,,,
MTB_G9_BA3032_TES_F,52.12768,46.17212,1.69978,0.00041,CM_MTB,ITA,Europe,yes,,,BA3032,695.0,,,,
MTB_G9_BA3032_TSS_F,45.85014,35.69308,16.94349,1.51329,CM_MTB,ITA,Europe,yes,,,BA3032,652.0,,,,
MTB_GX_BAX_T12-09_F,6.06161,11.75697,1.51668,80.66475,CM_MTB,ITA,Europe,yes,,,BA3038,250.0,,,,
MTB_G_unknown_T03_F,18.72406,0.0,81.27594,0.0,CM_MTB,ITA,Europe,yes,,,BA3011,341.0,,,,
MTB_T10_BA1030_T01_F,0.60059,7.06687,0.0,92.33254,CM_MTB,ITA,Europe,yes,,,BA1030,150.0,,,,
MTB_T10_BA1030_T08_F,0.41783,54.6475,0.11479,44.81988,CM_MTB,ITA,Europe,yes,,,BA1030,195.0,,,,
MTB_T10_BA1030_T09_F,0.46337,48.09731,5.14061,46.29871,CM_MTB,ITA,Europe,yes,,,BA1030,198.0,,,,
MTB_T10_BA1030_T10_F,0.3707,57.66064,0.15987,41.8088,CM_MTB,ITA,Europe,yes,,,BA1030,207.0,,,,
MTB_T10_BA1030_T11orT12_F,0.72807,12.27687,11.05024,75.94482,CM_MTB,ITA,Europe,yes,,,BA1030,212.0,,,,
MTB_T10_BA1030_T12_F,0.93159,12.33224,4.51453,82.22163,CM_MTB,ITA,Europe,yes,,,BA1030,223.0,,,,
MTB_T10_BA1030_T13_F,0.89145,9.63576,3.34684,86.12595,CM_MTB,ITA,Europe,yes,,,BA1030,226.0,,,,
MTB_T10_BA1030_T14_F,17.82954,11.28661,11.15632,59.72752,CM_MTB,ITA,Europe,yes,,,BA1030,233.0,,,,
MTB_T10_BA1030_T15_F,55.18568,3.73546,9.552,31.52686,CM_MTB,ITA,Europe,yes,,,BA1030,240.0,,,,
MTB_T10_BA1030_T16_F,43.57239,4.09546,34.02261,18.30954,CM_MTB,ITA,Europe,yes,,,BA1030,260.0,,,,
MTB_T10_BA1030_TES_F,42.77726,55.44271,1.78003,0.0,CM_MTB,ITA,Europe,yes,,,BA1030,499.0,,,,
MTB_T10_BA1030_TSS_F,25.85604,70.76742,3.37655,0.0,CM_MTB,ITA,Europe,yes,,,BA1030,456.0,,,,
MTB_T1_BA1003_T01,52.99073,21.27725,25.73202,0.0,CM_MTB,ITA,Europe,yes,,,BA1003,304.0,,,,
MTB_T1_BA1003_T04_F,40.10341,23.12902,36.76757,0.0,CM_MTB,ITA,Europe,yes,,,BA1003,315.0,,,,
MTB_T1_BA1003_T05_F,15.64542,32.57665,51.77793,0.0,CM_MTB,ITA,Europe,yes,,,BA1003,326.0,,,,
MTB_T1_BA1003_T06_F,34.63203,25.81751,39.55046,0.0,CM_MTB,ITA,Europe,yes,,,BA1003,330.0,,,,
MTB_T1_BA1003_T07_F,43.65536,20.08386,36.26078,0.0,CM_MTB,ITA,Europe,yes,,,BA1003,336.0,,,,
MTB_T1_BA1003_T10_F,2.36321,0.02829,79.23489,18.37362,CM_MTB,ITA,Europe,yes,,,BA1003,357.0,,,,
MTB_T1_BA1003_T11_F,93.23184,0.0,6.63331,0.13485,CM_MTB,ITA,Europe,yes,,,BA1003,364.0,,,,
MTB_T1_BA1003_T12_F,47.27454,0.35002,41.99157,10.38386,CM_MTB,ITA,Europe,yes,,,BA1003,371.0,,,,
MTB_T1_BA1003_T13_F,11.12458,14.51501,63.47893,10.88148,CM_MTB,ITA,Europe,yes,,,BA1003,378.0,,,,
MTB_T1_BA1003_T14_F,38.81411,51.5479,9.50027,0.13771,CM_MTB,ITA,Europe,yes,,,BA1003,388.0,,,,
MTB_T1_BA1003_T15_F,48.19765,31.39748,20.32961,0.07526,CM_MTB,ITA,Europe,yes,,,BA1003,392.0,,,,
MTB_T1_BA1003_T16_F,54.03774,24.75767,21.14911,0.05547,CM_MTB,ITA,Europe,yes,,,BA1003,412.0,,,,
MTB_T1_BA1003_TES_F,71.77223,27.61461,0.61316,0.0,CM_MTB,ITA,Europe,yes,,,BA1003,651.0,,,,
MTB_T1_BA1003_TSS_F,89.98631,0.0,10.01369,0.0,CM_MTB,ITA,Europe,yes,,,BA1003,610.0,,,,
MTB_T2_A1005_T14_F,37.17916,26.26109,36.55974,0.0,CM_MTB,ITA,Europe,yes,,,BA1005,507.0,,,,
MTB_T2_BA1005_T01_F,83.86435,0.0,16.13238,0.00327,CM_MTB,ITA,Europe,yes,,,BA1005,426.0,,,,
MTB_T2_BA1005_T04_F,68.82621,0.0,31.17379,0.0,CM_MTB,ITA,Europe,yes,,,BA1005,439.0,,,,
MTB_T2_BA1005_T05_F,46.29321,21.27145,32.42995,0.00539,CM_MTB,ITA,Europe,yes,,,BA1005,444.0,,,,
MTB_T2_BA1005_T07_F,45.95879,29.55716,24.48405,0.0,CM_MTB,ITA,Europe,yes,,,BA1005,458.0,,,,
MTB_T2_BA1005_T08_F,31.81444,43.30751,23.08774,1.7903,CM_MTB,ITA,Europe,yes,,,BA1005,466.0,,,,
MTB_T2_BA1005_T09_F,30.23351,29.67462,40.07879,0.01309,CM_MTB,ITA,Europe,yes,,,BA1005,473.0,,,,
MTB_T2_BA1005_T10_F,53.57188,25.9142,20.51392,0.0,CM_MTB,ITA,Europe,yes,,,BA1005,481.0,,,,
MTB_T2_BA1005_T11_F,33.09395,50.35167,16.55438,0.0,CM_MTB,ITA,Europe,yes,,,BA1005,490.0,,,,
MTB_T2_BA1005_T12_F,39.60067,37.94693,22.4524,0.0,CM_MTB,ITA,Europe,yes,,,BA1005,493.0,,,,
MTB_T2_BA1005_T15_F,55.65143,33.04789,11.30069,0.0,CM_MTB,ITA,Europe,yes,,,BA1005,514.0,,,,
MTB_T2_BA1005_T17_F,52.6171,28.58005,18.80285,0.0,CM_MTB,ITA,Europe,yes,,,BA1005,528.0,,,,
MTB_T2_BA1005_T18_F,46.67115,33.52149,19.80736,0.0,CM_MTB,ITA,Europe,yes,,,BA1005,535.0,,,,
MTB_T2_BA1005_T19_F,56.11845,37.97683,5.90473,0.0,CM_MTB,ITA,Europe,yes,,,BA1005,555.0,,,,
MTB_T2_BA1005_TES_F,48.44365,42.80852,8.74782,0.0,CM_MTB,ITA,Europe,yes,,,BA1005,794.0,,,,
MTB_T2_BA1005_TSS_F,43.48115,54.04321,2.47564,0.0,CM_MTB,ITA,Europe,yes,,,BA1005,746.0,,,,
MTB_T3_BA1007_T01_F,99.95547,0.0,0.0,0.04453,CM_MTB,ITA,Europe,yes,,,BA1007,424.0,,,,
MTB_T3_BA1007_T03_F,100.0,0.0,0.0,0.0,CM_MTB,ITA,Europe,yes,,,BA1007,433.0,,,,
MTB_T3_BA1007_T04_F,99.38364,0.0,0.0,0.61636,CM_MTB,ITA,Europe,yes,,,BA1007,438.0,,,,
MTB_T3_BA1007_T05_F,99.90799,0.0,0.02789,0.06412,CM_MTB,ITA,Europe,yes,,,BA1007,445.0,,,,
MTB_T3_BA1007_T06_F,99.48857,0.0,0.0,0.51143,CM_MTB,ITA,Europe,yes,,,BA1007,452.0,,,,
MTB_T3_BA1007_T07_F,97.4452,1.41073,1.12607,0.018,CM_MTB,ITA,Europe,yes,,,BA1007,458.0,,,,
MTB_T3_BA1007_T08_F,100.0,0.0,0.0,0.0,CM_MTB,ITA,Europe,yes,,,BA1007,466.0,,,,
MTB_T3_BA1007_T09_F,99.87218,0.07913,0.0,0.04869,CM_MTB,ITA,Europe,yes,,,BA1007,472.0,,,,
MTB_T3_BA1007_T10_F,99.99567,0.0,0.00433,0.0,CM_MTB,ITA,Europe,yes,,,BA1007,479.0,,,,
MTB_T3_BA1007_T11_F,100.0,0.0,0.0,0.0,CM_MTB,ITA,Europe,yes,,,BA1007,488.0,,,,
MTB_T3_BA1007_T12_F,99.99019,0.0,0.0,0.00981,CM_MTB,ITA,Europe,yes,,,BA1007,493.0,,,,
MTB_T3_BA1007_T13_F,85.7151,0.0,14.2849,0.0,CM_MTB,ITA,Europe,yes,,,BA1007,500.0,,,,
MTB_T3_BA1007_T14_F,99.53594,0.22034,0.20667,0.03706,CM_MTB,ITA,Europe,yes,,,BA1007,507.0,,,,
MTB_T3_BA1007_T15_F,100.0,0.0,0.0,0.0,CM_MTB,ITA,Europe,yes,,,BA1007,514.0,,,,
MTB_T3_BA1007_T16_F,100.0,0.0,0.0,0.0,CM_MTB,ITA,Europe,yes,,,BA1007,521.0,,,,
MTB_T3_BA1007_T17_F,66.59028,33.30824,0.09299,0.00849,CM_MTB,ITA,Europe,yes,,,BA1007,528.0,,,,
MTB_T3_BA1007_T18_F,61.8124,0.0,38.1876,0.0,CM_MTB,ITA,Europe,yes,,,BA1007,535.0,,,,
MTB_T3_BA1007_T19_F,54.82463,45.17537,0.0,0.0,CM_MTB,ITA,Europe,yes,,,BA1007,554.0,,,,
MTB_T3_BA1007_TES_F,60.31726,38.56299,1.11975,0.0,CM_MTB,ITA,Europe,yes,,,BA1007,794.0,,,,
MTB_T3_BA1007_TSS_F,80.60354,19.2161,0.18035,0.0,CM_MTB,ITA,Europe,yes,,,BA1007,748.0,,,,
MTB_T4_-BA1012_T13_F,24.24692,34.84835,40.50213,0.40261,CM_MTB,ITA,Europe,yes,,,BA1012,318.0,,,,
MTB_T4_BA1012_T01_F,76.22267,23.77733,0.0,0.0,CM_MTB,ITA,Europe,yes,,,BA1012,242.0,,,,
MTB_T4_BA1012_T04_F,49.01724,50.98276,0.0,0.0,CM_MTB,ITA,Europe,yes,,,BA1012,254.0,,,,
MTB_T4_BA1012_T05_F,96.91195,3.08805,0.0,0.0,CM_MTB,ITA,Europe,yes,,,BA1012,264.0,,,,
MTB_T4_BA1012_T06_F,86.00276,0.0,13.99336,0.00389,CM_MTB,ITA,Europe,yes,,,BA1012,269.0,,,,
MTB_T4_BA1012_T07_F,48.69526,0.0,51.30474,0.0,CM_MTB,ITA,Europe,yes,,,BA1012,275.0,,,,
MTB_T4_BA1012_T08_F,46.58634,31.36039,22.05327,0.0,CM_MTB,ITA,Europe,yes,,,BA1012,282.0,,,,
MTB_T4_BA1012_T09_F,10.94997,27.49505,61.49042,0.06456,CM_MTB,ITA,Europe,yes,,,BA1012,289.0,,,,
MTB_T4_BA1012_T11_F,46.21047,53.52042,0.2654,0.00372,CM_MTB,ITA,Europe,yes,,,BA1012,305.0,,,,
MTB_T4_BA1012_T12_F,16.31088,76.53253,6.97987,0.17672,CM_MTB,ITA,Europe,yes,,,BA1012,311.0,,,,
MTB_T4_BA1012_T14_F,24.67339,59.08033,15.79711,0.44917,CM_MTB,ITA,Europe,yes,,,BA1012,324.0,,,,
MTB_T4_BA1012_T15_F,14.93758,60.31933,24.42674,0.31636,CM_MTB,ITA,Europe,yes,,,BA1012,331.0,,,,
MTB_T4_BA1012_T17_F,23.59107,39.10495,37.15448,0.1495,CM_MTB,ITA,Europe,yes,,,BA1012,346.0,,,,
MTB_T4_BA1012_T19_F,36.6229,52.56913,10.80796,0.0,CM_MTB,ITA,Europe,yes,,,BA1012,372.0,,,,
MTB_T4_BA1012_TES_F,33.13805,63.17397,3.68798,0.0,CM_MTB,ITA,Europe,yes,,,BA1012,611.0,,,,
MTB_T4_BA1012_TSS_F,95.04867,0.0,4.95133,0.0,CM_MTB,ITA,Europe,yes,,,BA1012,553.0,,,,
MTB_T5BA1020T06F,59.63112,37.38029,2.98859,0.0,CM_MTB,ITA,Europe,yes,,,BA1020,420.0,,,,
MTB_T5_BA1019_T01_F,53.01106,42.63036,4.35857,0.0,CM_MTB,ITA,Europe,yes,,,BA1019,394.0,,,,
MTB_T5_BA1019_T05_F,49.79223,47.32514,2.88263,0.0,CM_MTB,ITA,Europe,yes,,,BA1019,413.0,,,,
MTB_T5_BA1019_T06_F,54.72191,42.60668,2.67141,0.0,CM_MTB,ITA,Europe,yes,,,BA1019,420.0,,,,
MTB_T5_BA1019_T07_F,61.96813,33.43546,4.5964,0.0,CM_MTB,ITA,Europe,yes,,,BA1019,429.0,,,,
MTB_T5_BA1019_T08_F,23.4738,62.4313,14.09491,0.0,CM_MTB,ITA,Europe,yes,,,BA1019,437.0,,,,
MTB_T5_BA1019_T11_F,64.87319,0.00316,35.12365,0.0,CM_MTB,ITA,Europe,yes,,,BA1019,457.0,,,,
MTB_T5_BA1019_T12_F,71.22982,19.40682,9.36336,0.0,CM_MTB,ITA,Europe,yes,,,BA1019,462.0,,,,
MTB_T5_BA1019_T13_F,57.93569,40.63106,1.43325,0.0,CM_MTB,ITA,Europe,yes,,,BA1019,469.0,,,,
MTB_T5_BA1019_T14_F,56.85745,38.5753,4.56725,0.0,CM_MTB,ITA,Europe,yes,,,BA1019,477.0,,,,
MTB_T5_BA1019_T16_F,48.43337,49.08982,2.47681,0.0,CM_MTB,ITA,Europe,yes,,,BA1019,491.0,,,,
MTB_T5_BA1019_T18_F,50.63612,32.71397,16.64992,0.0,CM_MTB,ITA,Europe,yes,,,BA1019,504.0,,,,
MTB_T5_BA1019_T19_F,57.20023,39.42397,3.3758,0.0,CM_MTB,ITA,Europe,yes,,,BA1019,522.0,,,,
MTB_T5_BA1019_TES_F,36.44705,63.37544,0.17751,0.0,CM_MTB,ITA,Europe,yes,,,BA1019,763.0,,,,
MTB_T5_BA1019_TSS_F,77.53023,22.01083,0.45893,0.0,CM_MTB,ITA,Europe,yes,,,BA1019,724.0,,,,
MTB_T5_BA1020_T01_F,55.21039,38.28185,6.50777,0.0,CM_MTB,ITA,Europe,yes,,,BA1020,394.0,,,,
MTB_T5_BA1020_T05_F,75.78768,20.637,3.57532,0.0,CM_MTB,ITA,Europe,yes,,,BA1020,415.0,,,,
MTB_T5_BA1020_T07_F,51.97036,44.27584,3.7538,0.0,CM_MTB,ITA,Europe,yes,,,BA1020,427.0,,,,
MTB_T5_BA1020_T08_F,47.72468,17.11269,35.16263,0.0,CM_MTB,ITA,Europe,yes,,,BA1020,434.0,,,,
MTB_T5_BA1020_T11_F,81.60795,14.47854,3.91351,0.0,CM_MTB,ITA,Europe,yes,,,BA1020,458.0,,,,
MTB_T5_BA1020_T12_F,78.92924,20.35428,0.71648,0.0,CM_MTB,ITA,Europe,yes,,,BA1020,462.0,,,,
MTB_T5_BA1020_T13_F,58.5043,40.69081,0.80489,0.0,CM_MTB,ITA,Europe,yes,,,BA1020,469.0,,,,
MTB_T5_BA1020_T14_F,44.77725,54.2193,1.00345,0.0,CM_MTB,ITA,Europe,yes,,,BA1020,478.0,,,,
MTB_T5_BA1020_T16_F,57.71158,41.88703,0.40139,0.0,CM_MTB,ITA,Europe,yes,,,BA1020,490.0,,,,
MTB_T5_BA1020_T18_F,42.36591,55.90857,1.72552,0.0,CM_MTB,ITA,Europe,yes,,,BA1020,504.0,,,,
MTB_T5_BA1020_T19_F,52.57173,46.64281,0.78546,0.0,CM_MTB,ITA,Europe,yes,,,BA1020,523.0,,,,
MTB_T5_BA1020_TES_F,25.399,74.27753,0.32347,0.0,CM_MTB,ITA,Europe,yes,,,BA1020,763.0,,,,
MTB_T5_BA1020_TSS_F,31.74747,66.55293,1.6996,0.0,CM_MTB,ITA,Europe,yes,,,BA1020,724.0,,,,
MTB_T6_BA1022_T03_F,39.79085,31.27009,28.93906,0.0,CM_MTB,ITA,Europe,yes,,,BA1022,372.0,,,,
MTB_T6_BA1022_T04_F,45.73852,30.04381,24.21767,0.0,CM_MTB,ITA,Europe,yes,,,BA1022,376.0,,,,
MTB_T6_BA1022_T05_F,42.28907,27.90809,29.80284,0.0,CM_MTB,ITA,Europe,yes,,,BA1022,383.0,,,,
MTB_T6_BA1022_T06_F,42.19709,15.1762,8.81062,33.81609,CM_MTB,ITA,Europe,yes,,,BA1022,391.0,,,,
MTB_T6_BA1022_T17_F,0.0,0.0,0.0,0.0,CM_MTB,ITA,Europe,yes,,,BA1022,467.0,,,,
MTB_T7_BA1023_T01_F,16.68431,79.45533,3.86036,0.0,CM_MTB,ITA,Europe,yes,,,BA1023,456.0,,,,
MTB_T7_BA1023_T04_F,17.49555,76.22034,6.28411,0.0,CM_MTB,ITA,Europe,yes,,,BA1023,471.0,,,,
MTB_T7_BA1023_T11_F,19.36612,7.41027,73.22361,0.0,CM_MTB,ITA,Europe,yes,,,BA1023,520.0,,,,
MTB_T7_BA1023_T13_F,17.25897,0.02621,82.71482,0.0,CM_MTB,ITA,Europe,yes,,,BA1023,530.0,,,,
MTB_T7_BA1023_T14_F,38.23441,20.96785,40.79774,0.0,CM_MTB,ITA,Europe,yes,,,BA1023,538.0,,,,
MTB_T7_BA1023_T15_F,27.80097,0.0,72.19903,0.0,CM_MTB,ITA,Europe,yes,,,BA1023,545.0,,,,
MTB_T7_BA1023_T16_F,32.41996,32.52513,35.05491,0.0,CM_MTB,ITA,Europe,yes,,,BA1023,551.0,,,,
MTB_T7_BA1023_T17_F,35.09585,34.75438,30.14977,0.0,CM_MTB,ITA,Europe,yes,,,BA1023,559.0,,,,
MTB_T7_BA1023_T18_F,19.28452,55.23528,25.4802,0.0,CM_MTB,ITA,Europe,yes,,,BA1023,565.0,,,,
MTB_T7_BA1023_T19A_F,14.09735,67.95464,17.94801,0.0,CM_MTB,ITA,Europe,yes,,,BA1023,567.0,,,,
MTB_T7_BA1023_TSS_F,46.89358,51.31988,1.78655,0.0,CM_MTB,ITA,Europe,yes,,,BA1023,781.0,,,,
MTB_T8_BA1036_T01_F,15.93324,10.69014,73.37661,0.0,CM_MTB,ITA,Europe,yes,,,BA1036,304.0,,,,
MTB_T8_BA1036_T03_F,2.16016,11.40053,86.43931,0.0,CM_MTB,ITA,Europe,yes,,,BA1036,310.0,,,,
MTB_T8_BA1036_T04_F,6.97026,29.56962,63.46011,0.0,CM_MTB,ITA,Europe,yes,,,BA1036,315.0,,,,
MTB_T8_BA1036_T05_F,8.26944,28.12092,63.60964,0.0,CM_MTB,ITA,Europe,yes,,,BA1036,322.0,,,,
MTB_T8_BA1036_T06_F,6.65879,24.79286,68.54835,0.0,CM_MTB,ITA,Europe,yes,,,BA1036,329.0,,,,
MTB_T8_BA1036_T07_F,9.74617,32.3568,56.05066,1.84637,CM_MTB,ITA,Europe,yes,,,BA1036,336.0,,,,
MTB_T8_BA1036_T08_F,14.0631,31.39908,17.35389,37.18394,CM_MTB,ITA,Europe,yes,,,BA1036,345.0,,,,
MTB_T8_BA1036_T09_F,11.91971,31.78421,22.2527,34.04338,CM_MTB,ITA,Europe,yes,,,BA1036,350.0,,,,
MTB_T8_BA1036_T10_F,8.96237,22.02639,39.1349,29.87634,CM_MTB,ITA,Europe,yes,,,BA1036,357.0,,,,
MTB_T8_BA1036_T11_F,15.19106,24.28371,33.45965,27.06558,CM_MTB,ITA,Europe,yes,,,BA1036,364.0,,,,
MTB_T8_BA1036_T12_F,11.7181,32.34127,23.6579,32.28272,CM_MTB,ITA,Europe,yes,,,BA1036,375.0,,,,
MTB_T8_BA1036_T14_F,34.61625,44.576,10.62375,10.18401,CM_MTB,ITA,Europe,yes,,,BA1036,387.0,,,,
MTB_T8_BA1036_T15_F,29.85732,38.62616,13.4339,18.08262,CM_MTB,ITA,Europe,yes,,,BA1036,392.0,,,,
MTB_T9_BA1029_T01_F,66.82182,33.17818,0.0,0.0,CM_MTB,ITA,Europe,yes,,,BA1029,302.0,,,,
MTB_T9_BA1029_T06_F,9.84012,26.9345,63.22538,0.0,CM_MTB,ITA,Europe,yes,,,BA1029,330.0,,,,
MTB_T9_BA1029_T08_F,3.05354,7.57873,89.36773,0.0,CM_MTB,ITA,Europe,yes,,,BA1029,346.0,,,,
MTB_T9_BA1029_T09_F,10.46192,31.51271,58.02537,0.0,CM_MTB,ITA,Europe,yes,,,BA1029,352.0,,,,
MTB_T9_BA1029_T10_F,7.86208,11.82605,80.31187,0.0,CM_MTB,ITA,Europe,yes,,,BA1029,357.0,,,,
MTB_T9_BA1029_T11_F,0.0,0.0,100.0,0.0,CM_MTB,ITA,Europe,yes,,,BA1029,365.0,,,,
MTB_T9_BA1029_T12_F,0.00079,0.0,99.99921,0.0,CM_MTB,ITA,Europe,yes,,,BA1029,371.0,,,,
MTB_T9_BA1029_T13_F,0.02376,0.0,99.97624,0.0,CM_MTB,ITA,Europe,yes,,,BA1029,378.0,,,,
MTB_T9_BA1029_T14_F,15.17933,0.0,84.82067,0.0,CM_MTB,ITA,Europe,yes,,,BA1029,388.0,,,,
MTB_T9_BA1029_T15_F,25.84963,0.0084,50.76825,23.37371,CM_MTB,ITA,Europe,yes,,,BA1029,392.0,,,,
MTB_T9_BA1029_T16_F,23.79365,0.0,48.45836,27.74799,CM_MTB,ITA,Europe,yes,,,BA1029,413.0,,,,
MTB_T9_BA1029_TSS_F,10.15431,29.53075,14.96208,45.35286,CM_MTB,ITA,Europe,yes,,,BA1029,624.0,,,,
MTB_T9_BA1029_X_F,60.50282,39.49718,0.0,0.0,CM_MTB,ITA,Europe,yes,,,BA1029,310.0,,,,
MV_FEI1_t1Q14,21.88678,58.31818,6.95073,12.84431,AsnicarF_2017,ITA,Europe,yes,,,MV_FEI1,90.0,,,,
MV_FEI2_t1Q14,91.04498,8.95435,0.0,0.00066,AsnicarF_2017,ITA,Europe,yes,,,MV_FEI2,90.0,,,,
MV_FEI3_t1Q14,1.35117,13.21589,14.0706,71.36234,AsnicarF_2017,ITA,Europe,yes,,,MV_FEI3,90.0,,,,
MV_FEI4_t1Q14,0.01503,0.0,99.98497,0.0,AsnicarF_2017,ITA,Europe,yes,,,MV_FEI4,,,,,
MV_FEI4_t2Q15,0.14456,42.9585,56.89694,0.0,AsnicarF_2017,ITA,Europe,yes,,,MV_FEI4,,,,,
MV_FEI5_t1Q14,0.02871,0.0,99.97129,0.0,AsnicarF_2017,ITA,Europe,yes,,,MV_FEI5,,,,,
MV_FEI5_t2Q14,0.0,0.0,0.0,0.0,AsnicarF_2017,ITA,Europe,yes,,,MV_FEI5,,,,,
MV_FEI5_t3Q15,51.8517,38.74508,9.40102,0.0022,AsnicarF_2017,ITA,Europe,yes,,,MV_FEI5,,,,,
NCS-003-Meconium_microbiome,0.0,0.0,0.0,0.0,ChuDM_2017,USA,North America,yes,,,NCS003_ba,0.0,,,,
NCS-005-Meconium_microbiome,0.0,0.0,0.0,0.0,ChuDM_2017,USA,North America,yes,,,NCS005_ba,0.0,,,,
NCS-006-Stool-infant_microbiome,0.00649,0.0,99.99351,0.0,ChuDM_2017,USA,North America,yes,,,NCS006_ba,42.0,,,,
NCS-008-Stool-infant2_microbiome,0.00039,99.9774,0.0,0.02221,ChuDM_2017,USA,North America,yes,,,NCS008_ba,,,,,
NCS-008-Stool-infant_microbiome,0.0,100.0,0.0,0.0,ChuDM_2017,USA,North America,yes,,,NCS008_ba,42.0,,,,
NCS-009-Stool-infant_microbiome,0.0,0.0,0.0,0.0,ChuDM_2017,USA,North America,yes,,,NCS009_ba,42.0,,,,
NCS-012-Stool-infant1_microbiome,3.46613,0.0,0.0,96.53387,ChuDM_2017,USA,North America,yes,,,NCS012_ba,,,,,
NCS-012-Stool-infant_microbiome,3.41585,0.0,0.0,96.58415,ChuDM_2017,USA,North America,yes,,,NCS012_ba,42.0,,,,
NCS-013-Stool-infant_microbiome,69.57977,30.41325,0.00699,0.0,ChuDM_2017,USA,North America,yes,,,NCS013_ba,42.0,,,,
NCS-016-Meconium_microbiome,0.0,0.0,0.0,0.0,ChuDM_2017,USA,North America,yes,,,NCS016_ba,0.0,,,,
NCS-018-Stool-infant_microbiome,0.0,0.0,0.0,0.0,ChuDM_2017,USA,North America,yes,,,NCS018_ba,42.0,,,,
NCS-020-Meconium_microbiome,0.0,0.0,0.0,0.0,ChuDM_2017,USA,North America,yes,,,NCS020_ba,0.0,,,,
NCS-020-Stool-infant_microbiome,4.61707,48.41498,46.96758,0.00037,ChuDM_2017,USA,North America,yes,,,NCS020_ba,42.0,,,,
NCS-022-Stool-infant_microbiome,61.89367,38.10621,0.00012,0.0,ChuDM_2017,USA,North America,yes,,,NCS022_ba,42.0,,,,
NCS-026-Stool-infant_microbiome,0.0,0.0,0.0,0.0,ChuDM_2017,USA,North America,yes,,,NCS026_ba,42.0,,,,
NCS-027-Stool-infant_microbiome,58.56787,41.17929,0.25284,0.0,ChuDM_2017,USA,North America,yes,,,NCS027_ba,42.0,,,,
NCS-028-Meconium_microbiome,0.31124,0.0,99.68876,0.0,ChuDM_2017,USA,North America,yes,,,NCS028_ba,0.0,,,,
NCS-029-Meconium1_microbiome,0.0,0.0,0.0,0.0,ChuDM_2017,USA,North America,yes,,,NCS029_ba,0.0,,,,
NCS-032-Stool-infant_microbiome,0.02957,0.0,99.97043,0.0,ChuDM_2017,USA,North America,yes,,,NCS032_ba,42.0,,,,
NCS-034-Stool-infant_microbiome,0.0,0.0,0.0,0.0,ChuDM_2017,USA,North America,yes,,,NCS034_ba,42.0,,,,
NCS-036-Stool-infant_microbiome,100.0,0.0,0.0,0.0,ChuDM_2017,USA,North America,yes,,,NCS036_ba,42.0,,,,
NCS-037-Stool-infant_microbiome,95.60298,0.0,4.39702,0.0,ChuDM_2017,USA,North America,yes,,,NCS037_ba,42.0,,,,
NCS-039-Stool-infant_microbiome,27.15943,0.0,72.84057,0.0,ChuDM_2017,USA,North America,yes,,,NCS039_ba,42.0,,,,
NCS-041-Meconium_microbiome,0.0,0.0,0.0,0.0,ChuDM_2017,USA,North America,yes,,,NCS041_ba,0.0,,,,
NCS-041-Stool-infant_microbiome,24.42873,16.21397,0.31497,59.04233,ChuDM_2017,USA,North America,yes,,,NCS041_ba,42.0,,,,
NCS-042-Stool-infant_microbiome,98.53699,0.0,1.45053,0.01249,ChuDM_2017,USA,North America,yes,,,NCS042_ba,42.0,,,,
NCS-044-Stool-infant_microbiome,0.0,0.0,0.0,0.0,ChuDM_2017,USA,North America,yes,,,NCS044_ba,42.0,,,,
NCS-049-Meconium1_microbiome,0.0,0.0,0.0,0.0,ChuDM_2017,USA,North America,yes,,,NCS049_ba,0.0,,,,
NCS-050-Stool-infant_microbiome,99.96675,0.0,0.01509,0.01815,ChuDM_2017,USA,North America,yes,,,NCS050_ba,42.0,,,,
NCS-053-Meconium_microbiome,0.0,0.0,0.0,0.0,ChuDM_2017,USA,North America,yes,,,NCS053_ba,0.0,,,,
NCS-054-Stool-infant3_microbiome,66.06616,33.93384,0.0,0.0,ChuDM_2017,USA,North America,yes,,,NCS054_ba,42.0,,,,
NCS-054-Stool-infant_microbiome,66.49265,33.50735,0.0,0.0,ChuDM_2017,USA,North America,yes,,,NCS054_ba,42.0,,,,
NCS-058-Stool-infant_microbiome,0.01392,0.0,99.98608,0.0,ChuDM_2017,USA,North America,yes,,,NCS058_ba,42.0,,,,
NCS-062-Stool-infant_microbiome,0.0,0.0,0.0,0.0,ChuDM_2017,USA,North America,yes,,,NCS062_ba,42.0,,,,
NCS-064-Stool-infant_microbiome,52.99727,47.00273,0.0,0.0,ChuDM_2017,USA,North America,yes,,,NCS064_ba,42.0,,,,
NCS-067-Stool-infant_microbiome,0.0,0.0,0.0,0.0,ChuDM_2017,USA,North America,yes,,,NCS067_ba,42.0,,,,
NCS-071-Meconium1_microbiome,0.0,0.0,0.0,0.0,ChuDM_2017,USA,North America,yes,,,NCS071_ba,0.0,,,,
NCS-074-Stool-infant_microbiome,100.0,0.0,0.0,0.0,ChuDM_2017,USA,North America,yes,,,NCS074_ba,42.0,,,,
NCS-075-Stool-infant_microbiome,62.45611,37.54389,0.0,0.0,ChuDM_2017,USA,North America,yes,,,NCS075_ba,42.0,,,,
NCS-076-Stool-infant_microbiome,53.46533,0.0,46.53415,0.00052,ChuDM_2017,USA,North America,yes,,,NCS076_ba,42.0,,,,
NCS-077-Stool-infant_microbiome,48.01886,0.0,51.98114,0.0,ChuDM_2017,USA,North America,yes,,,NCS077_ba,42.0,,,,
NCS-078-Stool-infant_microbiome,0.0,0.0,0.0,0.0,ChuDM_2017,USA,North America,yes,,,NCS078_ba,42.0,,,,
PRJNA231909.3101140,41.8876,44.8894,13.22299,0.0,KosticAD_2015,FIN,Europe,yes,,,E001463,290.0,,,,
PRJNA231909.3101436,29.35041,56.1722,14.46673,0.01066,KosticAD_2015,FIN,Europe,yes,,,E003989,205.0,,,,
PRJNA231909.3101439,61.20781,31.07803,7.63041,0.08375,KosticAD_2015,FIN,Europe,yes,,,E003989,300.0,,,,
PRJNA231909.3102732,38.42984,0.0,61.54342,0.02674,KosticAD_2015,FIN,Europe,yes,,,E006673,230.0,,,,
PRJNA231909.3102986,22.4032,77.5968,0.0,0.0,KosticAD_2015,FIN,Europe,yes,,,E010629,165.0,,,,
PRJNA231909.3103734,3.22075,0.0,3.85113,92.92812,KosticAD_2015,EST,Europe,yes,,,T014292,250.0,,,,
PRJNA231909.3103736,2.77674,0.0,11.45623,85.76703,KosticAD_2015,EST,Europe,yes,,,T014292,312.0,,,,
PRJNA231909.3104913,27.29742,72.6955,0.00496,0.00212,KosticAD_2015,EST,Europe,yes,,,T013815,50.0,,,,
PRJNA231909.3105378,14.1722,85.82423,0.00082,0.00275,KosticAD_2015,EST,Europe,yes,,,T013815,190.0,,,,
PRJNA231909.3105379,15.11729,84.88271,0.0,0.0,KosticAD_2015,EST,Europe,yes,,,T013815,400.0,,,,
PRJNA231909.3105829,72.72488,27.2432,0.0,0.03192,KosticAD_2015,FIN,Europe,yes,,,E006547,375.0,,,,
PRJNA231909.3105875,74.2902,1.99091,23.71888,0.0,KosticAD_2015,FIN,Europe,yes,,,E016924,145.0,,,,
PRJNA231909.3106384,91.65102,2.8266,5.52238,0.0,KosticAD_2015,FIN,Europe,yes,,,E001463,450.0,,,,
PRJNA231909.3107336,95.52517,0.31756,4.15726,0.0,KosticAD_2015,FIN,Europe,yes,,,E010629,380.0,,,,
PRJNA231909.3107373,6.66506,23.83254,47.68955,21.81286,KosticAD_2015,FIN,Europe,yes,,,E010590,240.0,,,,
PRJNA231909.3107376,5.72427,58.71056,35.46014,0.10504,KosticAD_2015,FIN,Europe,yes,,,E010590,325.0,,,,
PRJNA231909.3107649,43.1377,53.27679,3.46973,0.11577,KosticAD_2015,FIN,Europe,yes,,,E003989,460.0,,,,
PRJNA231909.3107651,82.19539,12.98791,4.77445,0.04225,KosticAD_2015,FIN,Europe,yes,,,E003989,520.0,,,,
PRJNA231909.3107978,0.10721,0.08901,99.78399,0.01979,KosticAD_2015,FIN,Europe,yes,,,E016924,270.0,,,,
PRJNA231909.3108330,92.79809,0.18726,6.92336,0.09129,KosticAD_2015,FIN,Europe,yes,,,E026079,230.0,,,,
PRJNA231909.3108332,45.93417,43.55591,10.37951,0.13041,KosticAD_2015,FIN,Europe,yes,,,E026079,375.0,,,,
PRJNA231909.3108437,48.29505,47.84464,3.8603,0.0,KosticAD_2015,FIN,Europe,yes,,,E018268,350.0,,,,
PRJNA231909.3108440,25.70613,61.57187,12.722,0.0,KosticAD_2015,FIN,Europe,yes,,,E018268,500.0,,,,
PRJNA231909.3108485,22.49784,77.50216,0.0,0.0,KosticAD_2015,FIN,Europe,yes,,,E018113,330.0,,,,
PRJNA231909.3108488,87.94357,0.74158,11.11834,0.1965,KosticAD_2015,FIN,Europe,yes,,,E018113,440.0,,,,
PRJNA231909.3108490,62.17804,0.14459,37.65837,0.019,KosticAD_2015,FIN,Europe,yes,,,E018113,570.0,,,,
PRJNA231909.3108601,99.78736,0.0,0.21264,0.0,KosticAD_2015,FIN,Europe,yes,,,E010590,420.0,,,,
PRJNA231909.3108874,99.97011,0.0,0.0,0.02989,KosticAD_2015,FIN,Europe,yes,,,E006547,475.0,,,,
PRJNA231909.3108875,56.8778,43.1222,0.0,0.0,KosticAD_2015,FIN,Europe,yes,,,E006547,560.0,,,,
PRJNA231909.3109753,3.36731,11.79269,0.0,84.84,KosticAD_2015,EST,Europe,yes,,,T013815,480.0,,,,
PRJNA231909.3109755,5.76117,24.65939,0.00257,69.57687,KosticAD_2015,EST,Europe,yes,,,T013815,490.0,,,,
PRJNA231909.3109940,71.96633,0.33113,27.63333,0.06921,KosticAD_2015,FIN,Europe,yes,,,E016924,510.0,,,,
PRJNA231909.3109997,95.36169,1.59765,2.89874,0.14193,KosticAD_2015,FIN,Europe,yes,,,E018113,600.0,,,,
PRJNA231909.3110006,98.67539,1.32461,0.0,0.0,KosticAD_2015,FIN,Europe,yes,,,E018113,630.0,,,,
PRJNA231909.3110086,98.57808,0.48483,0.87862,0.05847,KosticAD_2015,FIN,Europe,yes,,,E022137,270.0,,,,
PRJNA231909.3110090,98.02711,0.14382,1.76443,0.06464,KosticAD_2015,FIN,Europe,yes,,,E022137,390.0,,,,
PRJNA231909.3110226,100.0,0.0,0.0,0.0,KosticAD_2015,FIN,Europe,yes,,,E022852,370.0,,,,
PRJNA231909.3111969,41.50925,47.40307,11.08768,0.0,KosticAD_2015,FIN,Europe,yes,,,E017751,175.0,,,,
PRJNA231909.3111970,32.74771,52.69915,14.51467,0.03847,KosticAD_2015,FIN,Europe,yes,,,E017751,310.0,,,,
PRJNA231909.3112121,32.27105,65.72727,1.98477,0.0169,KosticAD_2015,FIN,Europe,yes,,,E018113,725.0,,,,
PRJNA231909.3112348,100.0,0.0,0.0,0.0,KosticAD_2015,FIN,Europe,yes,,,E022852,520.0,,,,
PRJNA231909.3112363,39.70335,58.02624,2.2704,0.0,KosticAD_2015,FIN,Europe,yes,,,E010590,510.0,,,,
PRJNA231909.3112365,87.17821,0.0,12.78697,0.03482,KosticAD_2015,FIN,Europe,yes,,,E010590,545.0,,,,
PRJNA231909.3112367,0.0,0.0,0.0,0.0,KosticAD_2015,FIN,Europe,yes,,,E010590,675.0,,,,
PRJNA231909.3112419,13.94622,42.71877,1.36141,41.97359,KosticAD_2015,FIN,Europe,yes,,,E022137,660.0,,,,
PRJNA231909.3112924,35.7883,55.94393,8.2577,0.01007,KosticAD_2015,FIN,Europe,yes,,,E017751,500.0,,,,
PRJNA231909.3112925,28.15425,65.31664,6.50975,0.01935,KosticAD_2015,FIN,Europe,yes,,,E017751,685.0,,,,
PRJNA231909.3113035,100.0,0.0,0.0,0.0,KosticAD_2015,FIN,Europe,yes,,,E022852,680.0,,,,
PRJNA231909.3113065,95.60917,0.64561,3.68161,0.06361,KosticAD_2015,FIN,Europe,yes,,,E003989,650.0,,,,
PRJNA231909.3113111,40.34031,42.22859,17.43111,0.0,KosticAD_2015,FIN,Europe,yes,,,E001463,680.0,,,,
PRJNA231909.3113339,37.75339,56.39761,5.76391,0.08509,KosticAD_2015,FIN,Europe,yes,,,E017751,720.0,,,,
PRJNA231909.3113604,38.16412,0.0,61.83588,0.0,KosticAD_2015,FIN,Europe,yes,,,E018268,650.0,,,,
PRJNA231909.3113933,99.59032,0.0,0.40968,0.0,KosticAD_2015,FIN,Europe,yes,,,E006673,335.0,,,,
PRJNA231909.3113936,32.33821,66.22543,1.43636,0.0,KosticAD_2015,FIN,Europe,yes,,,E006673,430.0,,,,
PRJNA231909.3114542,24.56676,75.43324,0.0,0.0,KosticAD_2015,FIN,Europe,yes,,,E026079,630.0,,,,
PRJNA231909.3114810,41.27128,58.72872,0.0,0.0,KosticAD_2015,FIN,Europe,yes,,,E006673,520.0,,,,
PRJNA231909.3116468,3.15711,34.77353,9.77117,52.29819,KosticAD_2015,EST,Europe,yes,,,T014292,460.0,,,,
PRJNA231909.3116471,4.81568,49.91617,8.85661,36.41153,KosticAD_2015,EST,Europe,yes,,,T014292,562.0,,,,
PRJNA231909.3117378,5.5415,45.94521,0.0,48.51329,KosticAD_2015,EST,Europe,yes,,,T013815,640.0,,,,
PRJNA231909.3117380,2.15812,47.43806,0.0,50.40382,KosticAD_2015,EST,Europe,yes,,,T013815,685.0,,,,
PRJNA231909.3117624,13.53801,79.87656,6.54087,0.04456,KosticAD_2015,EST,Europe,yes,,,T014292,640.0,,,,
S2_CON_000E1,0.0,0.0,0.0,0.0,BrooksB_2017,USA,North America,yes,,,S2_CON,0.0,,,,
S2_CON_001E1,0.0,0.0,0.0,0.0,BrooksB_2017,USA,North America,yes,,,S2_CON,1.0,,,,
S2_CON_002E1,0.0,0.0,0.0,0.0,BrooksB_2017,USA,North America,yes,,,S2_CON,2.0,,,,
S2_CON_002E2,0.0,0.0,0.0,0.0,BrooksB_2017,USA,North America,yes,,,S2_CON,2.0,,,,
S2_CON_003E1,0.0,0.0,0.0,0.0,BrooksB_2017,USA,North America,yes,,,S2_CON,3.0,,,,
SID02C_553,1.36146,16.45864,1.64831,80.5316,PehrssonE_2016,PER,South America,no,,,SID02C,0.0,,,,
SID103_12M,0.0,0.0,0.0,0.0,BackhedF_2015,SWE,Europe,yes,,,SID103,369.0,,,,
SID103_4M,0.0,0.0,0.0,0.0,BackhedF_2015,SWE,Europe,yes,,,SID103,125.0,,,,
SID103_B,99.99386,0.0,0.00614,0.0,BackhedF_2015,SWE,Europe,yes,,,SID103,3.0,,,,
SID105_12M,52.72628,0.0,47.27372,0.0,BackhedF_2015,SWE,Europe,yes,,,SID105,365.0,,,,
SID105_4M,2.82423,0.0,97.17334,0.00244,BackhedF_2015,SWE,Europe,yes,,,SID105,118.0,,,,
SID105_B,0.05697,0.0,99.94303,0.0,BackhedF_2015,SWE,Europe,yes,,,SID105,5.0,,,,
SID10_12M,42.18463,57.12523,0.69014,0.0,BackhedF_2015,SWE,Europe,yes,,,SID10,380.0,,,,
SID10_4M,39.74467,0.0,60.25533,0.0,BackhedF_2015,SWE,Europe,yes,,,SID10,110.0,,,,
SID10_B,100.0,0.0,0.0,0.0,BackhedF_2015,SWE,Europe,yes,,,SID10,1.0,,,,
SID128_12M,100.0,0.0,0.0,0.0,BackhedF_2015,SWE,Europe,yes,,,SID128,366.0,,,,
SID128_4M,100.0,0.0,0.0,0.0,BackhedF_2015,SWE,Europe,yes,,,SID128,123.0,,,,
SID128_B,100.0,0.0,0.0,0.0,BackhedF_2015,SWE,Europe,yes,,,SID128,1.0,,,,
SID12_12M,0.0,0.0,0.0,0.0,BackhedF_2015,SWE,Europe,yes,,,SID12,376.0,,,,
SID12_4M,0.0,0.0,0.0,0.0,BackhedF_2015,SWE,Europe,yes,,,SID12,111.0,,,,
SID12_B,0.0,0.0,0.0,0.0,BackhedF_2015,SWE,Europe,yes,,,SID12,2.0,,,,
SID130_12M,100.0,0.0,0.0,0.0,BackhedF_2015,SWE,Europe,yes,,,SID130,365.0,,,,
SID130_4M,99.99706,0.0,0.00294,0.0,BackhedF_2015,SWE,Europe,yes,,,SID130,127.0,,,,
SID130_B,100.0,0.0,0.0,0.0,BackhedF_2015,SWE,Europe,yes,,,SID130,1.0,,,,
SID133_12M,32.2728,0.28481,67.44239,0.0,BackhedF_2015,SWE,Europe,yes,,,SID133,369.0,,,,
SID133_4M,2.63673,33.30136,64.05345,0.00846,BackhedF_2015,SWE,Europe,yes,,,SID133,124.0,,,,
SID133_B,0.0,18.70319,81.29681,0.0,BackhedF_2015,SWE,Europe,yes,,,SID133,11.0,,,,
SID137_12M,44.75331,0.0,55.24669,0.0,BackhedF_2015,SWE,Europe,yes,,,SID137,366.0,,,,
SID137_4M,2.64184,0.0,97.35597,0.00218,BackhedF_2015,SWE,Europe,yes,,,SID137,134.0,,,,
SID137_B,62.67214,0.0,37.32786,0.0,BackhedF_2015,SWE,Europe,yes,,,SID137,1.0,,,,
SID140101,2.50922,34.1816,25.872,37.43719,PehrssonE_2016,SLV,North America,no,,,SID14_1,440.0,,,,
SID140102,1.35286,60.92852,22.96687,14.75175,PehrssonE_2016,SLV,North America,no,,,SID14_1,440.0,,,,
SID150_12M,0.0,0.0,0.0,0.0,BackhedF_2015,SWE,Europe,yes,,,SID150,364.0,,,,
SID150_4M,100.0,0.0,0.0,0.0,BackhedF_2015,SWE,Europe,yes,,,SID150,121.0,,,,
SID157_12M,48.65607,0.0,51.34393,0.0,BackhedF_2015,SWE,Europe,yes,,,SID157,365.0,,,,
SID157_4M,0.11195,0.0,99.88805,0.0,BackhedF_2015,SWE,Europe,yes,,,SID157,128.0,,,,
SID157_B,88.85193,0.0,11.14807,0.0,BackhedF_2015,SWE,Europe,yes,,,SID157,0.0,,,,
SID172_12M,100.0,0.0,0.0,0.0,BackhedF_2015,SWE,Europe,yes,,,SID172,364.0,,,,
SID172_4M,0.0,0.0,0.0,0.0,BackhedF_2015,SWE,Europe,yes,,,SID172,123.0,,,,
SID179_12M,59.93864,11.39212,28.66924,0.0,BackhedF_2015,SWE,Europe,yes,,,SID179,354.0,,,,
SID179_4M,35.78041,0.0,64.21959,0.0,BackhedF_2015,SWE,Europe,yes,,,SID179,122.0,,,,
SID179_B,0.0,0.0,0.0,0.0,BackhedF_2015,SWE,Europe,yes,,,SID179,2.0,,,,
SID180_12M,0.0,0.0,0.0,0.0,BackhedF_2015,SWE,Europe,yes,,,SID180,365.0,,,,
SID180_4M,0.0,0.0,0.0,0.0,BackhedF_2015,SWE,Europe,yes,,,SID180,124.0,,,,
SID180_B,0.0,0.0,0.0,0.0,BackhedF_2015,SWE,Europe,yes,,,SID180,7.0,,,,
SID181_12M,94.3474,5.6526,0.0,0.0,BackhedF_2015,SWE,Europe,yes,,,SID181,351.0,,,,
SID181_4M,36.29959,63.69966,0.00074,0.0,BackhedF_2015,SWE,Europe,yes,,,SID181,119.0,,,,
SID181_B,38.2328,61.7672,0.0,0.0,BackhedF_2015,SWE,Europe,yes,,,SID181,3.0,,,,
SID184_12M,22.72692,74.35264,0.0,2.92044,BackhedF_2015,SWE,Europe,yes,,,SID184,360.0,,,,
SID184_4M,1.34598,14.18319,0.00193,84.4689,BackhedF_2015,SWE,Europe,yes,,,SID184,125.0,,,,
SID184_B,63.6277,36.05118,0.0,0.32113,BackhedF_2015,SWE,Europe,yes,,,SID184,3.0,,,,
SID18_12M,91.79516,0.0,8.20484,0.0,BackhedF_2015,SWE,Europe,yes,,,SID18,374.0,,,,
SID18_4M,5.80755,94.19245,0.0,0.0,BackhedF_2015,SWE,Europe,yes,,,SID18,122.0,,,,
SID18_B,0.0,100.0,0.0,0.0,BackhedF_2015,SWE,Europe,yes,,,SID18,4.0,,,,
SID195_12M,41.46006,0.0,58.45216,0.08779,BackhedF_2015,SWE,Europe,yes,,,SID195,396.0,,,,
SID195_4M,2.65422,0.0,0.34487,97.00092,BackhedF_2015,SWE,Europe,yes,,,SID195,114.0,,,,
SID195_B,98.48288,0.0,0.0,1.51712,BackhedF_2015,SWE,Europe,yes,,,SID195,2.0,,,,
SID1_B,99.99623,0.0,0.0,0.00377,BackhedF_2015,SWE,Europe,yes,,,SID1,4.0,,,,
SID201_12M,10.43424,17.8713,0.0,71.69446,BackhedF_2015,SWE,Europe,yes,,,SID201,381.0,,,,
SID201_B,52.87509,47.12491,0.0,0.0,BackhedF_2015,SWE,Europe,yes,,,SID201,8.0,,,,
SID203_B,96.6797,0.0,0.0,3.3203,BackhedF_2015,SWE,Europe,yes,,,SID203,3.0,,,,
SID210401,0.97144,1.01423,0.18458,97.82975,PehrssonE_2016,SLV,North America,no,,,SID21_4,75.0,,,,
SID210402,0.92539,3.84604,0.45591,94.77267,PehrssonE_2016,SLV,North America,no,,,SID21_4,75.0,,,,
SID210404,3.94585,41.92531,17.948,36.18084,PehrssonE_2016,SLV,North America,no,,,SID21_4,440.0,,,,
SID224_12M,46.08446,33.13705,0.0,20.77849,BackhedF_2015,SWE,Europe,yes,,,SID224,377.0,,,,
SID224_4M,1.5357,4.97588,2.57217,90.91625,BackhedF_2015,SWE,Europe,yes,,,SID224,124.0,,,,
SID224_B,0.0,0.0,0.0,0.0,BackhedF_2015,SWE,Europe,yes,,,SID224,8.0,,,,
SID229_12M,91.66095,0.56816,7.77089,0.0,BackhedF_2015,SWE,Europe,yes,,,SID229,371.0,,,,
SID229_4M,8.56201,34.02829,57.40666,0.00303,BackhedF_2015,SWE,Europe,yes,,,SID229,125.0,,,,
SID238_B,72.51548,0.0,27.48452,0.0,BackhedF_2015,SWE,Europe,yes,,,SID238,5.0,,,,
SID240_12M,100.0,0.0,0.0,0.0,BackhedF_2015,SWE,Europe,yes,,,SID240,358.0,,,,
SID240_4M,100.0,0.0,0.0,0.0,BackhedF_2015,SWE,Europe,yes,,,SID240,122.0,,,,
SID240_B,0.0,0.0,0.0,0.0,BackhedF_2015,SWE,Europe,yes,,,SID240,1.0,,,,
SID241_12M,100.0,0.0,0.0,0.0,BackhedF_2015,SWE,Europe,yes,,,SID241,358.0,,,,
SID241_4M,0.0,0.0,0.0,0.0,BackhedF_2015,SWE,Europe,yes,,,SID241,130.0,,,,
SID241_B,0.0,0.0,0.0,0.0,BackhedF_2015,SWE,Europe,yes,,,SID241,3.0,,,,
SID244_B,69.7952,30.2048,0.0,0.0,BackhedF_2015,SWE,Europe,yes,,,SID244,2.0,,,,
SID256_12M,21.96135,2.30385,75.7348,0.0,BackhedF_2015,SWE,Europe,yes,,,SID256,385.0,,,,
SID256_4M,76.39754,23.58264,0.01965,0.00017,BackhedF_2015,SWE,Europe,yes,,,SID256,118.0,,,,
SID256_B,99.16756,0.81217,0.02027,0.0,BackhedF_2015,SWE,Europe,yes,,,SID256,3.0,,,,
SID258_12M,77.67643,22.32357,0.0,0.0,BackhedF_2015,SWE,Europe,yes,,,SID258,363.0,,,,
SID258_4M,0.0,0.0,0.0,0.0,BackhedF_2015,SWE,Europe,yes,,,SID258,115.0,,,,
SID258_B,100.0,0.0,0.0,0.0,BackhedF_2015,SWE,Europe,yes,,,SID258,1.0,,,,
SID263_12M,99.34609,0.0,0.0,0.65391,BackhedF_2015,SWE,Europe,yes,,,SID263,367.0,,,,
SID263_4M,99.97333,0.0,0.00096,0.02571,BackhedF_2015,SWE,Europe,yes,,,SID263,128.0,,,,
SID263_B,99.73721,0.0,0.0,0.26279,BackhedF_2015,SWE,Europe,yes,,,SID263,9.0,,,,
SID265_12M,77.51886,0.0,22.48114,0.0,BackhedF_2015,SWE,Europe,yes,,,SID265,372.0,,,,
SID265_4M,1.58637,0.0,2.27417,96.13946,BackhedF_2015,SWE,Europe,yes,,,SID265,124.0,,,,
SID265_B,0.0,0.0,0.0,0.0,BackhedF_2015,SWE,Europe,yes,,,SID265,11.0,,,,
SID268_12M,57.65048,37.65855,4.69097,0.0,BackhedF_2015,SWE,Europe,yes,,,SID268,371.0,,,,
SID268_4M,10.75351,0.0,89.24604,0.00045,BackhedF_2015,SWE,Europe,yes,,,SID268,119.0,,,,
SID268_B,100.0,0.0,0.0,0.0,BackhedF_2015,SWE,Europe,yes,,,SID268,3.0,,,,
SID26_12M,91.76277,8.23723,0.0,0.0,BackhedF_2015,SWE,Europe,yes,,,SID26,376.0,,,,
SID26_4M,23.18926,76.80989,0.00085,0.0,BackhedF_2015,SWE,Europe,yes,,,SID26,119.0,,,,
SID26_B,21.16859,78.83141,0.0,0.0,BackhedF_2015,SWE,Europe,yes,,,SID26,5.0,,,,
SID272_B,100.0,0.0,0.0,0.0,BackhedF_2015,SWE,Europe,yes,,,SID272,2.0,,,,
SID274_B,100.0,0.0,0.0,0.0,BackhedF_2015,SWE,Europe,yes,,,SID274,0.0,,,,
SID275_12M,95.85863,0.0,0.0,4.14137,BackhedF_2015,SWE,Europe,yes,,,SID275,367.0,,,,
SID275_4M,1.73276,0.0,0.00136,98.26587,BackhedF_2015,SWE,Europe,yes,,,SID275,119.0,,,,
SID275_B,87.00605,0.0,0.0,12.99395,BackhedF_2015,SWE,Europe,yes,,,SID275,1.0,,,,
SID276_12M,96.71996,0.0,3.28004,0.0,BackhedF_2015,SWE,Europe,yes,,,SID276,373.0,,,,
SID276_4M,15.75949,0.0,84.21964,0.02087,BackhedF_2015,SWE,Europe,yes,,,SID276,128.0,,,,
SID276_B,100.0,0.0,0.0,0.0,BackhedF_2015,SWE,Europe,yes,,,SID276,4.0,,,,
SID281_B,99.99626,0.00374,0.0,0.0,BackhedF_2015,SWE,Europe,yes,,,SID281,7.0,,,,
SID282_12M,0.17703,10.43663,87.9095,1.47684,BackhedF_2015,SWE,Europe,yes,,,SID282,365.0,,,,
SID282_4M,2.44478,2.74751,0.00114,94.80658,BackhedF_2015,SWE,Europe,yes,,,SID282,120.0,,,,
SID326_12M,99.86532,0.00762,0.0,0.12707,BackhedF_2015,SWE,Europe,yes,,,SID326,365.0,,,,
SID326_4M,60.41114,39.57029,0.00208,0.01649,BackhedF_2015,SWE,Europe,yes,,,SID326,120.0,,,,
SID332_12M,48.52494,0.0,51.47506,0.0,BackhedF_2015,SWE,Europe,yes,,,SID332,409.0,,,,
SID332_4M,100.0,0.0,0.0,0.0,BackhedF_2015,SWE,Europe,yes,,,SID332,125.0,,,,
SID332_B,100.0,0.0,0.0,0.0,BackhedF_2015,SWE,Europe,yes,,,SID332,12.0,,,,
SID335_B,99.67019,0.32981,0.0,0.0,BackhedF_2015,SWE,Europe,yes,,,SID335,2.0,,,,
SID338_12M,91.79575,4.633,2.21104,1.36021,BackhedF_2015,SWE,Europe,yes,,,SID338,364.0,,,,
SID338_4M,2.26568,0.0,0.09133,97.643,BackhedF_2015,SWE,Europe,yes,,,SID338,126.0,,,,
SID338_B,99.84278,0.15722,0.0,0.0,BackhedF_2015,SWE,Europe,yes,,,SID338,2.0,,,,
SID341_12M,75.08081,0.0,24.91919,0.0,BackhedF_2015,SWE,Europe,yes,,,SID341,364.0,,,,
SID341_4M,13.17184,0.0,86.82816,0.0,BackhedF_2015,SWE,Europe,yes,,,SID341,122.0,,,,
SID341_B,99.9097,0.0,0.0875,0.0028,BackhedF_2015,SWE,Europe,yes,,,SID341,4.0,,,,
SID343_12M,0.48494,5.57352,93.94154,0.0,BackhedF_2015,SWE,Europe,yes,,,SID343,364.0,,,,
SID343_4M,3.36306,0.12747,0.0,96.50947,BackhedF_2015,SWE,Europe,yes,,,SID343,122.0,,,,
SID343_B,99.95443,0.03356,0.00326,0.00875,BackhedF_2015,SWE,Europe,yes,,,SID343,9.0,,,,
SID345_12M,58.88516,0.0,41.11484,0.0,BackhedF_2015,SWE,Europe,yes,,,SID345,359.0,,,,
SID345_4M,13.40624,42.24365,44.34658,0.00353,BackhedF_2015,SWE,Europe,yes,,,SID345,121.0,,,,
SID345_B,1.49782,7.13324,91.36665,0.00229,BackhedF_2015,SWE,Europe,yes,,,SID345,2.0,,,,
SID367_12M,30.00516,0.0,69.99275,0.00208,BackhedF_2015,SWE,Europe,yes,,,SID367,376.0,,,,
SID367_4M,3.70052,26.38885,69.90873,0.0019,BackhedF_2015,SWE,Europe,yes,,,SID367,121.0,,,,
SID367_B,20.16443,53.92407,25.90545,0.00606,BackhedF_2015,SWE,Europe,yes,,,SID367,2.0,,,,
SID377_12M,19.73519,36.47123,43.79358,0.0,BackhedF_2015,SWE,Europe,yes,,,SID377,372.0,,,,
SID377_4M,21.12269,40.39708,38.48023,0.0,BackhedF_2015,SWE,Europe,yes,,,SID377,123.0,,,,
SID377_B,8.92604,91.06707,0.00689,0.0,BackhedF_2015,SWE,Europe,yes,,,SID377,3.0,,,,
SID383_B,69.28748,30.71252,0.0,0.0,BackhedF_2015,SWE,Europe,yes,,,SID383,2.0,,,,
SID385_12M,97.08902,0.0,0.0,2.91098,BackhedF_2015,SWE,Europe,yes,,,SID385,366.0,,,,
SID385_4M,2.5319,0.00025,0.00254,97.46531,BackhedF_2015,SWE,Europe,yes,,,SID385,110.0,,,,
SID385_B,0.0,0.0,0.0,100.0,BackhedF_2015,SWE,Europe,yes,,,SID385,3.0,,,,
SID387_12M,2.11158,17.50329,80.38513,0.0,BackhedF_2015,SWE,Europe,yes,,,SID387,364.0,,,,
SID387_4M,3.46001,37.5701,58.96873,0.00116,BackhedF_2015,SWE,Europe,yes,,,SID387,121.0,,,,
SID387_B,91.30176,3.348,5.35023,0.0,BackhedF_2015,SWE,Europe,yes,,,SID387,2.0,,,,
SID38_B,99.72845,0.27155,0.0,0.0,BackhedF_2015,SWE,Europe,yes,,,SID38,2.0,,,,
SID397_12M,42.87249,47.54896,9.57856,0.0,BackhedF_2015,SWE,Europe,yes,,,SID397,370.0,,,,
SID397_4M,0.01492,46.95938,53.0257,0.0,BackhedF_2015,SWE,Europe,yes,,,SID397,118.0,,,,
SID39_12M,98.64814,0.0,0.21895,1.13291,BackhedF_2015,SWE,Europe,yes,,,SID39,372.0,,,,
SID39_4M,53.19487,46.80299,0.00176,0.00038,BackhedF_2015,SWE,Europe,yes,,,SID39,122.0,,,,
SID39_B,99.86578,0.0,0.02924,0.10498,BackhedF_2015,SWE,Europe,yes,,,SID39,7.0,,,,
SID42_B,68.42294,31.57706,0.0,0.0,BackhedF_2015,SWE,Europe,yes,,,SID42,3.0,,,,
SID45_12M,0.9646,46.28558,52.74419,0.00563,BackhedF_2015,SWE,Europe,yes,,,SID45,363.0,,,,
SID45_4M,99.49161,0.19844,0.29597,0.01398,BackhedF_2015,SWE,Europe,yes,,,SID45,127.0,,,,
SID45_B,42.55828,28.15853,29.28319,0.0,BackhedF_2015,SWE,Europe,yes,,,SID45,2.0,,,,
SID503_12M,79.08134,0.0,20.81291,0.10575,BackhedF_2015,SWE,Europe,yes,,,SID503,371.0,,,,
SID503_4M,16.05083,83.94917,0.0,0.0,BackhedF_2015,SWE,Europe,yes,,,SID503,124.0,,,,
SID503_B,54.86924,45.13076,0.0,0.0,BackhedF_2015,SWE,Europe,yes,,,SID503,3.0,,,,
SID504_12M,63.86982,36.13018,0.0,0.0,BackhedF_2015,SWE,Europe,yes,,,SID504,361.0,,,,
SID504_4M,100.0,0.0,0.0,0.0,BackhedF_2015,SWE,Europe,yes,,,SID504,124.0,,,,
SID504_B,0.0,0.0,0.0,0.0,BackhedF_2015,SWE,Europe,yes,,,SID504,4.0,,,,
SID507_B,0.03776,0.0,99.96188,0.00037,BackhedF_2015,SWE,Europe,yes,,,SID507,8.0,,,,
SID511_12M,87.27456,10.07162,2.65382,0.0,BackhedF_2015,SWE,Europe,yes,,,SID511,358.0,,,,
SID511_4M,7.84348,0.0,92.15652,0.0,BackhedF_2015,SWE,Europe,yes,,,SID511,114.0,,,,
SID511_B,99.91885,0.0,0.08115,0.0,BackhedF_2015,SWE,Europe,yes,,,SID511,4.0,,,,
SID51_12M,32.25369,64.18852,3.55779,0.0,BackhedF_2015,SWE,Europe,yes,,,SID51,368.0,,,,
SID51_4M,100.0,0.0,0.0,0.0,BackhedF_2015,SWE,Europe,yes,,,SID51,132.0,,,,
SID51_B,100.0,0.0,0.0,0.0,BackhedF_2015,SWE,Europe,yes,,,SID51,3.0,,,,
SID521_12M,8.33032,0.0,91.66968,0.0,BackhedF_2015,SWE,Europe,yes,,,SID521,361.0,,,,
SID521_4M,22.6016,0.0,77.39769,0.00072,BackhedF_2015,SWE,Europe,yes,,,SID521,123.0,,,,
SID521_B,0.0,0.0,100.0,0.0,BackhedF_2015,SWE,Europe,yes,,,SID521,1.0,,,,
SID526_12M,2.48147,81.02216,16.49637,0.0,BackhedF_2015,SWE,Europe,yes,,,SID526,360.0,,,,
SID526_4M,36.90355,63.09564,0.00081,0.0,BackhedF_2015,SWE,Europe,yes,,,SID526,123.0,,,,
SID526_B,0.0,100.0,0.0,0.0,BackhedF_2015,SWE,Europe,yes,,,SID526,6.0,,,,
SID527_12M,83.01945,0.0,16.82765,0.1529,BackhedF_2015,SWE,Europe,yes,,,SID527,360.0,,,,
SID527_4M,1.46813,0.0,0.13746,98.39441,BackhedF_2015,SWE,Europe,yes,,,SID527,123.0,,,,
SID527_B,0.0,0.0,100.0,0.0,BackhedF_2015,SWE,Europe,yes,,,SID527,0.0,,,,
SID532_B,65.89095,34.10905,0.0,0.0,BackhedF_2015,SWE,Europe,yes,,,SID532,5.0,,,,
SID536_12M,88.42271,11.57729,0.0,0.0,BackhedF_2015,SWE,Europe,yes,,,SID536,365.0,,,,
SID536_4M,65.49365,34.49116,0.00658,0.00861,BackhedF_2015,SWE,Europe,yes,,,SID536,122.0,,,,
SID536_B,0.0,0.0,0.0,0.0,BackhedF_2015,SWE,Europe,yes,,,SID536,2.0,,,,
SID53_B,100.0,0.0,0.0,0.0,BackhedF_2015,SWE,Europe,yes,,,SID53,5.0,,,,
SID544_12M,0.0,0.0,0.0,0.0,BackhedF_2015,SWE,Europe,yes,,,SID544,364.0,,,,
SID544_4M,0.0,0.0,0.0,0.0,BackhedF_2015,SWE,Europe,yes,,,SID544,114.0,,,,
SID546_B,0.0,0.0,0.0,0.0,BackhedF_2015,SWE,Europe,yes,,,SID546,3.0,,,,
SID549_12M,100.0,0.0,0.0,0.0,BackhedF_2015,SWE,Europe,yes,,,SID549,359.0,,,,
SID549_4M,100.0,0.0,0.0,0.0,BackhedF_2015,SWE,Europe,yes,,,SID549,127.0,,,,
SID549_B,0.0,0.0,0.0,0.0,BackhedF_2015,SWE,Europe,yes,,,SID549,2.0,,,,
SID560_12M,60.32237,0.0,0.0,39.67763,BackhedF_2015,SWE,Europe,yes,,,SID560,360.0,,,,
SID560_4M,1.75346,0.0,0.00067,98.24587,BackhedF_2015,SWE,Europe,yes,,,SID560,131.0,,,,
SID560_B,0.46088,0.0,0.0,99.53912,BackhedF_2015,SWE,Europe,yes,,,SID560,4.0,,,,
SID565_12M,79.89566,19.93067,0.0,0.17366,BackhedF_2015,SWE,Europe,yes,,,SID565,367.0,,,,
SID565_4M,6.04997,0.0,0.1644,93.78563,BackhedF_2015,SWE,Europe,yes,,,SID565,127.0,,,,
SID565_B,99.9543,0.0,0.0,0.0457,BackhedF_2015,SWE,Europe,yes,,,SID565,3.0,,,,
SID566_4M,1.90102,5.33713,7.42072,85.34113,BackhedF_2015,SWE,Europe,yes,,,SID566,120.0,,,,
SID567_12M,8.15721,0.0,1.86005,89.98274,BackhedF_2015,SWE,Europe,yes,,,SID567,367.0,,,,
SID567_4M,11.01196,0.0,0.0021,88.98594,BackhedF_2015,SWE,Europe,yes,,,SID567,121.0,,,,
SID567_B,100.0,0.0,0.0,0.0,BackhedF_2015,SWE,Europe,yes,,,SID567,1.0,,,,
SID570_12M,4.49411,0.0,95.50589,0.0,BackhedF_2015,SWE,Europe,yes,,,SID570,371.0,,,,
SID570_4M,99.90731,0.0,0.0,0.09269,BackhedF_2015,SWE,Europe,yes,,,SID570,118.0,,,,
SID570_B,98.34032,0.0,0.0,1.65968,BackhedF_2015,SWE,Europe,yes,,,SID570,2.0,,,,
SID572_12M,58.8619,41.1381,0.0,0.0,BackhedF_2015,SWE,Europe,yes,,,SID572,364.0,,,,
SID572_4M,60.91772,39.08228,0.0,0.0,BackhedF_2015,SWE,Europe,yes,,,SID572,116.0,,,,
SID572_B,52.12627,47.87134,0.00239,0.0,BackhedF_2015,SWE,Europe,yes,,,SID572,5.0,,,,
SID577_12M,99.84072,0.0,0.15928,0.0,BackhedF_2015,SWE,Europe,yes,,,SID577,369.0,,,,
SID577_4M,0.0,0.0,0.0,0.0,BackhedF_2015,SWE,Europe,yes,,,SID577,120.0,,,,
SID577_B,0.0,0.0,0.0,0.0,BackhedF_2015,SWE,Europe,yes,,,SID577,7.0,,,,
SID582_12M,100.0,0.0,0.0,0.0,BackhedF_2015,SWE,Europe,yes,,,SID582,369.0,,,,
SID582_4M,100.0,0.0,0.0,0.0,BackhedF_2015,SWE,Europe,yes,,,SID582,125.0,,,,
SID582_B,0.0,0.0,0.0,0.0,BackhedF_2015,SWE,Europe,yes,,,SID582,2.0,,,,
SID585_12M,90.21381,0.0,8.62431,1.16189,BackhedF_2015,SWE,Europe,yes,,,SID585,367.0,,,,
SID585_4M,1.83636,0.0,1.04362,97.12002,BackhedF_2015,SWE,Europe,yes,,,SID585,126.0,,,,
SID585_B,0.0,0.0,0.0,100.0,BackhedF_2015,SWE,Europe,yes,,,SID585,6.0,,,,
SID587_12M,1.03828,0.0,98.96172,0.0,BackhedF_2015,SWE,Europe,yes,,,SID587,366.0,,,,
SID587_4M,11.354,0.0,88.64271,0.0033,BackhedF_2015,SWE,Europe,yes,,,SID587,125.0,,,,
SID587_B,97.3913,0.0,2.6087,0.0,BackhedF_2015,SWE,Europe,yes,,,SID587,3.0,,,,
SID589_12M,37.96079,0.0,62.03921,0.0,BackhedF_2015,SWE,Europe,yes,,,SID589,371.0,,,,
SID589_4M,1.19903,0.0,98.80097,0.0,BackhedF_2015,SWE,Europe,yes,,,SID589,119.0,,,,
SID589_B,0.02893,0.0,99.97107,0.0,BackhedF_2015,SWE,Europe,yes,,,SID589,6.0,,,,
SID590_12M,100.0,0.0,0.0,0.0,BackhedF_2015,SWE,Europe,yes,,,SID590,355.0,,,,
SID590_4M,84.17768,0.0,15.81732,0.005,BackhedF_2015,SWE,Europe,yes,,,SID590,123.0,,,,
SID590_B,100.0,0.0,0.0,0.0,BackhedF_2015,SWE,Europe,yes,,,SID590,4.0,,,,
SID591_12M,0.0,0.0,0.0,0.0,BackhedF_2015,SWE,Europe,yes,,,SID591,364.0,,,,
SID591_4M,99.99934,0.0,0.00066,0.0,BackhedF_2015,SWE,Europe,yes,,,SID591,119.0,,,,
SID591_B,99.99619,0.0,0.00381,0.0,BackhedF_2015,SWE,Europe,yes,,,SID591,9.0,,,,
SID598_B,0.0,0.0,0.0,0.0,BackhedF_2015,SWE,Europe,yes,,,SID598,2.0,,,,
SID599_12M,54.5793,45.4207,0.0,0.0,BackhedF_2015,SWE,Europe,yes,,,SID599,369.0,,,,
SID599_4M,50.02575,49.97369,0.0,0.00056,BackhedF_2015,SWE,Europe,yes,,,SID599,150.0,,,,
SID599_B,72.3145,27.68164,0.00359,0.00027,BackhedF_2015,SWE,Europe,yes,,,SID599,3.0,,,,
SID608_12M,99.63389,0.0,0.0,0.36611,BackhedF_2015,SWE,Europe,yes,,,SID608,374.0,,,,
SID608_4M,99.99958,0.0,0.00042,0.0,BackhedF_2015,SWE,Europe,yes,,,SID608,127.0,,,,
SID608_B,100.0,0.0,0.0,0.0,BackhedF_2015,SWE,Europe,yes,,,SID608,8.0,,,,
SID615_12M,16.41039,75.68948,1.34411,6.55602,BackhedF_2015,SWE,Europe,yes,,,SID615,372.0,,,,
SID615_4M,2.64319,1.34683,0.1332,95.87677,BackhedF_2015,SWE,Europe,yes,,,SID615,133.0,,,,
SID615_B,0.0,0.0,0.0,100.0,BackhedF_2015,SWE,Europe,yes,,,SID615,4.0,,,,
SID622_B,75.67252,24.32748,0.0,0.0,BackhedF_2015,SWE,Europe,yes,,,SID622,1.0,,,,
SID624_12M,99.74697,0.25303,0.0,0.0,BackhedF_2015,SWE,Europe,yes,,,SID624,352.0,,,,
SID624_4M,99.7117,0.0,0.0,0.2883,BackhedF_2015,SWE,Europe,yes,,,SID624,115.0,,,,
SID626_12M,11.23541,86.94559,1.819,0.0,BackhedF_2015,SWE,Europe,yes,,,SID626,372.0,,,,
SID626_4M,11.14866,88.85134,0.0,0.0,BackhedF_2015,SWE,Europe,yes,,,SID626,121.0,,,,
SID626_B,100.0,0.0,0.0,0.0,BackhedF_2015,SWE,Europe,yes,,,SID626,2.0,,,,
SID629421fa-7ae6-11e9-a106-68b59976a384,0.0,79.30926,0.0,20.69074,ShaoY_2019,GBR,Europe,yes,,,SID512120_ba,4.0,,,,
SID62a29866-7ae6-11e9-a106-68b59976a384,0.0,27.95969,0.0,72.04031,ShaoY_2019,GBR,Europe,yes,,,SID512120_ba,7.0,,,,
SID62affe5c-7ae6-11e9-a106-68b59976a384,0.0,76.89029,0.0,23.10971,ShaoY_2019,GBR,Europe,yes,,,SID512120_ba,9.0,,,,
SID62bebb54-7ae6-11e9-a106-68b59976a384,0.0,0.0,0.0,0.0,ShaoY_2019,GBR,Europe,yes,,,SID512120_ba,12.0,,,,
SID62cbe612-7ae6-11e9-a106-68b59976a384,0.0,100.0,0.0,0.0,ShaoY_2019,GBR,Europe,yes,,,SID512120_ba,21.0,,,,
SID62db6a60-7ae6-11e9-a106-68b59976a384,0.0,99.95105,0.0,0.04895,ShaoY_2019,GBR,Europe,yes,,,SID513122_ba,4.0,,,,
SID62eb1578-7ae6-11e9-a106-68b59976a384,0.0,99.99855,0.0,0.00145,ShaoY_2019,GBR,Europe,yes,,,SID513122_ba,6.0,,,,
SID62fb9556-7ae6-11e9-a106-68b59976a384,0.0,99.99891,0.0,0.00109,ShaoY_2019,GBR,Europe,yes,,,SID513122_ba,10.0,,,,
SID630f9fb0-7ae6-11e9-a106-68b59976a384,0.0,100.0,0.0,0.0,ShaoY_2019,GBR,Europe,yes,,,SID513122_ba,12.0,,,,
SID632090b8-7ae6-11e9-a106-68b59976a384,0.0,100.0,0.0,0.0,ShaoY_2019,GBR,Europe,yes,,,SID513122_ba,21.0,,,,
SID633_12M,24.52845,50.39903,25.06147,0.01106,BackhedF_2015,SWE,Europe,yes,,,SID633,398.0,,,,
SID633_4M,42.34985,57.64557,0.00352,0.00106,BackhedF_2015,SWE,Europe,yes,,,SID633,120.0,,,,
SID634e17b8-7ae6-11e9-a106-68b59976a384,99.99451,0.0,0.00549,0.0,ShaoY_2019,GBR,Europe,yes,,,SID514123_ba,4.0,,,,
SID635_4M,19.27624,19.31499,61.40316,0.00562,BackhedF_2015,SWE,Europe,yes,,,SID635,120.0,,,,
SID63630e48-7ae6-11e9-a106-68b59976a384,99.9912,0.0,0.0088,0.0,ShaoY_2019,GBR,Europe,yes,,,SID514123_ba,7.0,,,,
SID63778eb8-7ae6-11e9-a106-68b59976a384,99.93841,0.0,0.06159,0.0,ShaoY_2019,GBR,Europe,yes,,,SID514123_ba,12.0,,,,
SID637_12M,99.71064,0.0,0.28936,0.0,BackhedF_2015,SWE,Europe,yes,,,SID637,365.0,,,,
SID637_4M,52.84193,47.15782,0.00024,0.0,BackhedF_2015,SWE,Europe,yes,,,SID637,120.0,,,,
SID638b619a-7ae6-11e9-a106-68b59976a384,99.96814,0.0,0.03186,0.0,ShaoY_2019,GBR,Europe,yes,,,SID514123_ba,14.0,,,,
SID639fd4d6-7ae6-11e9-a106-68b59976a384,2.34247,1.60543,7.01982,89.03228,ShaoY_2019,GBR,Europe,yes,,,SID514124_ba,4.0,,,,
SID63b543e8-7ae6-11e9-a106-68b59976a384,2.92114,0.15917,2.77664,94.14305,ShaoY_2019,GBR,Europe,yes,,,SID514124_ba,6.0,,,,
SID63c94c62-7ae6-11e9-a106-68b59976a384,2.48835,0.36753,0.48424,96.65988,ShaoY_2019,GBR,Europe,yes,,,SID514124_ba,7.0,,,,
SID63dd2124-7ae6-11e9-a106-68b59976a384,2.21145,0.67034,0.39582,96.72239,ShaoY_2019,GBR,Europe,yes,,,SID514124_ba,8.0,,,,
SID64183e76-7ae6-11e9-a106-68b59976a384,99.95385,0.0,0.04615,0.0,ShaoY_2019,GBR,Europe,yes,,,SID515126_ba,4.0,,,,
SID642eb156-7ae6-11e9-a106-68b59976a384,99.99878,0.0,0.00122,0.0,ShaoY_2019,GBR,Europe,yes,,,SID515126_ba,7.0,,,,
SID64423bea-7ae6-11e9-a106-68b59976a384,99.99015,0.0,0.00985,0.0,ShaoY_2019,GBR,Europe,yes,,,SID515126_ba,10.0,,,,
SID6455c1ba-7ae6-11e9-a106-68b59976a384,99.98348,0.0,0.01652,0.0,ShaoY_2019,GBR,Europe,yes,,,SID515126_ba,11.0,,,,
SID64696f4e-7ae6-11e9-a106-68b59976a384,20.32825,0.0,79.67175,0.0,ShaoY_2019,GBR,Europe,yes,,,SID515126_ba,21.0,,,,
SID649111e8-7ae6-11e9-a106-68b59976a384,0.0,0.0,0.0,0.0,ShaoY_2019,GBR,Europe,yes,,,SID515127_ba,7.0,,,,
SID64bbfa2a-7ae6-11e9-a106-68b59976a384,0.0,58.5325,41.4675,0.0,ShaoY_2019,GBR,Europe,yes,,,SID519128_ba,4.0,,,,
SID64cff2e6-7ae6-11e9-a106-68b59976a384,99.97029,0.00356,0.02615,0.0,ShaoY_2019,GBR,Europe,yes,,,SID519128_ba,7.0,,,,
SID64e6482a-7ae6-11e9-a106-68b59976a384,1.94328,0.0,98.04484,0.01189,ShaoY_2019,GBR,Europe,yes,,,SID519128_ba,12.0,,,,
SID64fe6b26-7ae6-11e9-a106-68b59976a384,0.04249,0.0,99.95735,0.00016,ShaoY_2019,GBR,Europe,yes,,,SID519128_ba,14.0,,,,
SID6515b0b0-7ae6-11e9-a106-68b59976a384,0.00253,0.0,99.99747,0.0,ShaoY_2019,GBR,Europe,yes,,,SID519128_ba,18.0,,,,
SID652b6450-7ae6-11e9-a106-68b59976a384,0.00495,0.0,99.99505,0.0,ShaoY_2019,GBR,Europe,yes,,,SID519128_ba,21.0,,,,
SID654039c0-7ae6-11e9-a106-68b59976a384,82.79616,0.0,17.20384,0.0,ShaoY_2019,GBR,Europe,yes,,,SID519129_ba,4.0,,,,
SID6555fea4-7ae6-11e9-a106-68b59976a384,86.28288,0.0,13.71712,0.0,ShaoY_2019,GBR,Europe,yes,,,SID519129_ba,7.0,,,,
SID656c2300-7ae6-11e9-a106-68b59976a384,0.02011,0.0,99.97989,0.0,ShaoY_2019,GBR,Europe,yes,,,SID519129_ba,12.0,,,,
SID657f81ac-7ae6-11e9-a106-68b59976a384,0.0188,0.0,99.9812,0.0,ShaoY_2019,GBR,Europe,yes,,,SID519129_ba,14.0,,,,
SID6593119a-7ae6-11e9-a106-68b59976a384,0.02655,0.0,99.97345,0.0,ShaoY_2019,GBR,Europe,yes,,,SID519129_ba,21.0,,,,
SID65ba6ae2-7ae6-11e9-a106-68b59976a384,89.61748,0.0,10.38252,0.0,ShaoY_2019,GBR,Europe,yes,,,SID521130_ba,4.0,,,,
SID65cf4d04-7ae6-11e9-a106-68b59976a384,84.4218,0.0,15.5782,0.0,ShaoY_2019,GBR,Europe,yes,,,SID521130_ba,10.0,,,,
SID65e3f1f0-7ae6-11e9-a106-68b59976a384,94.9494,0.0,5.0506,0.0,ShaoY_2019,GBR,Europe,yes,,,SID521130_ba,12.0,,,,
SID65f7e78c-7ae6-11e9-a106-68b59976a384,76.89135,0.0,23.10865,0.0,ShaoY_2019,GBR,Europe,yes,,,SID521130_ba,21.0,,,,
SID661e8e0a-7ae6-11e9-a106-68b59976a384,97.63125,0.0,2.36875,0.0,ShaoY_2019,GBR,Europe,yes,,,SID523133_ba,7.0,,,,
SID663265a6-7ae6-11e9-a106-68b59976a384,99.62776,0.0,0.37224,0.0,ShaoY_2019,GBR,Europe,yes,,,SID523133_ba,9.0,,,,
SID664cd45e-7ae6-11e9-a106-68b59976a384,99.9846,0.0,0.0154,0.0,ShaoY_2019,GBR,Europe,yes,,,SID523133_ba,11.0,,,,
SID66641a38-7ae6-11e9-a106-68b59976a384,99.99208,0.0,0.00792,0.0,ShaoY_2019,GBR,Europe,yes,,,SID523133_ba,13.0,,,,
SID667835ea-7ae6-11e9-a106-68b59976a384,76.8943,0.0,23.1057,0.0,ShaoY_2019,GBR,Europe,yes,,,SID523133_ba,4.0,,,,
SID66a0feda-7ae6-11e9-a106-68b59976a384,0.0,100.0,0.0,0.0,ShaoY_2019,GBR,Europe,yes,,,SID604136_ba,7.0,,,,
SID66b52748-7ae6-11e9-a106-68b59976a384,0.0,99.99812,0.00188,0.0,ShaoY_2019,GBR,Europe,yes,,,SID604136_ba,10.0,,,,
SID66c8bc9a-7ae6-11e9-a106-68b59976a384,0.0,99.99958,0.00042,0.0,ShaoY_2019,GBR,Europe,yes,,,SID604136_ba,11.0,,,,
SID66e0ec2a-7ae6-11e9-a106-68b59976a384,0.0,99.99807,0.00193,0.0,ShaoY_2019,GBR,Europe,yes,,,SID604136_ba,14.0,,,,
SID66f49630-7ae6-11e9-a106-68b59976a384,0.0,8.1946,0.0,91.8054,ShaoY_2019,GBR,Europe,yes,,,SID606141_ba,4.0,,,,
SID67077a5c-7ae6-11e9-a106-68b59976a384,0.0,55.57729,0.0,44.42271,ShaoY_2019,GBR,Europe,yes,,,SID606141_ba,7.0,,,,
SID671a3854-7ae6-11e9-a106-68b59976a384,0.0,52.78256,0.0,47.21744,ShaoY_2019,GBR,Europe,yes,,,SID606141_ba,8.0,,,,
SID672d49bc-7ae6-11e9-a106-68b59976a384,0.0,0.0,0.0,100.0,ShaoY_2019,GBR,Europe,yes,,,SID606141_ba,10.0,,,,
SID67405d72-7ae6-11e9-a106-68b59976a384,0.0,0.0,0.0,0.0,ShaoY_2019,GBR,Europe,yes,,,SID606141_ba,12.0,,,,
SID677c869e-7ae6-11e9-a106-68b59976a384,89.53436,10.46369,0.00195,0.0,ShaoY_2019,GBR,Europe,yes,,,BBS0001_ba,7.0,,,,
SID67980cb6-7ae6-11e9-a106-68b59976a384,0.0,100.0,0.0,0.0,ShaoY_2019,GBR,Europe,yes,,,BBS0003_ba,17.0,,,,
SID67b342b0-7ae6-11e9-a106-68b59976a384,58.39927,41.59841,0.00231,0.0,ShaoY_2019,GBR,Europe,yes,,,BBS0006_ba,12.0,,,,
SID67f1acf8-7ae6-11e9-a106-68b59976a384,37.52076,62.47924,0.0,0.0,ShaoY_2019,GBR,Europe,yes,,,BBS0007_ba,10.0,,,,
SID6809b370-7ae6-11e9-a106-68b59976a384,0.02815,2.79624,97.17561,0.0,ShaoY_2019,GBR,Europe,yes,,,BBS0008_ba,10.0,,,,
SID6824518a-7ae6-11e9-a106-68b59976a384,100.0,0.0,0.0,0.0,ShaoY_2019,GBR,Europe,yes,,,BBS0011_ba,7.0,,,,
SID683d1cf6-7ae6-11e9-a106-68b59976a384,40.56985,0.0,59.42889,0.00126,ShaoY_2019,GBR,Europe,yes,,,BBS0014_ba,11.0,,,,
SID686e3e6c-7ae6-11e9-a106-68b59976a384,0.0,0.0,0.0,0.0,ShaoY_2019,GBR,Europe,yes,,,BBS0024_ba,7.0,,,,
SID68a0ca1c-7ae6-11e9-a106-68b59976a384,0.0,0.0,0.0,0.0,ShaoY_2019,GBR,Europe,yes,,,BBS0035_ba,7.0,,,,
SID68baf7f2-7ae6-11e9-a106-68b59976a384,23.43224,76.56776,0.0,0.0,ShaoY_2019,GBR,Europe,yes,,,BBS0038_ba,7.0,,,,
SID68f30f52-7ae6-11e9-a106-68b59976a384,28.24496,28.73229,43.02275,0.0,ShaoY_2019,GBR,Europe,yes,,,BBS0045_ba,7.0,,,,
SID690c8004-7ae6-11e9-a106-68b59976a384,0.0,0.0,0.0,0.0,ShaoY_2019,GBR,Europe,yes,,,BBS0045_ba,21.0,,,,
SID6924d988-7ae6-11e9-a106-68b59976a384,0.0,0.0,0.0,0.0,ShaoY_2019,GBR,Europe,yes,,,BBS0048_ba,4.0,,,,
SID693da6ac-7ae6-11e9-a106-68b59976a384,0.0,0.0,0.0,0.0,ShaoY_2019,GBR,Europe,yes,,,BBS0048_ba,7.0,,,,
SID69557cbe-7ae6-11e9-a106-68b59976a384,100.0,0.0,0.0,0.0,ShaoY_2019,GBR,Europe,yes,,,BBS0048_ba,21.0,,,,
SID696d5bf4-7ae6-11e9-a106-68b59976a384,0.0,0.0,0.0,0.0,ShaoY_2019,GBR,Europe,yes,,,BBS0051_ba,4.0,,,,
SID698a5290-7ae6-11e9-a106-68b59976a384,0.0,0.0,0.0,0.0,ShaoY_2019,GBR,Europe,yes,,,BBS0051_ba,7.0,,,,
SID69a55b58-7ae6-11e9-a106-68b59976a384,0.0,0.0,0.0,0.0,ShaoY_2019,GBR,Europe,yes,,,BBS0051_ba,21.0,,,,
SID69c57172-7ae6-11e9-a106-68b59976a384,0.00279,0.0,99.99721,0.0,ShaoY_2019,GBR,Europe,yes,,,BBS0055_ba,13.0,,,,
SID69ec1bec-7ae6-11e9-a106-68b59976a384,0.00552,0.0,99.99448,0.0,ShaoY_2019,GBR,Europe,yes,,,BBS0055_ba,21.0,,,,
SID6a0dfaf0-7ae6-11e9-a106-68b59976a384,100.0,0.0,0.0,0.0,ShaoY_2019,GBR,Europe,yes,,,BBS0057_ba,4.0,,,,
SID6a2de536-7ae6-11e9-a106-68b59976a384,100.0,0.0,0.0,0.0,ShaoY_2019,GBR,Europe,yes,,,BBS0057_ba,7.0,,,,
SID6a4b9a2c-7ae6-11e9-a106-68b59976a384,99.99869,0.0,0.00131,0.0,ShaoY_2019,GBR,Europe,yes,,,BBS0057_ba,21.0,,,,
SID6a6ad18a-7ae6-11e9-a106-68b59976a384,0.0,0.0,0.0,0.0,ShaoY_2019,GBR,Europe,yes,,,BBS0059_ba,4.0,,,,
SID6a8c22c2-7ae6-11e9-a106-68b59976a384,0.0,0.0,0.0,0.0,ShaoY_2019,GBR,Europe,yes,,,BBS0059_ba,7.0,,,,
SID6aac85b2-7ae6-11e9-a106-68b59976a384,40.09679,59.90321,0.0,0.0,ShaoY_2019,GBR,Europe,yes,,,BBS0061_ba,7.0,,,,
SID6ad61eea-7ae6-11e9-a106-68b59976a384,0.0,0.0,0.0,0.0,ShaoY_2019,GBR,Europe,yes,,,BBS0062_ba,4.0,,,,
SID6aefc6f6-7ae6-11e9-a106-68b59976a384,0.0,0.0,0.0,0.0,ShaoY_2019,GBR,Europe,yes,,,BBS0062_ba,7.0,,,,
SID6b1429ba-7ae6-11e9-a106-68b59976a384,100.0,0.0,0.0,0.0,ShaoY_2019,GBR,Europe,yes,,,BBS0067_ba,7.0,,,,
SID6b4dc3f0-7ae6-11e9-a106-68b59976a384,30.66453,69.33547,0.0,0.0,ShaoY_2019,GBR,Europe,yes,,,BBS0070_ba,4.0,,,,
SID6b6acf5e-7ae6-11e9-a106-68b59976a384,20.12182,79.87818,0.0,0.0,ShaoY_2019,GBR,Europe,yes,,,BBS0070_ba,7.0,,,,
SID6ba7df5c-7ae6-11e9-a106-68b59976a384,0.0,0.0,0.0,0.0,ShaoY_2019,GBR,Europe,yes,,,BBS0072_ba,7.0,,,,
SID6bc6b292-7ae6-11e9-a106-68b59976a384,0.0,0.0,0.0,0.0,ShaoY_2019,GBR,Europe,yes,,,BBS0073_ba,7.0,,,,
SID6be32c56-7ae6-11e9-a106-68b59976a384,0.0,0.0,0.0,0.0,ShaoY_2019,GBR,Europe,yes,,,BBS0074_ba,7.0,,,,
SID6c2ed278-7ae6-11e9-a106-68b59976a384,0.0,0.0,0.0,0.0,ShaoY_2019,GBR,Europe,yes,,,A00021_ba,4.0,,,,
SID6c4afab6-7ae6-11e9-a106-68b59976a384,99.66415,0.0,0.33585,0.0,ShaoY_2019,GBR,Europe,yes,,,A00021_ba,7.0,,,,
SID6c7c16dc-7ae6-11e9-a106-68b59976a384,100.0,0.0,0.0,0.0,ShaoY_2019,GBR,Europe,yes,,,A00021_ba,21.0,,,,
SID6c9f42e2-7ae6-11e9-a106-68b59976a384,0.0,0.0,0.0,0.0,ShaoY_2019,GBR,Europe,yes,,,A00023_ba,21.0,,,,
SID6cf5af38-7ae6-11e9-a106-68b59976a384,0.0,0.0,0.0,0.0,ShaoY_2019,GBR,Europe,yes,,,A00043_ba,4.0,,,,
SID6d0fe86c-7ae6-11e9-a106-68b59976a384,0.0,0.0,0.0,0.0,ShaoY_2019,GBR,Europe,yes,,,A00043_ba,7.0,,,,
SID6d29dc22-7ae6-11e9-a106-68b59976a384,0.61961,0.0,99.37977,0.00062,ShaoY_2019,GBR,Europe,yes,,,A00043_ba,21.0,,,,
SID6de73858-7ae6-11e9-a106-68b59976a384,100.0,0.0,0.0,0.0,ShaoY_2019,GBR,Europe,yes,,,A00105_ba,7.0,,,,
SID6df7b57a-7ae6-11e9-a106-68b59976a384,100.0,0.0,0.0,0.0,ShaoY_2019,GBR,Europe,yes,,,A00105_ba,21.0,,,,
SID6e4af8de-7ae6-11e9-a106-68b59976a384,0.0,0.0,0.0,0.0,ShaoY_2019,GBR,Europe,yes,,,A00134_ba,21.0,,,,
SID6e5b045e-7ae6-11e9-a106-68b59976a384,0.0,0.0,100.0,0.0,ShaoY_2019,GBR,Europe,yes,,,A00155_ba,7.0,,,,
SID6e6b99e0-7ae6-11e9-a106-68b59976a384,100.0,0.0,0.0,0.0,ShaoY_2019,GBR,Europe,yes,,,A00155_ba,365.0,,,,
SID6e8c8eb6-7ae6-11e9-a106-68b59976a384,100.0,0.0,0.0,0.0,ShaoY_2019,GBR,Europe,yes,,,A00163_ba,4.0,,,,
SID6eb0cd1c-7ae6-11e9-a106-68b59976a384,0.0,0.0,0.0,0.0,ShaoY_2019,GBR,Europe,yes,,,A00185_ba,4.0,,,,
SID6ec12e0a-7ae6-11e9-a106-68b59976a384,0.0,0.0,0.0,0.0,ShaoY_2019,GBR,Europe,yes,,,A00185_ba,7.0,,,,
SID6ed0c900-7ae6-11e9-a106-68b59976a384,0.00448,0.0,99.99552,0.0,ShaoY_2019,GBR,Europe,yes,,,A00190_ba,4.0,,,,
SID6ee10590-7ae6-11e9-a106-68b59976a384,7.00479,0.0,92.99521,0.0,ShaoY_2019,GBR,Europe,yes,,,A00190_ba,7.0,,,,
SID6ef1a530-7ae6-11e9-a106-68b59976a384,52.76659,0.0,47.23341,0.0,ShaoY_2019,GBR,Europe,yes,,,A00190_ba,21.0,,,,
SID6f0181da-7ae6-11e9-a106-68b59976a384,60.61054,0.0,39.38946,0.0,ShaoY_2019,GBR,Europe,yes,,,A00217_ba,4.0,,,,
SID6f10cffa-7ae6-11e9-a106-68b59976a384,83.81712,0.0,16.17916,0.00372,ShaoY_2019,GBR,Europe,yes,,,A00217_ba,7.0,,,,
SID6f20dfe4-7ae6-11e9-a106-68b59976a384,0.0,0.0,0.0,0.0,ShaoY_2019,GBR,Europe,yes,,,A00219_ba,4.0,,,,
SID6f311724-7ae6-11e9-a106-68b59976a384,0.0,0.0,0.0,0.0,ShaoY_2019,GBR,Europe,yes,,,A00219_ba,7.0,,,,
SID6f42328e-7ae6-11e9-a106-68b59976a384,99.99769,0.0,0.00231,0.0,ShaoY_2019,GBR,Europe,yes,,,A00219_ba,21.0,,,,
SID6fa37030-7ae6-11e9-a106-68b59976a384,11.56138,31.14744,57.29002,0.00117,ShaoY_2019,GBR,Europe,yes,,,A00502_ba,21.0,,,,
SID6fbf7fc8-7ae6-11e9-a106-68b59976a384,0.0,0.0,0.0,0.0,ShaoY_2019,GBR,Europe,yes,,,A00502_ba,4.0,,,,
SID6fd85dfe-7ae6-11e9-a106-68b59976a384,0.0,0.0,0.0,0.0,ShaoY_2019,GBR,Europe,yes,,,A00502_ba,7.0,,,,
SID6ff30e7e-7ae6-11e9-a106-68b59976a384,23.8729,42.42087,33.6956,0.01063,ShaoY_2019,GBR,Europe,yes,,,A00502_ba,226.0,,,,
SID7028073c-7ae6-11e9-a106-68b59976a384,0.0,0.0,0.0,0.0,ShaoY_2019,GBR,Europe,yes,,,A00539_ba,7.0,,,,
SID70413748-7ae6-11e9-a106-68b59976a384,99.84334,0.15352,0.00313,0.0,ShaoY_2019,GBR,Europe,yes,,,A00541_ba,4.0,,,,
SID705ac7ee-7ae6-11e9-a106-68b59976a384,3.12582,7.71342,0.0,89.16076,ShaoY_2019,GBR,Europe,yes,,,A00541_ba,21.0,,,,
SID7074ab28-7ae6-11e9-a106-68b59976a384,81.40412,18.59549,0.0,0.00038,ShaoY_2019,GBR,Europe,yes,,,A00541_ba,7.0,,,,
SID70_B,99.97619,0.0,0.02381,0.0,BackhedF_2015,SWE,Europe,yes,,,SID70,2.0,,,,
SID70fbe692-7ae6-11e9-a106-68b59976a384,71.09846,28.89651,0.00503,0.0,ShaoY_2019,GBR,Europe,yes,,,A00570_ba,4.0,,,,
SID7114df80-7ae6-11e9-a106-68b59976a384,53.78659,46.19921,0.0142,0.0,ShaoY_2019,GBR,Europe,yes,,,A00570_ba,7.0,,,,
SID712f7fb6-7ae6-11e9-a106-68b59976a384,0.0,0.0,0.0,0.0,ShaoY_2019,GBR,Europe,yes,,,A00574_ba,4.0,,,,
SID714b78c4-7ae6-11e9-a106-68b59976a384,0.0,0.0,0.0,0.0,ShaoY_2019,GBR,Europe,yes,,,A00574_ba,7.0,,,,
SID7164f0ec-7ae6-11e9-a106-68b59976a384,100.0,0.0,0.0,0.0,ShaoY_2019,GBR,Europe,yes,,,A00574_ba,21.0,,,,
SID7197b6ee-7ae6-11e9-a106-68b59976a384,100.0,0.0,0.0,0.0,ShaoY_2019,GBR,Europe,yes,,,A00576_ba,4.0,,,,
SID720e1046-7ae6-11e9-a106-68b59976a384,100.0,0.0,0.0,0.0,ShaoY_2019,GBR,Europe,yes,,,A00576_ba,21.0,,,,
SID7228c300-7ae6-11e9-a106-68b59976a384,99.99674,0.0,0.00326,0.0,ShaoY_2019,GBR,Europe,yes,,,A00576_ba,7.0,,,,
SID72432df8-7ae6-11e9-a106-68b59976a384,0.0,0.0,0.0,0.0,ShaoY_2019,GBR,Europe,yes,,,A00908_ba,4.0,,,,
SID72618118-7ae6-11e9-a106-68b59976a384,100.0,0.0,0.0,0.0,ShaoY_2019,GBR,Europe,yes,,,A00908_ba,21.0,,,,
SID72b2c302-7ae6-11e9-a106-68b59976a384,0.0,0.0,0.0,0.0,ShaoY_2019,GBR,Europe,yes,,,A00940_ba,4.0,,,,
SID7313f802-7ae6-11e9-a106-68b59976a384,0.0,0.0,0.0,0.0,ShaoY_2019,GBR,Europe,yes,,,A00942_ba,7.0,,,,
SID73381778-7ae6-11e9-a106-68b59976a384,0.0,0.0,0.0,0.0,ShaoY_2019,GBR,Europe,yes,,,A00942_ba,4.0,,,,
SID7352368a-7ae6-11e9-a106-68b59976a384,0.0,0.0,100.0,0.0,ShaoY_2019,GBR,Europe,yes,,,A00942_ba,21.0,,,,
SID7371c220-7ae6-11e9-a106-68b59976a384,0.0,0.0,0.0,0.0,ShaoY_2019,GBR,Europe,yes,,,A00947_ba,7.0,,,,
SID738c0b58-7ae6-11e9-a106-68b59976a384,100.0,0.0,0.0,0.0,ShaoY_2019,GBR,Europe,yes,,,A00947_ba,4.0,,,,
SID73a81ffa-7ae6-11e9-a106-68b59976a384,0.0,0.0,0.0,0.0,ShaoY_2019,GBR,Europe,yes,,,A00947_ba,21.0,,,,
SID73c26004-7ae6-11e9-a106-68b59976a384,100.0,0.0,0.0,0.0,ShaoY_2019,GBR,Europe,yes,,,A00995_ba,7.0,,,,
SID73db9b64-7ae6-11e9-a106-68b59976a384,100.0,0.0,0.0,0.0,ShaoY_2019,GBR,Europe,yes,,,A00995_ba,4.0,,,,
SID73f4ddcc-7ae6-11e9-a106-68b59976a384,2.33279,0.0,0.0,97.66721,ShaoY_2019,GBR,Europe,yes,,,A00995_ba,21.0,,,,
SID746c0852-7ae6-11e9-a106-68b59976a384,61.31426,29.44686,9.21582,0.02306,ShaoY_2019,GBR,Europe,yes,,,A01015_ba,350.0,,,,
SID749f9492-7ae6-11e9-a106-68b59976a384,0.0,0.0,0.0,0.0,ShaoY_2019,GBR,Europe,yes,,,A01015_ba,21.0,,,,
SID74b94c02-7ae6-11e9-a106-68b59976a384,100.0,0.0,0.0,0.0,ShaoY_2019,GBR,Europe,yes,,,A01057_ba,21.0,,,,
SID74d309c6-7ae6-11e9-a106-68b59976a384,100.0,0.0,0.0,0.0,ShaoY_2019,GBR,Europe,yes,,,A01057_ba,4.0,,,,
SID74ebfba2-7ae6-11e9-a106-68b59976a384,0.0,100.0,0.0,0.0,ShaoY_2019,GBR,Europe,yes,,,A01057_ba,7.0,,,,
SID750513ee-7ae6-11e9-a106-68b59976a384,99.99701,0.0,0.00299,0.0,ShaoY_2019,GBR,Europe,yes,,,A01077_ba,21.0,,,,
SID751f0a56-7ae6-11e9-a106-68b59976a384,0.0,0.0,0.0,0.0,ShaoY_2019,GBR,Europe,yes,,,A01077_ba,7.0,,,,
SID75386dc0-7ae6-11e9-a106-68b59976a384,100.0,0.0,0.0,0.0,ShaoY_2019,GBR,Europe,yes,,,A01077_ba,4.0,,,,
SID7551e9b2-7ae6-11e9-a106-68b59976a384,0.0,0.0,0.0,0.0,ShaoY_2019,GBR,Europe,yes,,,A01082_ba,21.0,,,,
SID756b54c4-7ae6-11e9-a106-68b59976a384,9.00614,0.0,90.99386,0.0,ShaoY_2019,GBR,Europe,yes,,,A01082_ba,4.0,,,,
SID7585866e-7ae6-11e9-a106-68b59976a384,50.89876,0.0,49.10124,0.0,ShaoY_2019,GBR,Europe,yes,,,A01082_ba,7.0,,,,
SID75b1dd36-7ae6-11e9-a106-68b59976a384,30.50259,0.0,69.49741,0.0,ShaoY_2019,GBR,Europe,yes,,,A01105_ba,21.0,,,,
SID75cb51b2-7ae6-11e9-a106-68b59976a384,99.98888,0.0,0.01112,0.0,ShaoY_2019,GBR,Europe,yes,,,A01105_ba,4.0,,,,
SID75e5c894-7ae6-11e9-a106-68b59976a384,99.99387,0.0,0.00613,0.0,ShaoY_2019,GBR,Europe,yes,,,A01105_ba,7.0,,,,
SID761c4c48-7ae6-11e9-a106-68b59976a384,5.38936,0.0,94.61008,0.00056,ShaoY_2019,GBR,Europe,yes,,,A01107_ba,4.0,,,,
SID7636bc22-7ae6-11e9-a106-68b59976a384,5.63133,18.61017,75.7585,0.0,ShaoY_2019,GBR,Europe,yes,,,A01107_ba,21.0,,,,
SID76515924-7ae6-11e9-a106-68b59976a384,0.01074,0.0,99.98926,0.0,ShaoY_2019,GBR,Europe,yes,,,A01107_ba,7.0,,,,
SID766d76fe-7ae6-11e9-a106-68b59976a384,0.0101,0.0,99.9899,0.0,ShaoY_2019,GBR,Europe,yes,,,A01162_ba,7.0,,,,
SID7687fc4a-7ae6-11e9-a106-68b59976a384,0.02989,0.0,99.96861,0.0015,ShaoY_2019,GBR,Europe,yes,,,A01162_ba,346.0,,,,
SID76a45cdc-7ae6-11e9-a106-68b59976a384,0.00835,0.0,99.99165,0.0,ShaoY_2019,GBR,Europe,yes,,,A01162_ba,21.0,,,,
SID76bf5ce4-7ae6-11e9-a106-68b59976a384,47.78212,0.0,52.21788,0.0,ShaoY_2019,GBR,Europe,yes,,,A01166_ba,7.0,,,,
SID76d9d24a-7ae6-11e9-a106-68b59976a384,99.97646,0.0,0.0,0.02354,ShaoY_2019,GBR,Europe,yes,,,A01166_ba,21.0,,,,
SID76f920a0-7ae6-11e9-a106-68b59976a384,18.97394,0.0,81.02606,0.0,ShaoY_2019,GBR,Europe,yes,,,A01166_ba,4.0,,,,
SID77134322-7ae6-11e9-a106-68b59976a384,9.80623,51.7205,0.0,38.47327,ShaoY_2019,GBR,Europe,yes,,,A01166_ba,420.0,,,,
SID772dd034-7ae6-11e9-a106-68b59976a384,12.53657,35.65551,51.80792,0.0,ShaoY_2019,GBR,Europe,yes,,,A01173_ba,4.0,,,,
SID776358c6-7ae6-11e9-a106-68b59976a384,62.46184,0.0,37.53816,0.0,ShaoY_2019,GBR,Europe,yes,,,A01173_ba,21.0,,,,
SID777ea496-7ae6-11e9-a106-68b59976a384,27.5022,0.0,72.47212,0.02568,ShaoY_2019,GBR,Europe,yes,,,A01173_ba,342.0,,,,
SID779941e8-7ae6-11e9-a106-68b59976a384,9.37967,0.0,90.62033,0.0,ShaoY_2019,GBR,Europe,yes,,,A01174_ba,4.0,,,,
SID77b37b30-7ae6-11e9-a106-68b59976a384,100.0,0.0,0.0,0.0,ShaoY_2019,GBR,Europe,yes,,,A01174_ba,7.0,,,,
SID77cde0b0-7ae6-11e9-a106-68b59976a384,99.99799,0.0,0.00201,0.0,ShaoY_2019,GBR,Europe,yes,,,A01174_ba,21.0,,,,
SID77e7c5de-7ae6-11e9-a106-68b59976a384,100.0,0.0,0.0,0.0,ShaoY_2019,GBR,Europe,yes,,,A01176_ba,4.0,,,,
SID780b7876-7ae6-11e9-a106-68b59976a384,100.0,0.0,0.0,0.0,ShaoY_2019,GBR,Europe,yes,,,A01176_ba,7.0,,,,
SID78236508-7ae6-11e9-a106-68b59976a384,0.0,0.0,0.0,0.0,ShaoY_2019,GBR,Europe,yes,,,A01176_ba,21.0,,,,
SID783c9fc8-7ae6-11e9-a106-68b59976a384,100.0,0.0,0.0,0.0,ShaoY_2019,GBR,Europe,yes,,,A01225_ba,21.0,,,,
SID78563c08-7ae6-11e9-a106-68b59976a384,0.0,0.0,0.0,0.0,ShaoY_2019,GBR,Europe,yes,,,A01225_ba,4.0,,,,
SID7873f57c-7ae6-11e9-a106-68b59976a384,0.0,0.0,0.0,0.0,ShaoY_2019,GBR,Europe,yes,,,A01225_ba,7.0,,,,
SID788f19b0-7ae6-11e9-a106-68b59976a384,26.01584,73.98131,0.0,0.00285,ShaoY_2019,GBR,Europe,yes,,,A01225_ba,371.0,,,,
SID78_B,78.21802,21.77792,0.00406,0.0,BackhedF_2015,SWE,Europe,yes,,,SID78,7.0,,,,
SID78a9cd78-7ae6-11e9-a106-68b59976a384,100.0,0.0,0.0,0.0,ShaoY_2019,GBR,Europe,yes,,,A01301_ba,21.0,,,,
SID78c45256-7ae6-11e9-a106-68b59976a384,0.0,0.0,0.0,0.0,ShaoY_2019,GBR,Europe,yes,,,A01301_ba,4.0,,,,
SID78e0678e-7ae6-11e9-a106-68b59976a384,0.0,0.0,0.0,0.0,ShaoY_2019,GBR,Europe,yes,,,A01301_ba,7.0,,,,
SID78fb5c56-7ae6-11e9-a106-68b59976a384,0.00931,0.0,99.99069,0.0,ShaoY_2019,GBR,Europe,yes,,,A01303_ba,21.0,,,,
SID791683fa-7ae6-11e9-a106-68b59976a384,0.0,0.0,0.0,0.0,ShaoY_2019,GBR,Europe,yes,,,A01303_ba,4.0,,,,
SID79313830-7ae6-11e9-a106-68b59976a384,0.0,0.0,0.0,0.0,ShaoY_2019,GBR,Europe,yes,,,A01303_ba,7.0,,,,
SID794ba3aa-7ae6-11e9-a106-68b59976a384,3.30411,16.25689,3.31192,77.12708,ShaoY_2019,GBR,Europe,yes,,,A01303_ba,323.0,,,,
SID7966a2b8-7ae6-11e9-a106-68b59976a384,0.0,0.0,0.0,0.0,ShaoY_2019,GBR,Europe,yes,,,A01305_ba,4.0,,,,
SID79824b4e-7ae6-11e9-a106-68b59976a384,6.05896,12.66462,2.07498,79.20143,ShaoY_2019,GBR,Europe,yes,,,A01305_ba,332.0,,,,
SID799d2054-7ae6-11e9-a106-68b59976a384,0.0,0.0,0.0,0.0,ShaoY_2019,GBR,Europe,yes,,,A01311_ba,7.0,,,,
SID79b7b0fe-7ae6-11e9-a106-68b59976a384,21.71306,0.0,78.27288,0.01406,ShaoY_2019,GBR,Europe,yes,,,A01311_ba,21.0,,,,
SID79d34724-7ae6-11e9-a106-68b59976a384,0.0,0.0,0.0,0.0,ShaoY_2019,GBR,Europe,yes,,,A01431_ba,7.0,,,,
SID79eebf72-7ae6-11e9-a106-68b59976a384,100.0,0.0,0.0,0.0,ShaoY_2019,GBR,Europe,yes,,,A01431_ba,21.0,,,,
SID7_12M,38.16369,61.83631,0.0,0.0,BackhedF_2015,SWE,Europe,yes,,,SID7,359.0,,,,
SID7_4M,42.47622,57.52378,0.0,0.0,BackhedF_2015,SWE,Europe,yes,,,SID7,115.0,,,,
SID7_B,14.18379,85.81621,0.0,0.0,BackhedF_2015,SWE,Europe,yes,,,SID7,2.0,,,,
SID7a0a6498-7ae6-11e9-a106-68b59976a384,6.74065,0.0,3.3116,89.94775,ShaoY_2019,GBR,Europe,yes,,,A01431_ba,305.0,,,,
SID7a24f790-7ae6-11e9-a106-68b59976a384,0.0,0.0,0.0,0.0,ShaoY_2019,GBR,Europe,yes,,,A01506_ba,21.0,,,,
SID7a464b52-7ae6-11e9-a106-68b59976a384,0.0,0.0,0.0,0.0,ShaoY_2019,GBR,Europe,yes,,,A01506_ba,4.0,,,,
SID7a64433c-7ae6-11e9-a106-68b59976a384,0.0,0.0,0.0,0.0,ShaoY_2019,GBR,Europe,yes,,,A01506_ba,7.0,,,,
SID7a7fd444-7ae6-11e9-a106-68b59976a384,10.02958,15.19468,22.62714,52.14861,ShaoY_2019,GBR,Europe,yes,,,A01506_ba,289.0,,,,
SID7a9afb66-7ae6-11e9-a106-68b59976a384,100.0,0.0,0.0,0.0,ShaoY_2019,GBR,Europe,yes,,,A01507_ba,7.0,,,,
SID7ab66cd4-7ae6-11e9-a106-68b59976a384,99.99842,0.0,0.0,0.00158,ShaoY_2019,GBR,Europe,yes,,,A01507_ba,21.0,,,,
SID7ad1074c-7ae6-11e9-a106-68b59976a384,100.0,0.0,0.0,0.0,ShaoY_2019,GBR,Europe,yes,,,A01507_ba,4.0,,,,
SID7aeb825c-7ae6-11e9-a106-68b59976a384,29.42702,0.08665,0.0,70.48633,ShaoY_2019,GBR,Europe,yes,,,A01507_ba,291.0,,,,
SID7b0aa40c-7ae6-11e9-a106-68b59976a384,0.01466,0.0,99.98534,0.0,ShaoY_2019,GBR,Europe,yes,,,A01516_ba,21.0,,,,
SID7b2539fc-7ae6-11e9-a106-68b59976a384,100.0,0.0,0.0,0.0,ShaoY_2019,GBR,Europe,yes,,,A01516_ba,4.0,,,,
SID7b3e883a-7ae6-11e9-a106-68b59976a384,100.0,0.0,0.0,0.0,ShaoY_2019,GBR,Europe,yes,,,A01516_ba,7.0,,,,
SID7b59b434-7ae6-11e9-a106-68b59976a384,0.0,0.0,0.0,0.0,ShaoY_2019,GBR,Europe,yes,,,A01517_ba,7.0,,,,
SID7b747a4e-7ae6-11e9-a106-68b59976a384,19.8729,0.0,5.32324,74.80386,ShaoY_2019,GBR,Europe,yes,,,A01517_ba,305.0,,,,
SID7b8f4838-7ae6-11e9-a106-68b59976a384,0.0,0.0,0.0,0.0,ShaoY_2019,GBR,Europe,yes,,,A01524_ba,21.0,,,,
SID7bafc8a6-7ae6-11e9-a106-68b59976a384,0.0,0.0,0.0,0.0,ShaoY_2019,GBR,Europe,yes,,,A01524_ba,4.0,,,,
SID7bc9cf44-7ae6-11e9-a106-68b59976a384,0.0,0.0,0.0,0.0,ShaoY_2019,GBR,Europe,yes,,,A01524_ba,7.0,,,,
SID7becb004-7ae6-11e9-a106-68b59976a384,96.69172,0.0,3.23237,0.07591,ShaoY_2019,GBR,Europe,yes,,,A01524_ba,291.0,,,,
SID7c23ca4e-7ae6-11e9-a106-68b59976a384,0.0,0.0,0.0,0.0,ShaoY_2019,GBR,Europe,yes,,,A01563_ba,4.0,,,,
SID7c3ea09e-7ae6-11e9-a106-68b59976a384,0.00493,0.0,99.99507,0.0,ShaoY_2019,GBR,Europe,yes,,,A01563_ba,21.0,,,,
SID7ced3410-7ae6-11e9-a106-68b59976a384,0.0046,0.0,99.9954,0.0,ShaoY_2019,GBR,Europe,yes,,,A01563_ba,7.0,,,,
SID7d058510-7ae6-11e9-a106-68b59976a384,69.48735,30.51205,0.0006,0.0,ShaoY_2019,GBR,Europe,yes,,,A01569_ba,7.0,,,,
SID7d36da20-7ae6-11e9-a106-68b59976a384,0.0,0.0,0.0,0.0,ShaoY_2019,GBR,Europe,yes,,,A01580_ba,21.0,,,,
SID7d4ef51a-7ae6-11e9-a106-68b59976a384,100.0,0.0,0.0,0.0,ShaoY_2019,GBR,Europe,yes,,,A01580_ba,4.0,,,,
SID7d679d86-7ae6-11e9-a106-68b59976a384,0.0,0.0,0.0,0.0,ShaoY_2019,GBR,Europe,yes,,,A01580_ba,7.0,,,,
SID7d808c60-7ae6-11e9-a106-68b59976a384,11.85533,18.59029,10.61817,58.93621,ShaoY_2019,GBR,Europe,yes,,,A01580_ba,285.0,,,,
SID7de27e20-7ae6-11e9-a106-68b59976a384,0.0,0.0,0.0,0.0,ShaoY_2019,GBR,Europe,yes,,,A01583_ba,21.0,,,,
SID7dfb158e-7ae6-11e9-a106-68b59976a384,0.0,0.0,0.0,0.0,ShaoY_2019,GBR,Europe,yes,,,A01583_ba,4.0,,,,
SID7e13234a-7ae6-11e9-a106-68b59976a384,0.0,0.0,0.0,0.0,ShaoY_2019,GBR,Europe,yes,,,A01583_ba,7.0,,,,
SID7e2ed00e-7ae6-11e9-a106-68b59976a384,1.36881,25.55561,0.01669,73.05889,ShaoY_2019,GBR,Europe,yes,,,A01583_ba,282.0,,,,
SID7e4851e6-7ae6-11e9-a106-68b59976a384,100.0,0.0,0.0,0.0,ShaoY_2019,GBR,Europe,yes,,,A01586_ba,21.0,,,,
SID7e6105f6-7ae6-11e9-a106-68b59976a384,0.0,0.0,100.0,0.0,ShaoY_2019,GBR,Europe,yes,,,A01586_ba,4.0,,,,
SID7e7b116c-7ae6-11e9-a106-68b59976a384,99.99494,0.0,0.00506,0.0,ShaoY_2019,GBR,Europe,yes,,,A01586_ba,7.0,,,,
SID7e94a686-7ae6-11e9-a106-68b59976a384,0.0,0.0,0.0,0.0,ShaoY_2019,GBR,Europe,yes,,,A01639_ba,4.0,,,,
SID7eadd96c-7ae6-11e9-a106-68b59976a384,0.0,0.0,0.0,0.0,ShaoY_2019,GBR,Europe,yes,,,A01639_ba,21.0,,,,
SID7ec72f16-7ae6-11e9-a106-68b59976a384,0.0,0.0,0.0,0.0,ShaoY_2019,GBR,Europe,yes,,,A01639_ba,7.0,,,,
SID7ee11e8a-7ae6-11e9-a106-68b59976a384,100.0,0.0,0.0,0.0,ShaoY_2019,GBR,Europe,yes,,,A01646_ba,21.0,,,,
SID7efa24e8-7ae6-11e9-a106-68b59976a384,0.0,0.0,100.0,0.0,ShaoY_2019,GBR,Europe,yes,,,A01646_ba,4.0,,,,
SID7f12ed3e-7ae6-11e9-a106-68b59976a384,0.0,0.0,0.0,0.0,ShaoY_2019,GBR,Europe,yes,,,A01646_ba,7.0,,,,
SID7f2d179a-7ae6-11e9-a106-68b59976a384,35.38785,64.53973,0.07093,0.00149,ShaoY_2019,GBR,Europe,yes,,,A01646_ba,315.0,,,,
SID7f463d1a-7ae6-11e9-a106-68b59976a384,0.0,0.0,0.0,0.0,ShaoY_2019,GBR,Europe,yes,,,A01647_ba,7.0,,,,
SID7f5f3c52-7ae6-11e9-a106-68b59976a384,0.0,0.0,0.0,0.0,ShaoY_2019,GBR,Europe,yes,,,A01647_ba,21.0,,,,
SID7f7908ee-7ae6-11e9-a106-68b59976a384,14.32788,35.49694,50.17358,0.0016,ShaoY_2019,GBR,Europe,yes,,,A01647_ba,292.0,,,,
SID7f92856c-7ae6-11e9-a106-68b59976a384,0.0,0.0,0.0,0.0,ShaoY_2019,GBR,Europe,yes,,,A01653_ba,4.0,,,,
SID7fac8d36-7ae6-11e9-a106-68b59976a384,0.0,0.0,0.0,0.0,ShaoY_2019,GBR,Europe,yes,,,A01653_ba,7.0,,,,
SID7fc5d30e-7ae6-11e9-a106-68b59976a384,0.01437,0.0,99.98563,0.0,ShaoY_2019,GBR,Europe,yes,,,A01653_ba,21.0,,,,
SID7fded584-7ae6-11e9-a106-68b59976a384,31.53908,17.98656,50.47436,0.0,ShaoY_2019,GBR,Europe,yes,,,A01653_ba,272.0,,,,
SID7ff7d05c-7ae6-11e9-a106-68b59976a384,0.0,0.0,0.0,0.0,ShaoY_2019,GBR,Europe,yes,,,A01671_ba,4.0,,,,
SID80112a20-7ae6-11e9-a106-68b59976a384,0.0,0.0,0.0,0.0,ShaoY_2019,GBR,Europe,yes,,,A01671_ba,7.0,,,,
SID802965ea-7ae6-11e9-a106-68b59976a384,0.0,0.0,0.0,0.0,ShaoY_2019,GBR,Europe,yes,,,A01671_ba,21.0,,,,
SID8043df2e-7ae6-11e9-a106-68b59976a384,0.01093,0.0,99.98907,0.0,ShaoY_2019,GBR,Europe,yes,,,A01674_ba,7.0,,,,
SID805ce8f2-7ae6-11e9-a106-68b59976a384,0.00606,0.0,99.99394,0.0,ShaoY_2019,GBR,Europe,yes,,,A01674_ba,21.0,,,,
SID8075b2e2-7ae6-11e9-a106-68b59976a384,1.36098,0.0,23.64953,74.98949,ShaoY_2019,GBR,Europe,yes,,,A01674_ba,285.0,,,,
SID808f059e-7ae6-11e9-a106-68b59976a384,0.0,0.0,0.0,0.0,ShaoY_2019,GBR,Europe,yes,,,A01676_ba,4.0,,,,
SID80a81084-7ae6-11e9-a106-68b59976a384,0.01064,0.0,99.98936,0.0,ShaoY_2019,GBR,Europe,yes,,,A01676_ba,7.0,,,,
SID80c01d32-7ae6-11e9-a106-68b59976a384,100.0,0.0,0.0,0.0,ShaoY_2019,GBR,Europe,yes,,,A01676_ba,21.0,,,,
SID80d8e4e8-7ae6-11e9-a106-68b59976a384,100.0,0.0,0.0,0.0,ShaoY_2019,GBR,Europe,yes,,,A01678_ba,4.0,,,,
SID80f0f916-7ae6-11e9-a106-68b59976a384,97.04398,2.95602,0.0,0.0,ShaoY_2019,GBR,Europe,yes,,,A01678_ba,7.0,,,,
SID81098a62-7ae6-11e9-a106-68b59976a384,99.99132,0.0,0.00868,0.0,ShaoY_2019,GBR,Europe,yes,,,A01678_ba,21.0,,,,
SID81222810-7ae6-11e9-a106-68b59976a384,1.02316,15.42183,27.44364,56.11138,ShaoY_2019,GBR,Europe,yes,,,A01678_ba,273.0,,,,
SID813aab42-7ae6-11e9-a106-68b59976a384,0.00306,0.0,99.99694,0.0,ShaoY_2019,GBR,Europe,yes,,,A01685_ba,7.0,,,,
SID815390bc-7ae6-11e9-a106-68b59976a384,33.22249,0.0,21.18355,45.59396,ShaoY_2019,GBR,Europe,yes,,,A01685_ba,,,,,
SID816c7c12-7ae6-11e9-a106-68b59976a384,100.0,0.0,0.0,0.0,ShaoY_2019,GBR,Europe,yes,,,A01687_ba,21.0,,,,
SID818636a2-7ae6-11e9-a106-68b59976a384,0.0,0.0,0.0,0.0,ShaoY_2019,GBR,Europe,yes,,,A01687_ba,4.0,,,,
SID81a229d4-7ae6-11e9-a106-68b59976a384,0.0,0.0,0.0,0.0,ShaoY_2019,GBR,Europe,yes,,,A01687_ba,7.0,,,,
SID81bba3dc-7ae6-11e9-a106-68b59976a384,100.0,0.0,0.0,0.0,ShaoY_2019,GBR,Europe,yes,,,A01687_ba,308.0,,,,
SID81d6a4de-7ae6-11e9-a106-68b59976a384,0.00427,0.0,99.99573,0.0,ShaoY_2019,GBR,Europe,yes,,,A01739_ba,21.0,,,,
SID81efe142-7ae6-11e9-a106-68b59976a384,0.0,0.0,0.0,0.0,ShaoY_2019,GBR,Europe,yes,,,A01739_ba,4.0,,,,
SID8208e1f6-7ae6-11e9-a106-68b59976a384,0.0,0.0,0.0,0.0,ShaoY_2019,GBR,Europe,yes,,,A01739_ba,7.0,,,,
SID8221fb0a-7ae6-11e9-a106-68b59976a384,17.1045,0.0,19.28132,63.61419,ShaoY_2019,GBR,Europe,yes,,,A01739_ba,261.0,,,,
SID823b17a2-7ae6-11e9-a106-68b59976a384,99.16137,0.0,0.83863,0.0,ShaoY_2019,GBR,Europe,yes,,,A01761_ba,4.0,,,,
SID82708054-7ae6-11e9-a106-68b59976a384,1.84446,0.0,0.00794,98.1476,ShaoY_2019,GBR,Europe,yes,,,A01761_ba,21.0,,,,
SID82_12M,100.0,0.0,0.0,0.0,BackhedF_2015,SWE,Europe,yes,,,SID82,369.0,,,,
SID82_4M,100.0,0.0,0.0,0.0,BackhedF_2015,SWE,Europe,yes,,,SID82,128.0,,,,
SID82_B,100.0,0.0,0.0,0.0,BackhedF_2015,SWE,Europe,yes,,,SID82,6.0,,,,
SID82a14874-7ae6-11e9-a106-68b59976a384,99.9962,0.0,0.0038,0.0,ShaoY_2019,GBR,Europe,yes,,,A01761_ba,7.0,,,,
SID82b621a4-7ae6-11e9-a106-68b59976a384,1.6107,0.0,1.39524,96.99406,ShaoY_2019,GBR,Europe,yes,,,A01761_ba,256.0,,,,
SID82c28886-7ae6-11e9-a106-68b59976a384,100.0,0.0,0.0,0.0,ShaoY_2019,GBR,Europe,yes,,,A01763_ba,4.0,,,,
SID82df6d34-7ae6-11e9-a106-68b59976a384,51.51838,48.47924,0.0,0.00238,ShaoY_2019,GBR,Europe,yes,,,A01763_ba,7.0,,,,
SID82edf4b2-7ae6-11e9-a106-68b59976a384,3.5496,14.81282,6.67669,74.96089,ShaoY_2019,GBR,Europe,yes,,,A01763_ba,259.0,,,,
SID82fbfa76-7ae6-11e9-a106-68b59976a384,0.0,0.0,0.0,0.0,ShaoY_2019,GBR,Europe,yes,,,A01802_ba,4.0,,,,
SID830ff828-7ae6-11e9-a106-68b59976a384,0.0112,0.0,99.9888,0.0,ShaoY_2019,GBR,Europe,yes,,,A01802_ba,7.0,,,,
SID83203346-7ae6-11e9-a106-68b59976a384,0.00538,0.0,99.99462,0.0,ShaoY_2019,GBR,Europe,yes,,,A01802_ba,21.0,,,,
SID8332e5f4-7ae6-11e9-a106-68b59976a384,12.57814,40.88353,46.53582,0.00251,ShaoY_2019,GBR,Europe,yes,,,A01802_ba,282.0,,,,
SID8346ebe4-7ae6-11e9-a106-68b59976a384,0.0,0.0,0.0,100.0,ShaoY_2019,GBR,Europe,yes,,,A01803_ba,4.0,,,,
SID835af300-7ae6-11e9-a106-68b59976a384,0.0,0.0,0.0,0.0,ShaoY_2019,GBR,Europe,yes,,,A01803_ba,21.0,,,,
SID8383f34a-7ae6-11e9-a106-68b59976a384,3.1747,0.0,0.0,96.8253,ShaoY_2019,GBR,Europe,yes,,,A01803_ba,252.0,,,,
SID83989412-7ae6-11e9-a106-68b59976a384,3.47558,25.02113,71.5033,0.0,ShaoY_2019,GBR,Europe,yes,,,A01805_ba,21.0,,,,
SID83acf4f2-7ae6-11e9-a106-68b59976a384,25.89888,41.54521,32.55515,0.00076,ShaoY_2019,GBR,Europe,yes,,,A01805_ba,4.0,,,,
SID83c107bc-7ae6-11e9-a106-68b59976a384,0.47588,28.78963,70.73449,0.0,ShaoY_2019,GBR,Europe,yes,,,A01805_ba,7.0,,,,
SID83e874fa-7ae6-11e9-a106-68b59976a384,2.85625,18.79053,2.90089,75.45233,ShaoY_2019,GBR,Europe,yes,,,A01805_ba,252.0,,,,
SID83fc772a-7ae6-11e9-a106-68b59976a384,58.50189,41.49637,0.00175,0.0,ShaoY_2019,GBR,Europe,yes,,,A01812_ba,21.0,,,,
SID84107126-7ae6-11e9-a106-68b59976a384,2.48319,0.0,14.7472,82.76961,ShaoY_2019,GBR,Europe,yes,,,A01812_ba,254.0,,,,
SID8424e318-7ae6-11e9-a106-68b59976a384,99.77369,0.22631,0.0,0.0,ShaoY_2019,GBR,Europe,yes,,,A01812_ba,7.0,,,,
SID843902e4-7ae6-11e9-a106-68b59976a384,0.0,0.0,0.0,0.0,ShaoY_2019,GBR,Europe,yes,,,A01862_ba,21.0,,,,
SID844c76f8-7ae6-11e9-a106-68b59976a384,0.0,0.0,0.0,0.0,ShaoY_2019,GBR,Europe,yes,,,A01862_ba,4.0,,,,
SID846290e6-7ae6-11e9-a106-68b59976a384,0.0,0.0,0.0,0.0,ShaoY_2019,GBR,Europe,yes,,,A01862_ba,7.0,,,,
SID847b9924-7ae6-11e9-a106-68b59976a384,0.0,0.0,0.0,0.0,ShaoY_2019,GBR,Europe,yes,,,A01866_ba,21.0,,,,
SID8499f9a0-7ae6-11e9-a106-68b59976a384,0.0,0.0,0.0,0.0,ShaoY_2019,GBR,Europe,yes,,,A01866_ba,4.0,,,,
SID84b35396-7ae6-11e9-a106-68b59976a384,0.0,0.0,0.0,0.0,ShaoY_2019,GBR,Europe,yes,,,A01866_ba,7.0,,,,
SID84cc846a-7ae6-11e9-a106-68b59976a384,99.99633,0.0,0.00367,0.0,ShaoY_2019,GBR,Europe,yes,,,A01910_ba,4.0,,,,
SID84e4eff0-7ae6-11e9-a106-68b59976a384,99.99492,0.00508,0.0,0.0,ShaoY_2019,GBR,Europe,yes,,,A01910_ba,7.0,,,,
SID84fdd812-7ae6-11e9-a106-68b59976a384,32.12237,67.84955,0.0,0.02808,ShaoY_2019,GBR,Europe,yes,,,A01910_ba,237.0,,,,
SID851708b4-7ae6-11e9-a106-68b59976a384,0.0,0.0,0.0,0.0,ShaoY_2019,GBR,Europe,yes,,,A01921_ba,21.0,,,,
SID852fc8b8-7ae6-11e9-a106-68b59976a384,0.0,0.0,0.0,0.0,ShaoY_2019,GBR,Europe,yes,,,A01921_ba,4.0,,,,
SID854895be-7ae6-11e9-a106-68b59976a384,0.0,0.0,0.0,0.0,ShaoY_2019,GBR,Europe,yes,,,A01921_ba,7.0,,,,
SID8561e550-7ae6-11e9-a106-68b59976a384,0.0,0.0,0.0,0.0,ShaoY_2019,GBR,Europe,yes,,,A01921_ba,237.0,,,,
SID857af0d6-7ae6-11e9-a106-68b59976a384,100.0,0.0,0.0,0.0,ShaoY_2019,GBR,Europe,yes,,,A01938_ba,21.0,,,,
SID8593a8e2-7ae6-11e9-a106-68b59976a384,58.25447,41.74553,0.0,0.0,ShaoY_2019,GBR,Europe,yes,,,A01938_ba,7.0,,,,
SID85af9872-7ae6-11e9-a106-68b59976a384,9.82357,0.0,9.06649,81.10994,ShaoY_2019,GBR,Europe,yes,,,A01938_ba,233.0,,,,
SID85c86316-7ae6-11e9-a106-68b59976a384,0.0,0.0,0.0,0.0,ShaoY_2019,GBR,Europe,yes,,,A01939_ba,21.0,,,,
SID85e129fa-7ae6-11e9-a106-68b59976a384,0.0,0.0,0.0,0.0,ShaoY_2019,GBR,Europe,yes,,,A01939_ba,4.0,,,,
SID85fafe3e-7ae6-11e9-a106-68b59976a384,0.0,0.0,0.0,0.0,ShaoY_2019,GBR,Europe,yes,,,A01939_ba,7.0,,,,
SID8613b53c-7ae6-11e9-a106-68b59976a384,99.98656,0.0,0.00694,0.0065,ShaoY_2019,GBR,Europe,yes,,,A01939_ba,300.0,,,,
SID862be18e-7ae6-11e9-a106-68b59976a384,0.1641,0.0,99.8359,0.0,ShaoY_2019,GBR,Europe,yes,,,A01963_ba,7.0,,,,
SID865d378e-7ae6-11e9-a106-68b59976a384,6.91517,0.0,6.13316,86.95167,ShaoY_2019,GBR,Europe,yes,,,A01963_ba,239.0,,,,
SID86763af4-7ae6-11e9-a106-68b59976a384,0.0,0.0,0.0,0.0,ShaoY_2019,GBR,Europe,yes,,,A01963_ba,4.0,,,,
SID86f7a2e2-7ae6-11e9-a106-68b59976a384,0.0,0.0,0.0,0.0,ShaoY_2019,GBR,Europe,yes,,,A01970_ba,21.0,,,,
SID87110d86-7ae6-11e9-a106-68b59976a384,0.0,0.0,0.0,0.0,ShaoY_2019,GBR,Europe,yes,,,A01970_ba,7.0,,,,
SID874435d0-7ae6-11e9-a106-68b59976a384,1.57345,19.1958,0.26221,78.96854,ShaoY_2019,GBR,Europe,yes,,,A01970_ba,278.0,,,,
SID875df416-7ae6-11e9-a106-68b59976a384,0.0,0.0,0.0,0.0,ShaoY_2019,GBR,Europe,yes,,,A02053_ba,7.0,,,,
SID87767ea0-7ae6-11e9-a106-68b59976a384,0.0,0.0,0.0,0.0,ShaoY_2019,GBR,Europe,yes,,,A02053_ba,21.0,,,,
SID87901022-7ae6-11e9-a106-68b59976a384,0.0,0.0,100.0,0.0,ShaoY_2019,GBR,Europe,yes,,,A02053_ba,4.0,,,,
SID87_12M,100.0,0.0,0.0,0.0,BackhedF_2015,SWE,Europe,yes,,,SID87,367.0,,,,
SID87_4M,2.11066,97.88934,0.0,0.0,BackhedF_2015,SWE,Europe,yes,,,SID87,117.0,,,,
SID87_B,0.0,0.0,100.0,0.0,BackhedF_2015,SWE,Europe,yes,,,SID87,5.0,,,,
SID87a79076-7ae6-11e9-a106-68b59976a384,1.54204,7.49358,9.04711,81.91727,ShaoY_2019,GBR,Europe,yes,,,A02053_ba,220.0,,,,
SID87bee622-7ae6-11e9-a106-68b59976a384,44.09778,0.0,55.88438,0.01784,ShaoY_2019,GBR,Europe,yes,,,A02054_ba,21.0,,,,
SID87d786c8-7ae6-11e9-a106-68b59976a384,0.0,0.0,0.0,0.0,ShaoY_2019,GBR,Europe,yes,,,A02054_ba,4.0,,,,
SID87ef8570-7ae6-11e9-a106-68b59976a384,0.00655,0.0,99.99345,0.0,ShaoY_2019,GBR,Europe,yes,,,A02054_ba,7.0,,,,
SID880cf920-7ae6-11e9-a106-68b59976a384,100.0,0.0,0.0,0.0,ShaoY_2019,GBR,Europe,yes,,,A02064_ba,21.0,,,,
SID882c734a-7ae6-11e9-a106-68b59976a384,0.0,0.0,0.0,0.0,ShaoY_2019,GBR,Europe,yes,,,A02064_ba,4.0,,,,
SID8858b234-7ae6-11e9-a106-68b59976a384,0.0,0.0,0.0,0.0,ShaoY_2019,GBR,Europe,yes,,,A02064_ba,7.0,,,,
SID88971088-7ae6-11e9-a106-68b59976a384,0.25016,0.0,99.74984,0.0,ShaoY_2019,GBR,Europe,yes,,,A02064_ba,273.0,,,,
SID88c71aee-7ae6-11e9-a106-68b59976a384,30.33241,0.0,69.65423,0.01336,ShaoY_2019,GBR,Europe,yes,,,A02080_ba,217.0,,,,
SID88f79ade-7ae6-11e9-a106-68b59976a384,0.0,0.0,0.0,0.0,ShaoY_2019,GBR,Europe,yes,,,A02096_ba,4.0,,,,
SID890f5f7a-7ae6-11e9-a106-68b59976a384,0.0,0.0,0.0,0.0,ShaoY_2019,GBR,Europe,yes,,,A02096_ba,7.0,,,,
SID8927335c-7ae6-11e9-a106-68b59976a384,0.0,0.0,0.0,0.0,ShaoY_2019,GBR,Europe,yes,,,A02096_ba,21.0,,,,
SID893f0d10-7ae6-11e9-a106-68b59976a384,14.84499,0.0,85.15501,0.0,ShaoY_2019,GBR,Europe,yes,,,A02100_ba,21.0,,,,
SID895710cc-7ae6-11e9-a106-68b59976a384,0.0,0.0,0.0,0.0,ShaoY_2019,GBR,Europe,yes,,,A02100_ba,4.0,,,,
SID89719410-7ae6-11e9-a106-68b59976a384,0.0102,0.0,99.9898,0.0,ShaoY_2019,GBR,Europe,yes,,,A02100_ba,7.0,,,,
SID898a85f6-7ae6-11e9-a106-68b59976a384,0.00492,0.0,99.99508,0.0,ShaoY_2019,GBR,Europe,yes,,,A02100_ba,226.0,,,,
SID89a45bf2-7ae6-11e9-a106-68b59976a384,0.0,0.0,0.0,0.0,ShaoY_2019,GBR,Europe,yes,,,A02110_ba,21.0,,,,
SID89bfcc52-7ae6-11e9-a106-68b59976a384,0.0,0.0,0.0,0.0,ShaoY_2019,GBR,Europe,yes,,,A02110_ba,4.0,,,,
SID89d7d57c-7ae6-11e9-a106-68b59976a384,0.0,0.0,0.0,0.0,ShaoY_2019,GBR,Europe,yes,,,A02110_ba,7.0,,,,
SID8a096e98-7ae6-11e9-a106-68b59976a384,61.99569,38.00431,0.0,0.0,ShaoY_2019,GBR,Europe,yes,,,A02110_ba,208.0,,,,
SID8a271312-7ae6-11e9-a106-68b59976a384,62.96926,0.0,37.03074,0.0,ShaoY_2019,GBR,Europe,yes,,,A02133_ba,21.0,,,,
SID8a3fc93e-7ae6-11e9-a106-68b59976a384,100.0,0.0,0.0,0.0,ShaoY_2019,GBR,Europe,yes,,,A02133_ba,4.0,,,,
SID8a5b6acc-7ae6-11e9-a106-68b59976a384,100.0,0.0,0.0,0.0,ShaoY_2019,GBR,Europe,yes,,,A02133_ba,7.0,,,,
SID8a914fac-7ae6-11e9-a106-68b59976a384,0.00599,0.0,99.99401,0.0,ShaoY_2019,GBR,Europe,yes,,,A02138_ba,21.0,,,,
SID8aaa678a-7ae6-11e9-a106-68b59976a384,0.01089,0.0,99.98911,0.0,ShaoY_2019,GBR,Europe,yes,,,A02138_ba,4.0,,,,
SID8ac54172-7ae6-11e9-a106-68b59976a384,0.00773,0.0,99.99227,0.0,ShaoY_2019,GBR,Europe,yes,,,A02138_ba,7.0,,,,
SID8ade0f72-7ae6-11e9-a106-68b59976a384,7.4474,16.29907,76.25015,0.00339,ShaoY_2019,GBR,Europe,yes,,,A02138_ba,213.0,,,,
SID8b0fa91a-7ae6-11e9-a106-68b59976a384,0.0,0.0,0.0,0.0,ShaoY_2019,GBR,Europe,yes,,,A02146_ba,4.0,,,,
SID8b278616-7ae6-11e9-a106-68b59976a384,0.0,0.0,0.0,0.0,ShaoY_2019,GBR,Europe,yes,,,A02146_ba,7.0,,,,
SID8b48d456-7ae6-11e9-a106-68b59976a384,53.18392,46.8105,0.00043,0.00515,ShaoY_2019,GBR,Europe,yes,,,A02146_ba,215.0,,,,
SID8b9153b6-7ae6-11e9-a106-68b59976a384,0.0,0.0,0.0,0.0,ShaoY_2019,GBR,Europe,yes,,,A02177_ba,7.0,,,,
SID8ba936f2-7ae6-11e9-a106-68b59976a384,0.0,0.0,0.0,0.0,ShaoY_2019,GBR,Europe,yes,,,A02177_ba,196.0,,,,
SID8bc1311c-7ae6-11e9-a106-68b59976a384,0.00495,0.00306,99.992,0.0,ShaoY_2019,GBR,Europe,yes,,,A02193_ba,7.0,,,,
SID8bd8de52-7ae6-11e9-a106-68b59976a384,1.62444,23.17077,8.54027,66.66453,ShaoY_2019,GBR,Europe,yes,,,A02193_ba,204.0,,,,
SID8c0a6d5a-7ae6-11e9-a106-68b59976a384,52.60898,41.73954,5.6186,0.03288,ShaoY_2019,GBR,Europe,yes,,,A02222_ba,190.0,,,,
SID8c244068-7ae6-11e9-a106-68b59976a384,9.90013,58.78719,31.31268,0.0,ShaoY_2019,GBR,Europe,yes,,,A02222_ba,7.0,,,,
SID8c550004-7ae6-11e9-a106-68b59976a384,99.99845,0.0,0.0,0.00155,ShaoY_2019,GBR,Europe,yes,,,A02598_ba,214.0,,,,
SID8c6dd5e8-7ae6-11e9-a106-68b59976a384,100.0,0.0,0.0,0.0,ShaoY_2019,GBR,Europe,yes,,,A02599_ba,7.0,,,,
SID8c8885fa-7ae6-11e9-a106-68b59976a384,99.92149,0.0,0.0,0.07851,ShaoY_2019,GBR,Europe,yes,,,A02599_ba,206.0,,,,
SID8ca19ee6-7ae6-11e9-a106-68b59976a384,4.2041,9.7836,1.11322,84.89908,ShaoY_2019,GBR,Europe,yes,,,A02600_ba,211.0,,,,
SID8cba1d18-7ae6-11e9-a106-68b59976a384,1.20928,0.0,98.79072,0.0,ShaoY_2019,GBR,Europe,yes,,,A02600_ba,7.0,,,,
SID8cec7114-7ae6-11e9-a106-68b59976a384,99.99129,0.0,0.0,0.00871,ShaoY_2019,GBR,Europe,yes,,,A02646_ba,204.0,,,,
SID8d053e7e-7ae6-11e9-a106-68b59976a384,0.0,0.0,0.0,0.0,ShaoY_2019,GBR,Europe,yes,,,A02767_ba,7.0,,,,
SID8d36110c-7ae6-11e9-a106-68b59976a384,7.56431,28.94866,63.47683,0.0102,ShaoY_2019,GBR,Europe,yes,,,A02767_ba,189.0,,,,
SID8d753f3a-7ae6-11e9-a106-68b59976a384,0.0,0.0,0.0,0.0,ShaoY_2019,GBR,Europe,yes,,,A02819_ba,7.0,,,,
SID8d81be18-7ae6-11e9-a106-68b59976a384,99.99223,0.0,0.0,0.00777,ShaoY_2019,GBR,Europe,yes,,,A02819_ba,176.0,,,,
SID8d9bb20a-7ae6-11e9-a106-68b59976a384,0.0,0.0,0.0,0.0,ShaoY_2019,GBR,Europe,yes,,,A02872_ba,7.0,,,,
SID8daa11c4-7ae6-11e9-a106-68b59976a384,1.67269,45.68988,14.76072,37.87671,ShaoY_2019,GBR,Europe,yes,,,A02872_ba,179.0,,,,
SID8dc94b52-7ae6-11e9-a106-68b59976a384,8.53527,15.85352,75.57909,0.03212,ShaoY_2019,GBR,Europe,yes,,,A02886_ba,177.0,,,,
SID8e0cd19c-7ae6-11e9-a106-68b59976a384,0.0,0.0,0.0,0.0,ShaoY_2019,GBR,Europe,yes,,,A03001_ba,7.0,,,,
SID8e1d3d0c-7ae6-11e9-a106-68b59976a384,63.97651,11.40702,24.59433,0.02214,ShaoY_2019,GBR,Europe,yes,,,A03001_ba,169.0,,,,
SID8e2e66c2-7ae6-11e9-a106-68b59976a384,24.78278,0.0,70.23266,4.98457,ShaoY_2019,GBR,Europe,yes,,,A03026_ba,182.0,,,,
SID8e3e95d8-7ae6-11e9-a106-68b59976a384,0.00519,0.0,99.99481,0.0,ShaoY_2019,GBR,Europe,yes,,,A03026_ba,7.0,,,,
SID8e4f5760-7ae6-11e9-a106-68b59976a384,1.10927,0.0,98.88778,0.00295,ShaoY_2019,GBR,Europe,yes,,,B00002_ba,4.0,,,,
SID8e5ff714-7ae6-11e9-a106-68b59976a384,0.02032,0.0,99.97968,0.0,ShaoY_2019,GBR,Europe,yes,,,B00002_ba,7.0,,,,
SID8e6ef0b6-7ae6-11e9-a106-68b59976a384,0.00482,0.0,99.99518,0.0,ShaoY_2019,GBR,Europe,yes,,,B00002_ba,21.0,,,,
SID8ec02788-7ae6-11e9-a106-68b59976a384,100.0,0.0,0.0,0.0,ShaoY_2019,GBR,Europe,yes,,,B00010_ba,4.0,,,,
SID8f33321e-7ae6-11e9-a106-68b59976a384,61.40764,0.0,38.59236,0.0,ShaoY_2019,GBR,Europe,yes,,,B00013_ba,4.0,,,,
SID8f47358e-7ae6-11e9-a106-68b59976a384,48.11448,0.0,51.88552,0.0,ShaoY_2019,GBR,Europe,yes,,,B00013_ba,7.0,,,,
SID8f5b7026-7ae6-11e9-a106-68b59976a384,51.67355,0.0,48.32645,0.0,ShaoY_2019,GBR,Europe,yes,,,B00013_ba,21.0,,,,
SID8f95f638-7ae6-11e9-a106-68b59976a384,0.0,0.0,0.0,0.0,ShaoY_2019,GBR,Europe,yes,,,B00016_ba,21.0,,,,
SID8fa9fe12-7ae6-11e9-a106-68b59976a384,0.0,0.0,0.0,0.0,ShaoY_2019,GBR,Europe,yes,,,B00017_ba,4.0,,,,
SID8fbded32-7ae6-11e9-a106-68b59976a384,3.15955,0.0,0.0,96.84045,ShaoY_2019,GBR,Europe,yes,,,B00017_ba,21.0,,,,
SID8fd20be6-7ae6-11e9-a106-68b59976a384,0.00965,0.0,99.99035,0.0,ShaoY_2019,GBR,Europe,yes,,,B00020_ba,4.0,,,,
SID8fe5d0fe-7ae6-11e9-a106-68b59976a384,0.00885,0.0,99.99115,0.0,ShaoY_2019,GBR,Europe,yes,,,B00020_ba,7.0,,,,
SID8ff9255a-7ae6-11e9-a106-68b59976a384,0.00841,0.0,99.99159,0.0,ShaoY_2019,GBR,Europe,yes,,,B00020_ba,21.0,,,,
SID90359ce2-7ae6-11e9-a106-68b59976a384,0.0,0.0,0.0,0.0,ShaoY_2019,GBR,Europe,yes,,,B00036_ba,4.0,,,,
SID9049def0-7ae6-11e9-a106-68b59976a384,0.0,0.0,0.0,0.0,ShaoY_2019,GBR,Europe,yes,,,B00036_ba,7.0,,,,
SID905f9b78-7ae6-11e9-a106-68b59976a384,0.0,0.0,0.0,0.0,ShaoY_2019,GBR,Europe,yes,,,B00036_ba,21.0,,,,
SID908a1c04-7ae6-11e9-a106-68b59976a384,0.0,0.0,100.0,0.0,ShaoY_2019,GBR,Europe,yes,,,B00040_ba,4.0,,,,
SID90f6ddbc-7ae6-11e9-a106-68b59976a384,100.0,0.0,0.0,0.0,ShaoY_2019,GBR,Europe,yes,,,B00052_ba,7.0,,,,
SID910b3f6e-7ae6-11e9-a106-68b59976a384,100.0,0.0,0.0,0.0,ShaoY_2019,GBR,Europe,yes,,,B00052_ba,21.0,,,,
SID915c9bde-7ae6-11e9-a106-68b59976a384,29.32855,38.71354,31.95791,0.0,ShaoY_2019,GBR,Europe,yes,,,B00057_ba,4.0,,,,
SID9171493a-7ae6-11e9-a106-68b59976a384,0.01566,25.2089,74.77544,0.0,ShaoY_2019,GBR,Europe,yes,,,B00057_ba,7.0,,,,
SID918554fc-7ae6-11e9-a106-68b59976a384,0.00852,1.98137,98.01011,0.0,ShaoY_2019,GBR,Europe,yes,,,B00064_ba,4.0,,,,
SID919a6b12-7ae6-11e9-a106-68b59976a384,0.00711,0.55596,99.43693,0.0,ShaoY_2019,GBR,Europe,yes,,,B00064_ba,7.0,,,,
SID91ae54c4-7ae6-11e9-a106-68b59976a384,0.00976,15.60667,84.38358,0.0,ShaoY_2019,GBR,Europe,yes,,,B00064_ba,21.0,,,,
SID91c1af1a-7ae6-11e9-a106-68b59976a384,100.0,0.0,0.0,0.0,ShaoY_2019,GBR,Europe,yes,,,B00070_ba,4.0,,,,
SID91d4c24e-7ae6-11e9-a106-68b59976a384,100.0,0.0,0.0,0.0,ShaoY_2019,GBR,Europe,yes,,,B00070_ba,7.0,,,,
SID91e81574-7ae6-11e9-a106-68b59976a384,100.0,0.0,0.0,0.0,ShaoY_2019,GBR,Europe,yes,,,B00070_ba,21.0,,,,
SID91fb4fea-7ae6-11e9-a106-68b59976a384,0.0,0.0,0.0,0.0,ShaoY_2019,GBR,Europe,yes,,,B00071_ba,4.0,,,,
SID920f2f38-7ae6-11e9-a106-68b59976a384,100.0,0.0,0.0,0.0,ShaoY_2019,GBR,Europe,yes,,,B00071_ba,7.0,,,,
SID92230b7a-7ae6-11e9-a106-68b59976a384,100.0,0.0,0.0,0.0,ShaoY_2019,GBR,Europe,yes,,,B00071_ba,21.0,,,,
SID924a0f0e-7ae6-11e9-a106-68b59976a384,100.0,0.0,0.0,0.0,ShaoY_2019,GBR,Europe,yes,,,B00075_ba,4.0,,,,
SID925cd7ce-7ae6-11e9-a106-68b59976a384,100.0,0.0,0.0,0.0,ShaoY_2019,GBR,Europe,yes,,,B00075_ba,7.0,,,,
SID926fb0c4-7ae6-11e9-a106-68b59976a384,99.99834,0.0,0.00166,0.0,ShaoY_2019,GBR,Europe,yes,,,B00075_ba,21.0,,,,
SID92838e46-7ae6-11e9-a106-68b59976a384,0.0,0.0,0.0,0.0,ShaoY_2019,GBR,Europe,yes,,,B00076_ba,7.0,,,,
SID9296caba-7ae6-11e9-a106-68b59976a384,0.0,100.0,0.0,0.0,ShaoY_2019,GBR,Europe,yes,,,B00076_ba,21.0,,,,
SID92a9dbf0-7ae6-11e9-a106-68b59976a384,0.0,0.0,0.0,0.0,ShaoY_2019,GBR,Europe,yes,,,B00077_ba,4.0,,,,
SID92bd2782-7ae6-11e9-a106-68b59976a384,0.0,0.0,100.0,0.0,ShaoY_2019,GBR,Europe,yes,,,B00077_ba,7.0,,,,
SID92d03ea8-7ae6-11e9-a106-68b59976a384,100.0,0.0,0.0,0.0,ShaoY_2019,GBR,Europe,yes,,,B00077_ba,21.0,,,,
SID92e31a32-7ae6-11e9-a106-68b59976a384,72.11124,27.88876,0.0,0.0,ShaoY_2019,GBR,Europe,yes,,,B00085_ba,4.0,,,,
SID92f667ea-7ae6-11e9-a106-68b59976a384,0.0,0.0,0.0,0.0,ShaoY_2019,GBR,Europe,yes,,,B00085_ba,7.0,,,,
SID9309d4a6-7ae6-11e9-a106-68b59976a384,0.0,0.0,0.0,0.0,ShaoY_2019,GBR,Europe,yes,,,B00088_ba,4.0,,,,
SID931d238a-7ae6-11e9-a106-68b59976a384,0.0,0.0,0.0,0.0,ShaoY_2019,GBR,Europe,yes,,,B00088_ba,7.0,,,,
SID936ab83e-7ae6-11e9-a106-68b59976a384,0.0,0.0,0.0,0.0,ShaoY_2019,GBR,Europe,yes,,,B00092_ba,21.0,,,,
SID937d94ae-7ae6-11e9-a106-68b59976a384,0.0,0.0,0.0,0.0,ShaoY_2019,GBR,Europe,yes,,,B00092_ba,4.0,,,,
SID93916f7e-7ae6-11e9-a106-68b59976a384,0.0,0.0,0.0,0.0,ShaoY_2019,GBR,Europe,yes,,,B00092_ba,7.0,,,,
SID93b7fa7c-7ae6-11e9-a106-68b59976a384,0.0,0.0,100.0,0.0,ShaoY_2019,GBR,Europe,yes,,,B00096_ba,21.0,,,,
SID93cad2f0-7ae6-11e9-a106-68b59976a384,0.0,0.0,0.0,0.0,ShaoY_2019,GBR,Europe,yes,,,B00097_ba,4.0,,,,
SID93dde9a8-7ae6-11e9-a106-68b59976a384,0.0,0.0,0.0,0.0,ShaoY_2019,GBR,Europe,yes,,,B00097_ba,7.0,,,,
SID93f31760-7ae6-11e9-a106-68b59976a384,100.0,0.0,0.0,0.0,ShaoY_2019,GBR,Europe,yes,,,B00097_ba,21.0,,,,
SID941a341c-7ae6-11e9-a106-68b59976a384,99.99853,0.0,0.00147,0.0,ShaoY_2019,GBR,Europe,yes,,,B00099_ba,4.0,,,,
SID942d0ea2-7ae6-11e9-a106-68b59976a384,100.0,0.0,0.0,0.0,ShaoY_2019,GBR,Europe,yes,,,B00099_ba,7.0,,,,
SID94402140-7ae6-11e9-a106-68b59976a384,0.0,100.0,0.0,0.0,ShaoY_2019,GBR,Europe,yes,,,B00100_ba,7.0,,,,
SID9466ca66-7ae6-11e9-a106-68b59976a384,0.0,0.0,0.0,0.0,ShaoY_2019,GBR,Europe,yes,,,B00101_ba,4.0,,,,
SID9479573a-7ae6-11e9-a106-68b59976a384,0.0,0.0,0.0,0.0,ShaoY_2019,GBR,Europe,yes,,,B00101_ba,7.0,,,,
SID948c6d5c-7ae6-11e9-a106-68b59976a384,0.0,0.0,0.0,0.0,ShaoY_2019,GBR,Europe,yes,,,B00101_ba,21.0,,,,
SID949f8068-7ae6-11e9-a106-68b59976a384,100.0,0.0,0.0,0.0,ShaoY_2019,GBR,Europe,yes,,,B00111_ba,4.0,,,,
SID94b2934c-7ae6-11e9-a106-68b59976a384,0.0,0.0,0.0,0.0,ShaoY_2019,GBR,Europe,yes,,,B00111_ba,7.0,,,,
SID94c5d2ae-7ae6-11e9-a106-68b59976a384,0.0,0.0,0.0,0.0,ShaoY_2019,GBR,Europe,yes,,,B00112_ba,4.0,,,,
SID94d93dd0-7ae6-11e9-a106-68b59976a384,0.0,100.0,0.0,0.0,ShaoY_2019,GBR,Europe,yes,,,B00112_ba,7.0,,,,
SID94ec5032-7ae6-11e9-a106-68b59976a384,0.0,0.0,0.0,0.0,ShaoY_2019,GBR,Europe,yes,,,B00116_ba,4.0,,,,
SID94fededc-7ae6-11e9-a106-68b59976a384,100.0,0.0,0.0,0.0,ShaoY_2019,GBR,Europe,yes,,,B00116_ba,7.0,,,,
SID95122e42-7ae6-11e9-a106-68b59976a384,100.0,0.0,0.0,0.0,ShaoY_2019,GBR,Europe,yes,,,B00119_ba,4.0,,,,
SID9526ee4a-7ae6-11e9-a106-68b59976a384,71.11302,28.88262,0.00436,0.0,ShaoY_2019,GBR,Europe,yes,,,B00119_ba,7.0,,,,
SID954303dc-7ae6-11e9-a106-68b59976a384,33.14468,66.85532,0.0,0.0,ShaoY_2019,GBR,Europe,yes,,,B00119_ba,21.0,,,,
SID9555e13c-7ae6-11e9-a106-68b59976a384,9.48716,0.0,90.51284,0.0,ShaoY_2019,GBR,Europe,yes,,,B00120_ba,4.0,,,,
SID9568b398-7ae6-11e9-a106-68b59976a384,0.03084,0.0,99.96916,0.0,ShaoY_2019,GBR,Europe,yes,,,B00120_ba,7.0,,,,
SID957bda7c-7ae6-11e9-a106-68b59976a384,0.0,0.0,100.0,0.0,ShaoY_2019,GBR,Europe,yes,,,B00129_ba,4.0,,,,
SID958e991e-7ae6-11e9-a106-68b59976a384,0.0,0.0,0.0,0.0,ShaoY_2019,GBR,Europe,yes,,,B00129_ba,7.0,,,,
SID95a11800-7ae6-11e9-a106-68b59976a384,0.0,0.0,0.0,0.0,ShaoY_2019,GBR,Europe,yes,,,B00136_ba,4.0,,,,
SID95b4062c-7ae6-11e9-a106-68b59976a384,0.0,0.0,0.0,0.0,ShaoY_2019,GBR,Europe,yes,,,B00136_ba,7.0,,,,
SID95c71f46-7ae6-11e9-a106-68b59976a384,0.0,100.0,0.0,0.0,ShaoY_2019,GBR,Europe,yes,,,B00136_ba,21.0,,,,
SID95ed434c-7ae6-11e9-a106-68b59976a384,0.0,0.0,0.0,0.0,ShaoY_2019,GBR,Europe,yes,,,B00139_ba,7.0,,,,
SID960028ea-7ae6-11e9-a106-68b59976a384,29.82265,20.40187,49.77548,0.0,ShaoY_2019,GBR,Europe,yes,,,B00139_ba,21.0,,,,
SID9613c580-7ae6-11e9-a106-68b59976a384,0.0,0.0,0.0,0.0,ShaoY_2019,GBR,Europe,yes,,,B00140_ba,4.0,,,,
SID96268e68-7ae6-11e9-a106-68b59976a384,0.0,0.0,0.0,0.0,ShaoY_2019,GBR,Europe,yes,,,B00140_ba,7.0,,,,
SID963c80c4-7ae6-11e9-a106-68b59976a384,0.0,0.0,0.0,0.0,ShaoY_2019,GBR,Europe,yes,,,B00140_ba,21.0,,,,
SID96514e0a-7ae6-11e9-a106-68b59976a384,4.9992,0.0,94.99571,0.00509,ShaoY_2019,GBR,Europe,yes,,,B00145_ba,21.0,,,,
SID9664cf98-7ae6-11e9-a106-68b59976a384,0.01371,0.0,99.98629,0.0,ShaoY_2019,GBR,Europe,yes,,,B00145_ba,4.0,,,,
SID9677adac-7ae6-11e9-a106-68b59976a384,0.00954,0.0,99.99046,0.0,ShaoY_2019,GBR,Europe,yes,,,B00145_ba,7.0,,,,
SID968b389a-7ae6-11e9-a106-68b59976a384,99.99851,0.0,0.00149,0.0,ShaoY_2019,GBR,Europe,yes,,,B00146_ba,21.0,,,,
SID969ddaa4-7ae6-11e9-a106-68b59976a384,0.0,0.0,0.0,0.0,ShaoY_2019,GBR,Europe,yes,,,B00146_ba,4.0,,,,
SID96b11baa-7ae6-11e9-a106-68b59976a384,0.0,0.0,0.0,0.0,ShaoY_2019,GBR,Europe,yes,,,B00146_ba,7.0,,,,
SID96c3ecd0-7ae6-11e9-a106-68b59976a384,0.0,0.0,0.0,0.0,ShaoY_2019,GBR,Europe,yes,,,B00149_ba,4.0,,,,
SID96daa27c-7ae6-11e9-a106-68b59976a384,0.0,0.0,0.0,0.0,ShaoY_2019,GBR,Europe,yes,,,B00149_ba,7.0,,,,
SID96ee691a-7ae6-11e9-a106-68b59976a384,100.0,0.0,0.0,0.0,ShaoY_2019,GBR,Europe,yes,,,B00149_ba,21.0,,,,
SID9770fef2-7ae6-11e9-a106-68b59976a384,0.0,0.0,0.0,0.0,ShaoY_2019,GBR,Europe,yes,,,B00157_ba,4.0,,,,
SID97b84816-7ae6-11e9-a106-68b59976a384,0.0,0.0,0.0,0.0,ShaoY_2019,GBR,Europe,yes,,,B00157_ba,7.0,,,,
SID97f95126-7ae6-11e9-a106-68b59976a384,0.0,0.0,0.0,0.0,ShaoY_2019,GBR,Europe,yes,,,B00157_ba,21.0,,,,
SID98172caa-7ae6-11e9-a106-68b59976a384,0.0,0.0,0.0,0.0,ShaoY_2019,GBR,Europe,yes,,,B00174_ba,4.0,,,,
SID983b6854-7ae6-11e9-a106-68b59976a384,0.0,0.0,0.0,0.0,ShaoY_2019,GBR,Europe,yes,,,B00174_ba,7.0,,,,
SID985b830a-7ae6-11e9-a106-68b59976a384,0.0,0.0,0.0,0.0,ShaoY_2019,GBR,Europe,yes,,,B00174_ba,21.0,,,,
SID9877c3e4-7ae6-11e9-a106-68b59976a384,0.0,0.0,0.0,0.0,ShaoY_2019,GBR,Europe,yes,,,B00175_ba,21.0,,,,
SID9890ed7e-7ae6-11e9-a106-68b59976a384,0.0,0.0,0.0,0.0,ShaoY_2019,GBR,Europe,yes,,,B00175_ba,4.0,,,,
SID98dd0d62-7ae6-11e9-a106-68b59976a384,0.0,0.0,0.0,0.0,ShaoY_2019,GBR,Europe,yes,,,B00178_ba,4.0,,,,
SID98f6066e-7ae6-11e9-a106-68b59976a384,0.0,0.0,0.0,0.0,ShaoY_2019,GBR,Europe,yes,,,B00178_ba,7.0,,,,
SID990e91ca-7ae6-11e9-a106-68b59976a384,99.97644,0.0,0.02356,0.0,ShaoY_2019,GBR,Europe,yes,,,B00178_ba,21.0,,,,
SID99bc7c22-7ae6-11e9-a106-68b59976a384,56.30287,40.17696,3.52018,0.0,ShaoY_2019,GBR,Europe,yes,,,B00220_ba,4.0,,,,
SID99ca72e6-7ae6-11e9-a106-68b59976a384,0.01919,72.08365,27.89716,0.0,ShaoY_2019,GBR,Europe,yes,,,B00224_ba,4.0,,,,
SID99d841aa-7ae6-11e9-a106-68b59976a384,0.01767,18.60128,81.38104,0.0,ShaoY_2019,GBR,Europe,yes,,,B00224_ba,7.0,,,,
SID99e78bec-7ae6-11e9-a106-68b59976a384,0.35153,68.11507,31.5334,0.0,ShaoY_2019,GBR,Europe,yes,,,B00224_ba,21.0,,,,
SID99f6b4e6-7ae6-11e9-a106-68b59976a384,100.0,0.0,0.0,0.0,ShaoY_2019,GBR,Europe,yes,,,B00235_ba,4.0,,,,
SID9_B,0.0,0.0,0.0,0.0,BackhedF_2015,SWE,Europe,yes,,,SID9,2.0,,,,
SID9a06cb74-7ae6-11e9-a106-68b59976a384,0.0,100.0,0.0,0.0,ShaoY_2019,GBR,Europe,yes,,,B00235_ba,21.0,,,,
SID9a17daae-7ae6-11e9-a106-68b59976a384,0.0,100.0,0.0,0.0,ShaoY_2019,GBR,Europe,yes,,,B00235_ba,7.0,,,,
SID9a2821fc-7ae6-11e9-a106-68b59976a384,23.77112,0.0,76.21359,0.01529,ShaoY_2019,GBR,Europe,yes,,,B00236_ba,4.0,,,,
SID9a384708-7ae6-11e9-a106-68b59976a384,2.98533,0.0,97.00979,0.00488,ShaoY_2019,GBR,Europe,yes,,,B00236_ba,7.0,,,,
SID9a498bf8-7ae6-11e9-a106-68b59976a384,5.73216,0.0,94.2634,0.00444,ShaoY_2019,GBR,Europe,yes,,,B00236_ba,21.0,,,,
SID9a59bcbc-7ae6-11e9-a106-68b59976a384,0.0,0.0,100.0,0.0,ShaoY_2019,GBR,Europe,yes,,,B00238_ba,7.0,,,,
SID9a888218-7ae6-11e9-a106-68b59976a384,0.0,0.0,0.0,0.0,ShaoY_2019,GBR,Europe,yes,,,B00243_ba,4.0,,,,
SID9a9c7818-7ae6-11e9-a106-68b59976a384,100.0,0.0,0.0,0.0,ShaoY_2019,GBR,Europe,yes,,,B00243_ba,21.0,,,,
SID9ab09a00-7ae6-11e9-a106-68b59976a384,100.0,0.0,0.0,0.0,ShaoY_2019,GBR,Europe,yes,,,B00243_ba,7.0,,,,
SID9ac47ff2-7ae6-11e9-a106-68b59976a384,0.0,0.0,0.0,0.0,ShaoY_2019,GBR,Europe,yes,,,B00252_ba,4.0,,,,
SID9ad89dde-7ae6-11e9-a106-68b59976a384,0.0,0.0,100.0,0.0,ShaoY_2019,GBR,Europe,yes,,,B00252_ba,7.0,,,,
SID9aedf53a-7ae6-11e9-a106-68b59976a384,0.0,0.0,0.0,0.0,ShaoY_2019,GBR,Europe,yes,,,B00252_ba,21.0,,,,
SID9b020066-7ae6-11e9-a106-68b59976a384,100.0,0.0,0.0,0.0,ShaoY_2019,GBR,Europe,yes,,,B00268_ba,7.0,,,,
SID9b159428-7ae6-11e9-a106-68b59976a384,100.0,0.0,0.0,0.0,ShaoY_2019,GBR,Europe,yes,,,B00268_ba,21.0,,,,
SID9b29ac2e-7ae6-11e9-a106-68b59976a384,0.0,0.0,0.0,0.0,ShaoY_2019,GBR,Europe,yes,,,B00268_ba,4.0,,,,
SID9b3da5b2-7ae6-11e9-a106-68b59976a384,0.0,0.0,0.0,0.0,ShaoY_2019,GBR,Europe,yes,,,B00272_ba,4.0,,,,
SID9b5211fa-7ae6-11e9-a106-68b59976a384,0.0,100.0,0.0,0.0,ShaoY_2019,GBR,Europe,yes,,,B00272_ba,7.0,,,,
SID9b67a6f0-7ae6-11e9-a106-68b59976a384,0.0,0.0,0.0,0.0,ShaoY_2019,GBR,Europe,yes,,,B00272_ba,21.0,,,,
SID9b7baeac-7ae6-11e9-a106-68b59976a384,0.29488,10.22256,89.48256,0.0,ShaoY_2019,GBR,Europe,yes,,,B00507_ba,4.0,,,,
SID9b8fb8ca-7ae6-11e9-a106-68b59976a384,5.32678,0.0,94.67322,0.0,ShaoY_2019,GBR,Europe,yes,,,B00507_ba,21.0,,,,
SID9ba3be6a-7ae6-11e9-a106-68b59976a384,0.21549,0.0,99.78451,0.0,ShaoY_2019,GBR,Europe,yes,,,B00507_ba,7.0,,,,
SID9bcc89d0-7ae6-11e9-a106-68b59976a384,20.42662,0.0,79.57194,0.00144,ShaoY_2019,GBR,Europe,yes,,,B00509_ba,4.0,,,,
SID9be5c38c-7ae6-11e9-a106-68b59976a384,56.21918,32.95694,10.33527,0.48861,ShaoY_2019,GBR,Europe,yes,,,B00509_ba,351.0,,,,
SID9bfda330-7ae6-11e9-a106-68b59976a384,0.0,0.0,0.0,0.0,ShaoY_2019,GBR,Europe,yes,,,B00518_ba,4.0,,,,
SID9c17dae8-7ae6-11e9-a106-68b59976a384,0.02326,0.0,99.97674,0.0,ShaoY_2019,GBR,Europe,yes,,,B00518_ba,7.0,,,,
SID9c30d16a-7ae6-11e9-a106-68b59976a384,0.01476,0.0,99.98524,0.0,ShaoY_2019,GBR,Europe,yes,,,B00518_ba,21.0,,,,
SID9d5ccd5a-7ae6-11e9-a106-68b59976a384,89.30201,0.0,10.69799,0.0,ShaoY_2019,GBR,Europe,yes,,,B00560_ba,4.0,,,,
SID9d7598bc-7ae6-11e9-a106-68b59976a384,3.4958,0.0,96.5042,0.0,ShaoY_2019,GBR,Europe,yes,,,B00560_ba,7.0,,,,
SID9d8e5154-7ae6-11e9-a106-68b59976a384,29.63407,0.0,70.36593,0.0,ShaoY_2019,GBR,Europe,yes,,,B00560_ba,21.0,,,,
SID9da7328c-7ae6-11e9-a106-68b59976a384,0.0,0.0,0.0,0.0,ShaoY_2019,GBR,Europe,yes,,,B00562_ba,4.0,,,,
SID9dd90e74-7ae6-11e9-a106-68b59976a384,0.0,0.0,0.0,0.0,ShaoY_2019,GBR,Europe,yes,,,B00562_ba,7.0,,,,
SID9e0a1df2-7ae6-11e9-a106-68b59976a384,3.16366,4.45546,0.0,92.38088,ShaoY_2019,GBR,Europe,yes,,,B00562_ba,21.0,,,,
SID9e22e71a-7ae6-11e9-a106-68b59976a384,0.00604,0.0,99.99396,0.0,ShaoY_2019,GBR,Europe,yes,,,B00916_ba,4.0,,,,
SID9e3bcc26-7ae6-11e9-a106-68b59976a384,0.01198,0.0,99.98802,0.0,ShaoY_2019,GBR,Europe,yes,,,B00916_ba,7.0,,,,
SID9e549760-7ae6-11e9-a106-68b59976a384,0.01217,0.0,99.98783,0.0,ShaoY_2019,GBR,Europe,yes,,,B00916_ba,21.0,,,,
SID9e6f4d44-7ae6-11e9-a106-68b59976a384,99.9854,0.0,0.01423,0.00037,ShaoY_2019,GBR,Europe,yes,,,B00917_ba,7.0,,,,
SID9e880154-7ae6-11e9-a106-68b59976a384,100.0,0.0,0.0,0.0,ShaoY_2019,GBR,Europe,yes,,,B00917_ba,4.0,,,,
SID9ea0d2e2-7ae6-11e9-a106-68b59976a384,100.0,0.0,0.0,0.0,ShaoY_2019,GBR,Europe,yes,,,B00917_ba,21.0,,,,
SID9eed2c6e-7ae6-11e9-a106-68b59976a384,0.01435,0.0,99.98565,0.0,ShaoY_2019,GBR,Europe,yes,,,B01021_ba,4.0,,,,
SID9f073230-7ae6-11e9-a106-68b59976a384,0.0,0.0,0.0,0.0,ShaoY_2019,GBR,Europe,yes,,,B01021_ba,7.0,,,,
SID9f22153c-7ae6-11e9-a106-68b59976a384,0.0,0.0,0.0,0.0,ShaoY_2019,GBR,Europe,yes,,,B01021_ba,21.0,,,,
SID9f86b50a-7ae6-11e9-a106-68b59976a384,100.0,0.0,0.0,0.0,ShaoY_2019,GBR,Europe,yes,,,B01027_ba,7.0,,,,
SID9fb99222-7ae6-11e9-a106-68b59976a384,96.4042,0.0,3.59551,0.00029,ShaoY_2019,GBR,Europe,yes,,,B01034_ba,7.0,,,,
SID9fd5e5ee-7ae6-11e9-a106-68b59976a384,91.63525,8.36475,0.0,0.0,ShaoY_2019,GBR,Europe,yes,,,B01039_ba,7.0,,,,
SM05,57.82639,30.34213,6.65281,5.17867,Obregon-TitoAJ_2015,PER,South America,no,,,SM05,,,,,
V1_C101,0.0,0.0,0.0,0.0,WampachL_2018,LUX,Europe,yes,,,I_C101,1.0,,,,
V1_C106,0.0,0.0,0.0,0.0,WampachL_2018,LUX,Europe,yes,,,I_C106,1.0,,,,
V1_C109,37.41474,62.58526,0.0,0.0,WampachL_2018,LUX,Europe,yes,,,I_C109,1.0,,,,
V1_C110,100.0,0.0,0.0,0.0,WampachL_2018,LUX,Europe,yes,,,I_C110,1.0,,,,
V1_C111,100.0,0.0,0.0,0.0,WampachL_2018,LUX,Europe,yes,,,I_C111,1.0,,,,
V1_C113,0.0,0.0,100.0,0.0,WampachL_2018,LUX,Europe,yes,,,I_C113,1.0,,,,
V1_C115,0.0,0.0,0.0,0.0,WampachL_2018,LUX,Europe,yes,,,I_C115,1.0,,,,
V1_C118,100.0,0.0,0.0,0.0,WampachL_2018,LUX,Europe,yes,,,I_C118,1.0,,,,
V1_C120,0.0,0.0,0.0,0.0,WampachL_2018,LUX,Europe,yes,,,I_C120,1.0,,,,
V2_C100,0.0,0.0,0.0,0.0,WampachL_2018,LUX,Europe,yes,,,I_C100,3.0,,,,
V2_C101,0.0,0.0,0.0,0.0,WampachL_2018,LUX,Europe,yes,,,I_C101,3.0,,,,
V2_C105,65.48287,34.51713,0.0,0.0,WampachL_2018,LUX,Europe,yes,,,I_C105,3.0,,,,
V2_C106,0.0,0.0,0.0,0.0,WampachL_2018,LUX,Europe,yes,,,I_C106,3.0,,,,
V2_C109,10.94614,89.05386,0.0,0.0,WampachL_2018,LUX,Europe,yes,,,I_C109,3.0,,,,
V2_C110,31.89302,68.1046,0.0,0.00238,WampachL_2018,LUX,Europe,yes,,,I_C110,3.0,,,,
V2_C111,100.0,0.0,0.0,0.0,WampachL_2018,LUX,Europe,yes,,,I_C111,3.0,,,,
V2_C112,100.0,0.0,0.0,0.0,WampachL_2018,LUX,Europe,yes,,,I_C112,3.0,,,,
V2_C114,0.0,0.0,0.0,0.0,WampachL_2018,LUX,Europe,yes,,,I_C114,3.0,,,,
V2_C115,0.0,0.0,0.0,0.0,WampachL_2018,LUX,Europe,yes,,,I_C115,3.0,,,,
V2_C116,0.0,0.0,0.0,0.0,WampachL_2018,LUX,Europe,yes,,,I_C116,3.0,,,,
V2_C117,9.21015,0.0,90.78985,0.0,WampachL_2018,LUX,Europe,yes,,,I_C117,3.0,,,,
V2_C118,0.0,0.0,100.0,0.0,WampachL_2018,LUX,Europe,yes,,,I_C118,3.0,,,,
V2_C119,55.28775,44.71225,0.0,0.0,WampachL_2018,LUX,Europe,yes,,,I_C119,3.0,,,,
V2_C120,100.0,0.0,0.0,0.0,WampachL_2018,LUX,Europe,yes,,,I_C120,3.0,,,,
V3_C100,0.0,0.0,0.0,0.0,WampachL_2018,LUX,Europe,yes,,,I_C100,5.0,,,,
V3_C101,0.0,0.0,0.0,0.0,WampachL_2018,LUX,Europe,yes,,,I_C101,5.0,,,,
V3_C105,99.72823,0.20392,0.06785,0.0,WampachL_2018,LUX,Europe,yes,,,I_C105,5.0,,,,
V3_C106,0.0,0.0,0.0,0.0,WampachL_2018,LUX,Europe,yes,,,I_C106,5.0,,,,
V3_C110,75.98918,24.01014,0.00068,0.0,WampachL_2018,LUX,Europe,yes,,,I_C110,5.0,,,,
V3_C111,100.0,0.0,0.0,0.0,WampachL_2018,LUX,Europe,yes,,,I_C111,5.0,,,,
V3_C112,100.0,0.0,0.0,0.0,WampachL_2018,LUX,Europe,yes,,,I_C112,5.0,,,,
V3_C113,100.0,0.0,0.0,0.0,WampachL_2018,LUX,Europe,yes,,,I_C113,5.0,,,,
V3_C114,0.0,0.0,0.0,0.0,WampachL_2018,LUX,Europe,yes,,,I_C114,5.0,,,,
V3_C115,100.0,0.0,0.0,0.0,WampachL_2018,LUX,Europe,yes,,,I_C115,5.0,,,,
V3_C116,0.0,0.0,0.0,0.0,WampachL_2018,LUX,Europe,yes,,,I_C116,5.0,,,,
V3_C117,4.07796,0.0,95.92204,0.0,WampachL_2018,LUX,Europe,yes,,,I_C117,5.0,,,,
V3_C118,0.0,0.0,0.0,0.0,WampachL_2018,LUX,Europe,yes,,,I_C118,5.0,,,,
V3_C119,20.70213,13.80904,39.70174,25.78708,WampachL_2018,LUX,Europe,yes,,,I_C119,5.0,,,,
V3_C120,0.0,0.0,0.0,0.0,WampachL_2018,LUX,Europe,yes,,,I_C120,5.0,,,,
a020c00a-7ae6-11e9-a106-68b59976a384,0.0,0.0,0.0,0.0,ShaoY_2019,GBR,Europe,yes,,,B01042_ba,10.0,,,,
a03a0c0e-7ae6-11e9-a106-68b59976a384,0.0,0.0,0.0,0.0,ShaoY_2019,GBR,Europe,yes,,,B01042_ba,7.0,,,,
a06eb03a-7ae6-11e9-a106-68b59976a384,0.0,0.0,0.0,0.0,ShaoY_2019,GBR,Europe,yes,,,B01089_ba,4.0,,,,
a087bc56-7ae6-11e9-a106-68b59976a384,100.0,0.0,0.0,0.0,ShaoY_2019,GBR,Europe,yes,,,B01089_ba,7.0,,,,
a0a9fbea-7ae6-11e9-a106-68b59976a384,100.0,0.0,0.0,0.0,ShaoY_2019,GBR,Europe,yes,,,B01089_ba,21.0,,,,
a0c3921c-7ae6-11e9-a106-68b59976a384,0.05032,0.0,99.94968,0.0,ShaoY_2019,GBR,Europe,yes,,,B01128_ba,7.0,,,,
a0f8ee08-7ae6-11e9-a106-68b59976a384,0.0,0.0,0.0,0.0,ShaoY_2019,GBR,Europe,yes,,,B01190_ba,21.0,,,,
a111c0d6-7ae6-11e9-a106-68b59976a384,0.0,0.0,0.0,0.0,ShaoY_2019,GBR,Europe,yes,,,B01190_ba,4.0,,,,
a12ace82-7ae6-11e9-a106-68b59976a384,100.0,0.0,0.0,0.0,ShaoY_2019,GBR,Europe,yes,,,B01190_ba,7.0,,,,
a1443a66-7ae6-11e9-a106-68b59976a384,47.94712,0.0,0.00297,52.04991,ShaoY_2019,GBR,Europe,yes,,,B01190_ba,372.0,,,,
a15c9156-7ae6-11e9-a106-68b59976a384,13.41002,39.78241,46.807,0.00057,ShaoY_2019,GBR,Europe,yes,,,B01194_ba,4.0,,,,
a190941a-7ae6-11e9-a106-68b59976a384,16.57592,48.95934,34.46475,0.0,ShaoY_2019,GBR,Europe,yes,,,B01194_ba,7.0,,,,
a1a9a400-7ae6-11e9-a106-68b59976a384,11.96492,40.93528,47.09836,0.00144,ShaoY_2019,GBR,Europe,yes,,,B01194_ba,21.0,,,,
a1c26fbc-7ae6-11e9-a106-68b59976a384,70.12528,27.64592,2.2288,0.0,ShaoY_2019,GBR,Europe,yes,,,B01194_ba,376.0,,,,
a1dbd178-7ae6-11e9-a106-68b59976a384,7.78361,69.53789,22.67828,0.00022,ShaoY_2019,GBR,Europe,yes,,,B01196_ba,4.0,,,,
a1f32a08-7ae6-11e9-a106-68b59976a384,47.32535,24.02124,28.65341,0.0,ShaoY_2019,GBR,Europe,yes,,,B01196_ba,7.0,,,,
a20d2b88-7ae6-11e9-a106-68b59976a384,2.23285,31.84882,3.72872,62.18961,ShaoY_2019,GBR,Europe,yes,,,B01196_ba,21.0,,,,
a22605c2-7ae6-11e9-a106-68b59976a384,99.95578,0.0,0.04422,0.0,ShaoY_2019,GBR,Europe,yes,,,B01218_ba,398.0,,,,
a23f5bd0-7ae6-11e9-a106-68b59976a384,22.50137,56.9369,20.56173,0.0,ShaoY_2019,GBR,Europe,yes,,,B01218_ba,7.0,,,,
a2a7a01e-7ae6-11e9-a106-68b59976a384,100.0,0.0,0.0,0.0,ShaoY_2019,GBR,Europe,yes,,,B01235_ba,4.0,,,,
a2c0477c-7ae6-11e9-a106-68b59976a384,100.0,0.0,0.0,0.0,ShaoY_2019,GBR,Europe,yes,,,B01235_ba,7.0,,,,
a2d69c2a-7ae6-11e9-a106-68b59976a384,99.98939,0.0,0.01061,0.0,ShaoY_2019,GBR,Europe,yes,,,B01235_ba,21.0,,,,
a2e8c42c-7ae6-11e9-a106-68b59976a384,0.0,0.0,0.0,0.0,ShaoY_2019,GBR,Europe,yes,,,B01236_ba,4.0,,,,
a2f5019c-7ae6-11e9-a106-68b59976a384,100.0,0.0,0.0,0.0,ShaoY_2019,GBR,Europe,yes,,,B01236_ba,7.0,,,,
a30113d8-7ae6-11e9-a106-68b59976a384,100.0,0.0,0.0,0.0,ShaoY_2019,GBR,Europe,yes,,,B01236_ba,21.0,,,,
a30d5b48-7ae6-11e9-a106-68b59976a384,0.00928,0.0,99.99072,0.0,ShaoY_2019,GBR,Europe,yes,,,B01236_ba,368.0,,,,
a31ab16c-7ae6-11e9-a106-68b59976a384,0.0,0.0,0.0,0.0,ShaoY_2019,GBR,Europe,yes,,,B01242_ba,7.0,,,,
a3280290-7ae6-11e9-a106-68b59976a384,3.61509,0.0,15.12747,81.25744,ShaoY_2019,GBR,Europe,yes,,,B01242_ba,345.0,,,,
a337024a-7ae6-11e9-a106-68b59976a384,0.0,0.0,0.0,0.0,ShaoY_2019,GBR,Europe,yes,,,B01247_ba,4.0,,,,
a3488c54-7ae6-11e9-a106-68b59976a384,100.0,0.0,0.0,0.0,ShaoY_2019,GBR,Europe,yes,,,B01247_ba,7.0,,,,
a35829ca-7ae6-11e9-a106-68b59976a384,0.0,0.0,0.0,0.0,ShaoY_2019,GBR,Europe,yes,,,B01247_ba,21.0,,,,
a367ac1a-7ae6-11e9-a106-68b59976a384,0.0,0.0,0.0,0.0,ShaoY_2019,GBR,Europe,yes,,,B01256_ba,7.0,,,,
a3774a30-7ae6-11e9-a106-68b59976a384,34.74277,22.06817,33.68823,9.50083,ShaoY_2019,GBR,Europe,yes,,,B01256_ba,366.0,,,,
a3962e0a-7ae6-11e9-a106-68b59976a384,99.99702,0.0,0.00298,0.0,ShaoY_2019,GBR,Europe,yes,,,B01261_ba,4.0,,,,
a3a34888-7ae6-11e9-a106-68b59976a384,99.99956,0.0,0.00044,0.0,ShaoY_2019,GBR,Europe,yes,,,B01261_ba,7.0,,,,
a3b22506-7ae6-11e9-a106-68b59976a384,99.99512,0.0,0.00488,0.0,ShaoY_2019,GBR,Europe,yes,,,B01261_ba,21.0,,,,
a3c1646c-7ae6-11e9-a106-68b59976a384,100.0,0.0,0.0,0.0,ShaoY_2019,GBR,Europe,yes,,,B01265_ba,4.0,,,,
a3cefe92-7ae6-11e9-a106-68b59976a384,99.99093,0.0,0.00838,0.0007,ShaoY_2019,GBR,Europe,yes,,,B01265_ba,7.0,,,,
a3dccc0c-7ae6-11e9-a106-68b59976a384,99.98628,0.0,0.01329,0.00043,ShaoY_2019,GBR,Europe,yes,,,B01265_ba,21.0,,,,
a3ec0f82-7ae6-11e9-a106-68b59976a384,97.09868,0.0,2.90132,0.0,ShaoY_2019,GBR,Europe,yes,,,B01265_ba,358.0,,,,
a40c51c0-7ae6-11e9-a106-68b59976a384,99.99408,0.0,0.00592,0.0,ShaoY_2019,GBR,Europe,yes,,,B01277_ba,4.0,,,,
a41b9b08-7ae6-11e9-a106-68b59976a384,99.99596,0.0,0.00404,0.0,ShaoY_2019,GBR,Europe,yes,,,B01277_ba,7.0,,,,
a42b195c-7ae6-11e9-a106-68b59976a384,100.0,0.0,0.0,0.0,ShaoY_2019,GBR,Europe,yes,,,B01277_ba,21.0,,,,
a43bdb84-7ae6-11e9-a106-68b59976a384,100.0,0.0,0.0,0.0,ShaoY_2019,GBR,Europe,yes,,,B01278_ba,4.0,,,,
a449c12c-7ae6-11e9-a106-68b59976a384,100.0,0.0,0.0,0.0,ShaoY_2019,GBR,Europe,yes,,,B01278_ba,7.0,,,,
a4590876-7ae6-11e9-a106-68b59976a384,74.7822,7.94566,17.27214,0.0,ShaoY_2019,GBR,Europe,yes,,,B01278_ba,21.0,,,,
a4684e26-7ae6-11e9-a106-68b59976a384,70.81547,17.42317,11.70827,0.05309,ShaoY_2019,GBR,Europe,yes,,,B01278_ba,361.0,,,,
a47793b8-7ae6-11e9-a106-68b59976a384,82.62616,0.0,17.37384,0.0,ShaoY_2019,GBR,Europe,yes,,,B01284_ba,21.0,,,,
a48719f0-7ae6-11e9-a106-68b59976a384,99.94203,0.0,0.05797,0.0,ShaoY_2019,GBR,Europe,yes,,,B01284_ba,4.0,,,,
a496ac6c-7ae6-11e9-a106-68b59976a384,100.0,0.0,0.0,0.0,ShaoY_2019,GBR,Europe,yes,,,B01284_ba,7.0,,,,
a4a5f50a-7ae6-11e9-a106-68b59976a384,40.81028,0.0,59.17809,0.01163,ShaoY_2019,GBR,Europe,yes,,,B01284_ba,337.0,,,,
a4b551a8-7ae6-11e9-a106-68b59976a384,23.29005,60.90176,15.80819,0.0,ShaoY_2019,GBR,Europe,yes,,,B01299_ba,21.0,,,,
a4c5567a-7ae6-11e9-a106-68b59976a384,16.60501,83.18334,0.21165,0.0,ShaoY_2019,GBR,Europe,yes,,,B01299_ba,4.0,,,,
a4d74a7e-7ae6-11e9-a106-68b59976a384,20.45845,74.79852,4.74303,0.0,ShaoY_2019,GBR,Europe,yes,,,B01299_ba,7.0,,,,
a4e5fb50-7ae6-11e9-a106-68b59976a384,66.6311,33.27669,0.0,0.0922,ShaoY_2019,GBR,Europe,yes,,,B01299_ba,351.0,,,,
a4f45e02-7ae6-11e9-a106-68b59976a384,100.0,0.0,0.0,0.0,ShaoY_2019,GBR,Europe,yes,,,B01339_ba,21.0,,,,
a504a8ac-7ae6-11e9-a106-68b59976a384,100.0,0.0,0.0,0.0,ShaoY_2019,GBR,Europe,yes,,,B01339_ba,4.0,,,,
a512f01a-7ae6-11e9-a106-68b59976a384,100.0,0.0,0.0,0.0,ShaoY_2019,GBR,Europe,yes,,,B01339_ba,7.0,,,,
a51ffb70-7ae6-11e9-a106-68b59976a384,87.13067,9.71481,3.11957,0.03496,ShaoY_2019,GBR,Europe,yes,,,B01339_ba,345.0,,,,
a53eb510-7ae6-11e9-a106-68b59976a384,0.01427,5.6843,94.30143,0.0,ShaoY_2019,GBR,Europe,yes,,,B01340_ba,4.0,,,,
a54e6c26-7ae6-11e9-a106-68b59976a384,0.05867,2.47786,97.46348,0.0,ShaoY_2019,GBR,Europe,yes,,,B01340_ba,7.0,,,,
a55dea66-7ae6-11e9-a106-68b59976a384,0.08498,19.87416,80.04086,0.0,ShaoY_2019,GBR,Europe,yes,,,B01340_ba,14.0,,,,
a57d525c-7ae6-11e9-a106-68b59976a384,51.35775,48.63745,0.0048,0.0,ShaoY_2019,GBR,Europe,yes,,,B01364_ba,4.0,,,,
a58eaef8-7ae6-11e9-a106-68b59976a384,55.1702,44.82843,0.00137,0.0,ShaoY_2019,GBR,Europe,yes,,,B01364_ba,7.0,,,,
a5ac3dd8-7ae6-11e9-a106-68b59976a384,45.87835,54.12165,0.0,0.0,ShaoY_2019,GBR,Europe,yes,,,B01364_ba,21.0,,,,
a5c1d562-7ae6-11e9-a106-68b59976a384,0.51317,43.93522,49.34374,6.20787,ShaoY_2019,GBR,Europe,yes,,,B01364_ba,343.0,,,,
a5d5881e-7ae6-11e9-a106-68b59976a384,59.81958,0.0,40.18042,0.0,ShaoY_2019,GBR,Europe,yes,,,B01365_ba,21.0,,,,
a5e48206-7ae6-11e9-a106-68b59976a384,0.0,0.0,0.0,0.0,ShaoY_2019,GBR,Europe,yes,,,B01365_ba,4.0,,,,
a5f3165e-7ae6-11e9-a106-68b59976a384,32.67913,7.02247,60.2984,0.0,ShaoY_2019,GBR,Europe,yes,,,B01365_ba,7.0,,,,
a6025e48-7ae6-11e9-a106-68b59976a384,14.22304,0.0,1.39152,84.38544,ShaoY_2019,GBR,Europe,yes,,,B01365_ba,341.0,,,,
a6113454-7ae6-11e9-a106-68b59976a384,0.0,100.0,0.0,0.0,ShaoY_2019,GBR,Europe,yes,,,B01368_ba,7.0,,,,
a63dc97e-7ae6-11e9-a106-68b59976a384,0.0,0.0,0.0,0.0,ShaoY_2019,GBR,Europe,yes,,,B01372_ba,7.0,,,,
a65aa5bc-7ae6-11e9-a106-68b59976a384,15.57894,12.93001,19.02687,52.46418,ShaoY_2019,GBR,Europe,yes,,,B01372_ba,,,,,
a669dbd6-7ae6-11e9-a106-68b59976a384,0.0,100.0,0.0,0.0,ShaoY_2019,GBR,Europe,yes,,,B01373_ba,4.0,,,,
a678029c-7ae6-11e9-a106-68b59976a384,0.0,100.0,0.0,0.0,ShaoY_2019,GBR,Europe,yes,,,B01373_ba,7.0,,,,
a687e3a6-7ae6-11e9-a106-68b59976a384,0.0,100.0,0.0,0.0,ShaoY_2019,GBR,Europe,yes,,,B01373_ba,21.0,,,,
a6ae586a-7ae6-11e9-a106-68b59976a384,91.79956,8.02433,0.0,0.17611,ShaoY_2019,GBR,Europe,yes,,,B01373_ba,373.0,,,,
a6cb2026-7ae6-11e9-a106-68b59976a384,36.09703,0.0,63.8955,0.00747,ShaoY_2019,GBR,Europe,yes,,,B01374_ba,360.0,,,,
a6e2c08c-7ae6-11e9-a106-68b59976a384,0.0,0.0,0.0,0.0,ShaoY_2019,GBR,Europe,yes,,,B01374_ba,7.0,,,,
a6f00602-7ae6-11e9-a106-68b59976a384,25.897,0.0,74.103,0.0,ShaoY_2019,GBR,Europe,yes,,,B01375_ba,21.0,,,,
a6fa0e40-7ae6-11e9-a106-68b59976a384,45.29479,0.0,54.70521,0.0,ShaoY_2019,GBR,Europe,yes,,,B01375_ba,4.0,,,,
a7060330-7ae6-11e9-a106-68b59976a384,5.46149,0.0,94.53851,0.0,ShaoY_2019,GBR,Europe,yes,,,B01375_ba,7.0,,,,
a712aed2-7ae6-11e9-a106-68b59976a384,100.0,0.0,0.0,0.0,ShaoY_2019,GBR,Europe,yes,,,B01406_ba,21.0,,,,
a71fd166-7ae6-11e9-a106-68b59976a384,0.0,0.0,0.0,0.0,ShaoY_2019,GBR,Europe,yes,,,B01406_ba,4.0,,,,
a72d3c0c-7ae6-11e9-a106-68b59976a384,0.05619,0.0,99.94381,0.0,ShaoY_2019,GBR,Europe,yes,,,B01406_ba,7.0,,,,
a73be554-7ae6-11e9-a106-68b59976a384,20.53503,29.58412,33.98294,15.89791,ShaoY_2019,GBR,Europe,yes,,,B01406_ba,337.0,,,,
a7498470-7ae6-11e9-a106-68b59976a384,0.0,0.0,0.0,0.0,ShaoY_2019,GBR,Europe,yes,,,B01408_ba,21.0,,,,
a759ac38-7ae6-11e9-a106-68b59976a384,75.95151,24.04849,0.0,0.0,ShaoY_2019,GBR,Europe,yes,,,B01408_ba,7.0,,,,
a76bf442-7ae6-11e9-a106-68b59976a384,0.0,0.0,0.0,0.0,ShaoY_2019,GBR,Europe,yes,,,B01408_ba,4.0,,,,
a7911d3a-7ae6-11e9-a106-68b59976a384,1.9777,0.0,52.03828,45.98403,ShaoY_2019,GBR,Europe,yes,,,B01408_ba,428.0,,,,
a7a491a8-7ae6-11e9-a106-68b59976a384,100.0,0.0,0.0,0.0,ShaoY_2019,GBR,Europe,yes,,,B01409_ba,21.0,,,,
a7b815fc-7ae6-11e9-a106-68b59976a384,100.0,0.0,0.0,0.0,ShaoY_2019,GBR,Europe,yes,,,B01409_ba,4.0,,,,
a7d166a6-7ae6-11e9-a106-68b59976a384,100.0,0.0,0.0,0.0,ShaoY_2019,GBR,Europe,yes,,,B01409_ba,7.0,,,,
a7f8d452-7ae6-11e9-a106-68b59976a384,0.0,0.0,0.0,0.0,ShaoY_2019,GBR,Europe,yes,,,B01413_ba,7.0,,,,
a80ccb06-7ae6-11e9-a106-68b59976a384,0.0,0.0,0.0,0.0,ShaoY_2019,GBR,Europe,yes,,,B01413_ba,21.0,,,,
a81ed1de-7ae6-11e9-a106-68b59976a384,0.0,0.0,0.0,0.0,ShaoY_2019,GBR,Europe,yes,,,B01413_ba,4.0,,,,
a831a138-7ae6-11e9-a106-68b59976a384,0.0,0.0,0.0,0.0,ShaoY_2019,GBR,Europe,yes,,,B01415_ba,7.0,,,,
a8451088-7ae6-11e9-a106-68b59976a384,2.46718,0.0,2.03696,95.49586,ShaoY_2019,GBR,Europe,yes,,,B01415_ba,21.0,,,,
a858baa2-7ae6-11e9-a106-68b59976a384,64.80527,0.0,34.92141,0.27332,ShaoY_2019,GBR,Europe,yes,,,B01415_ba,333.0,,,,
a86d4a76-7ae6-11e9-a106-68b59976a384,0.00985,0.06765,99.9225,0.0,ShaoY_2019,GBR,Europe,yes,,,B01416_ba,7.0,,,,
a880b5f2-7ae6-11e9-a106-68b59976a384,7.9307,26.28791,34.93922,30.84217,ShaoY_2019,GBR,Europe,yes,,,B01416_ba,335.0,,,,
a894d000-7ae6-11e9-a106-68b59976a384,0.0,100.0,0.0,0.0,ShaoY_2019,GBR,Europe,yes,,,B01417_ba,4.0,,,,
a8a8c51a-7ae6-11e9-a106-68b59976a384,10.66118,16.95915,66.66609,5.71358,ShaoY_2019,GBR,Europe,yes,,,B01417_ba,333.0,,,,
a8bfc01c-7ae6-11e9-a106-68b59976a384,0.0,100.0,0.0,0.0,ShaoY_2019,GBR,Europe,yes,,,B01417_ba,21.0,,,,
a8d59860-7ae6-11e9-a106-68b59976a384,46.75378,0.0,53.24622,0.0,ShaoY_2019,GBR,Europe,yes,,,B01421_ba,340.0,,,,
a8eaf462-7ae6-11e9-a106-68b59976a384,0.0,0.0,0.0,0.0,ShaoY_2019,GBR,Europe,yes,,,B01421_ba,7.0,,,,
a8fe6a2e-7ae6-11e9-a106-68b59976a384,100.0,0.0,0.0,0.0,ShaoY_2019,GBR,Europe,yes,,,B01423_ba,21.0,,,,
a912a39a-7ae6-11e9-a106-68b59976a384,99.99211,0.0,0.00789,0.0,ShaoY_2019,GBR,Europe,yes,,,B01423_ba,4.0,,,,
a928b086-7ae6-11e9-a106-68b59976a384,100.0,0.0,0.0,0.0,ShaoY_2019,GBR,Europe,yes,,,B01423_ba,7.0,,,,
a93cf406-7ae6-11e9-a106-68b59976a384,7.30086,0.0,28.50662,64.19252,ShaoY_2019,GBR,Europe,yes,,,B01423_ba,334.0,,,,
a950c986-7ae6-11e9-a106-68b59976a384,100.0,0.0,0.0,0.0,ShaoY_2019,GBR,Europe,yes,,,B01424_ba,21.0,,,,
a964b400-7ae6-11e9-a106-68b59976a384,0.0,0.0,0.0,0.0,ShaoY_2019,GBR,Europe,yes,,,B01424_ba,7.0,,,,
a978aa5a-7ae6-11e9-a106-68b59976a384,0.0,0.0,0.0,0.0,ShaoY_2019,GBR,Europe,yes,,,B01424_ba,4.0,,,,
a98d4da2-7ae6-11e9-a106-68b59976a384,0.00507,0.0,99.99493,0.0,ShaoY_2019,GBR,Europe,yes,,,B01438_ba,7.0,,,,
a9a0b798-7ae6-11e9-a106-68b59976a384,58.36504,11.87364,28.54785,1.21347,ShaoY_2019,GBR,Europe,yes,,,B01438_ba,333.0,,,,
a9dcfbc2-7ae6-11e9-a106-68b59976a384,0.0,0.0,0.0,0.0,ShaoY_2019,GBR,Europe,yes,,,B01450_ba,4.0,,,,
aa03e93a-7ae6-11e9-a106-68b59976a384,0.0,0.0,0.0,0.0,ShaoY_2019,GBR,Europe,yes,,,B01450_ba,7.0,,,,
aa1684b4-7ae6-11e9-a106-68b59976a384,0.0,0.0,0.0,0.0,ShaoY_2019,GBR,Europe,yes,,,B01450_ba,21.0,,,,
aa396966-7ae6-11e9-a106-68b59976a384,48.23161,0.01365,16.02788,35.72686,ShaoY_2019,GBR,Europe,yes,,,B01450_ba,328.0,,,,
aa4ac256-7ae6-11e9-a106-68b59976a384,0.0,0.0,0.0,0.0,ShaoY_2019,GBR,Europe,yes,,,B01471_ba,7.0,,,,
aa70304a-7ae6-11e9-a106-68b59976a384,0.00532,0.0,99.99468,0.0,ShaoY_2019,GBR,Europe,yes,,,B01471_ba,21.0,,,,
aa81d840-7ae6-11e9-a106-68b59976a384,0.00292,0.0,99.99708,0.0,ShaoY_2019,GBR,Europe,yes,,,B01472_ba,21.0,,,,
aa931bbe-7ae6-11e9-a106-68b59976a384,0.0,0.0,0.0,0.0,ShaoY_2019,GBR,Europe,yes,,,B01472_ba,4.0,,,,
aaa460c2-7ae6-11e9-a106-68b59976a384,0.00536,0.0,99.99464,0.0,ShaoY_2019,GBR,Europe,yes,,,B01472_ba,7.0,,,,
aab5edec-7ae6-11e9-a106-68b59976a384,11.0217,0.0,8.77321,80.20509,ShaoY_2019,GBR,Europe,yes,,,B01472_ba,329.0,,,,
aacaff20-7ae6-11e9-a106-68b59976a384,64.54324,35.45676,0.0,0.0,ShaoY_2019,GBR,Europe,yes,,,B01497_ba,4.0,,,,
aadf089e-7ae6-11e9-a106-68b59976a384,62.19145,37.80586,0.0,0.00269,ShaoY_2019,GBR,Europe,yes,,,B01497_ba,7.0,,,,
aaf6076a-7ae6-11e9-a106-68b59976a384,5.57829,17.10892,20.20869,57.10411,ShaoY_2019,GBR,Europe,yes,,,B01497_ba,322.0,,,,
ab099ece-7ae6-11e9-a106-68b59976a384,0.0,0.0,0.0,0.0,ShaoY_2019,GBR,Europe,yes,,,B01536_ba,7.0,,,,
ab1cf064-7ae6-11e9-a106-68b59976a384,8.20328,0.0,0.00405,91.79267,ShaoY_2019,GBR,Europe,yes,,,B01536_ba,314.0,,,,
ab30c9ae-7ae6-11e9-a106-68b59976a384,0.0,100.0,0.0,0.0,ShaoY_2019,GBR,Europe,yes,,,B01539_ba,4.0,,,,
ab4716d2-7ae6-11e9-a106-68b59976a384,99.99426,0.0,0.0,0.00574,ShaoY_2019,GBR,Europe,yes,,,B01539_ba,313.0,,,,
ab5bd540-7ae6-11e9-a106-68b59976a384,38.31839,61.68161,0.0,0.0,ShaoY_2019,GBR,Europe,yes,,,B01540_ba,21.0,,,,
ab6fd504-7ae6-11e9-a106-68b59976a384,82.95402,17.04598,0.0,0.0,ShaoY_2019,GBR,Europe,yes,,,B01540_ba,4.0,,,,
ab8363bc-7ae6-11e9-a106-68b59976a384,36.68758,63.31242,0.0,0.0,ShaoY_2019,GBR,Europe,yes,,,B01540_ba,7.0,,,,
ab97046c-7ae6-11e9-a106-68b59976a384,0.0,0.0,0.0,0.0,ShaoY_2019,GBR,Europe,yes,,,B01540_ba,315.0,,,,
abaae4dc-7ae6-11e9-a106-68b59976a384,100.0,0.0,0.0,0.0,ShaoY_2019,GBR,Europe,yes,,,B01543_ba,21.0,,,,
abbe879e-7ae6-11e9-a106-68b59976a384,100.0,0.0,0.0,0.0,ShaoY_2019,GBR,Europe,yes,,,B01543_ba,4.0,,,,
abd223ee-7ae6-11e9-a106-68b59976a384,0.0,0.0,0.0,0.0,ShaoY_2019,GBR,Europe,yes,,,B01543_ba,7.0,,,,
abe69612-7ae6-11e9-a106-68b59976a384,6.47866,21.2408,62.78281,9.49773,ShaoY_2019,GBR,Europe,yes,,,B01543_ba,312.0,,,,
abfa3a3c-7ae6-11e9-a106-68b59976a384,1.36486,0.0,0.0,98.63514,ShaoY_2019,GBR,Europe,yes,,,B01548_ba,21.0,,,,
ac0e247a-7ae6-11e9-a106-68b59976a384,40.10244,0.0,59.87618,0.02138,ShaoY_2019,GBR,Europe,yes,,,B01548_ba,313.0,,,,
ac23ee72-7ae6-11e9-a106-68b59976a384,0.0,0.0,0.0,0.0,ShaoY_2019,GBR,Europe,yes,,,B01572_ba,21.0,,,,
ac379f9e-7ae6-11e9-a106-68b59976a384,0.0,0.0,0.0,0.0,ShaoY_2019,GBR,Europe,yes,,,B01572_ba,4.0,,,,
ac4aff80-7ae6-11e9-a106-68b59976a384,100.0,0.0,0.0,0.0,ShaoY_2019,GBR,Europe,yes,,,B01572_ba,7.0,,,,
ac5e56a2-7ae6-11e9-a106-68b59976a384,3.08531,12.88681,47.40499,36.62288,ShaoY_2019,GBR,Europe,yes,,,B01572_ba,313.0,,,,
ac725ce2-7ae6-11e9-a106-68b59976a384,9.37102,7.86033,5.73514,77.03351,ShaoY_2019,GBR,Europe,yes,,,B01574_ba,314.0,,,,
ac8620c4-7ae6-11e9-a106-68b59976a384,0.00608,0.0,99.99392,0.0,ShaoY_2019,GBR,Europe,yes,,,B01574_ba,4.0,,,,
ac99e910-7ae6-11e9-a106-68b59976a384,100.0,0.0,0.0,0.0,ShaoY_2019,GBR,Europe,yes,,,B01600_ba,21.0,,,,
acad4cb2-7ae6-11e9-a106-68b59976a384,2.27206,0.16491,0.0,97.56303,ShaoY_2019,GBR,Europe,yes,,,B01600_ba,4.0,,,,
acc73f00-7ae6-11e9-a106-68b59976a384,0.0,0.0,0.0,0.0,ShaoY_2019,GBR,Europe,yes,,,B01600_ba,7.0,,,,
acdb450e-7ae6-11e9-a106-68b59976a384,27.99599,23.06565,48.93655,0.00182,ShaoY_2019,GBR,Europe,yes,,,B01600_ba,311.0,,,,
acef48a6-7ae6-11e9-a106-68b59976a384,0.01002,0.0,99.98998,0.0,ShaoY_2019,GBR,Europe,yes,,,B01610_ba,21.0,,,,
ad053eea-7ae6-11e9-a106-68b59976a384,0.0,0.0,0.0,0.0,ShaoY_2019,GBR,Europe,yes,,,B01610_ba,4.0,,,,
ad18ff48-7ae6-11e9-a106-68b59976a384,0.0,0.0,0.0,0.0,ShaoY_2019,GBR,Europe,yes,,,B01610_ba,7.0,,,,
ad7c7032-7ae6-11e9-a106-68b59976a384,100.0,0.0,0.0,0.0,ShaoY_2019,GBR,Europe,yes,,,B01626_ba,7.0,,,,
ad9169ba-7ae6-11e9-a106-68b59976a384,22.57408,0.0,0.2251,77.20082,ShaoY_2019,GBR,Europe,yes,,,B01626_ba,318.0,,,,
ada5d972-7ae6-11e9-a106-68b59976a384,0.0,0.0,0.0,0.0,ShaoY_2019,GBR,Europe,yes,,,B01627_ba,7.0,,,,
adb9a45c-7ae6-11e9-a106-68b59976a384,77.37335,0.0,3.55479,19.07186,ShaoY_2019,GBR,Europe,yes,,,B01627_ba,310.0,,,,
adcedc3c-7ae6-11e9-a106-68b59976a384,38.62621,61.37379,0.0,0.0,ShaoY_2019,GBR,Europe,yes,,,B01633_ba,21.0,,,,
ade927b8-7ae6-11e9-a106-68b59976a384,88.88987,11.11013,0.0,0.0,ShaoY_2019,GBR,Europe,yes,,,B01633_ba,4.0,,,,
ae0259fe-7ae6-11e9-a106-68b59976a384,49.08418,50.91582,0.0,0.0,ShaoY_2019,GBR,Europe,yes,,,B01633_ba,7.0,,,,
ae166912-7ae6-11e9-a106-68b59976a384,29.69156,5.85309,64.43032,0.02503,ShaoY_2019,GBR,Europe,yes,,,B01635_ba,21.0,,,,
ae2bbef2-7ae6-11e9-a106-68b59976a384,26.64388,56.7731,16.51047,0.07255,ShaoY_2019,GBR,Europe,yes,,,B01635_ba,4.0,,,,
ae4061fe-7ae6-11e9-a106-68b59976a384,9.55611,3.7887,86.60379,0.0514,ShaoY_2019,GBR,Europe,yes,,,B01635_ba,7.0,,,,
ae54a420-7ae6-11e9-a106-68b59976a384,0.00403,99.99597,0.0,0.0,ShaoY_2019,GBR,Europe,yes,,,B01664_ba,21.0,,,,
ae6a4d66-7ae6-11e9-a106-68b59976a384,0.0,0.0,0.0,0.0,ShaoY_2019,GBR,Europe,yes,,,B01664_ba,4.0,,,,
ae7e87ea-7ae6-11e9-a106-68b59976a384,33.24361,66.75639,0.0,0.0,ShaoY_2019,GBR,Europe,yes,,,B01664_ba,7.0,,,,
ae962152-7ae6-11e9-a106-68b59976a384,1.31695,19.59146,26.99252,52.09908,ShaoY_2019,GBR,Europe,yes,,,B01664_ba,301.0,,,,
aeae6d8e-7ae6-11e9-a106-68b59976a384,0.0,0.0,0.0,0.0,ShaoY_2019,GBR,Europe,yes,,,B01668_ba,7.0,,,,
aec91b52-7ae6-11e9-a106-68b59976a384,21.28866,32.5282,46.18314,0.0,ShaoY_2019,GBR,Europe,yes,,,B01668_ba,307.0,,,,
aee2ddf8-7ae6-11e9-a106-68b59976a384,100.0,0.0,0.0,0.0,ShaoY_2019,GBR,Europe,yes,,,B01670_ba,7.0,,,,
aefc0f58-7ae6-11e9-a106-68b59976a384,99.99574,0.0,0.0,0.00426,ShaoY_2019,GBR,Europe,yes,,,B01670_ba,302.0,,,,
af62a920-7ae6-11e9-a106-68b59976a384,0.0,0.0,0.0,0.0,ShaoY_2019,GBR,Europe,yes,,,B01712_ba,4.0,,,,
af7c9646-7ae6-11e9-a106-68b59976a384,0.02456,0.0,99.97544,0.0,ShaoY_2019,GBR,Europe,yes,,,B01712_ba,7.0,,,,
af95fc94-7ae6-11e9-a106-68b59976a384,0.01111,0.0,99.98889,0.0,ShaoY_2019,GBR,Europe,yes,,,B01712_ba,21.0,,,,
afafe9a6-7ae6-11e9-a106-68b59976a384,3.80569,1.54282,8.39919,86.2523,ShaoY_2019,GBR,Europe,yes,,,B01712_ba,292.0,,,,
afca14ca-7ae6-11e9-a106-68b59976a384,0.0,0.0,0.0,0.0,ShaoY_2019,GBR,Europe,yes,,,B01714_ba,21.0,,,,
afe367c2-7ae6-11e9-a106-68b59976a384,99.85791,0.0,0.0,0.14209,ShaoY_2019,GBR,Europe,yes,,,B01714_ba,293.0,,,,
affd25f4-7ae6-11e9-a106-68b59976a384,0.0,0.0,0.0,0.0,ShaoY_2019,GBR,Europe,yes,,,B01714_ba,7.0,,,,
b016eca0-7ae6-11e9-a106-68b59976a384,100.0,0.0,0.0,0.0,ShaoY_2019,GBR,Europe,yes,,,B01716_ba,7.0,,,,
b0513e6e-7ae6-11e9-a106-68b59976a384,56.43304,0.0,11.17765,32.3893,ShaoY_2019,GBR,Europe,yes,,,B01716_ba,294.0,,,,
b06cce2c-7ae6-11e9-a106-68b59976a384,100.0,0.0,0.0,0.0,ShaoY_2019,GBR,Europe,yes,,,B01719_ba,4.0,,,,
b098cb30-7ae6-11e9-a106-68b59976a384,100.0,0.0,0.0,0.0,ShaoY_2019,GBR,Europe,yes,,,B01719_ba,7.0,,,,
b0b172b6-7ae6-11e9-a106-68b59976a384,99.99366,0.00074,0.00561,0.0,ShaoY_2019,GBR,Europe,yes,,,B01719_ba,21.0,,,,
b0bdd772-7ae6-11e9-a106-68b59976a384,0.0,0.0,0.0,0.0,ShaoY_2019,GBR,Europe,yes,,,B01719_ba,297.0,,,,
b0cbb25c-7ae6-11e9-a106-68b59976a384,0.0,0.0,0.0,0.0,ShaoY_2019,GBR,Europe,yes,,,B01725_ba,7.0,,,,
b0d90ca4-7ae6-11e9-a106-68b59976a384,1.94897,0.0,27.19206,70.85897,ShaoY_2019,GBR,Europe,yes,,,B01725_ba,300.0,,,,
b0e77c12-7ae6-11e9-a106-68b59976a384,2.85404,3.30696,1.64898,92.19002,ShaoY_2019,GBR,Europe,yes,,,B01729_ba,302.0,,,,
b0f76708-7ae6-11e9-a106-68b59976a384,100.0,0.0,0.0,0.0,ShaoY_2019,GBR,Europe,yes,,,B01729_ba,7.0,,,,
b1178916-7ae6-11e9-a106-68b59976a384,0.0,100.0,0.0,0.0,ShaoY_2019,GBR,Europe,yes,,,B01771_ba,7.0,,,,
b127ba66-7ae6-11e9-a106-68b59976a384,0.0,0.0,100.0,0.0,ShaoY_2019,GBR,Europe,yes,,,B01771_ba,4.0,,,,
b137c8ac-7ae6-11e9-a106-68b59976a384,61.97052,38.01745,0.0,0.01203,ShaoY_2019,GBR,Europe,yes,,,B01771_ba,298.0,,,,
b147bec4-7ae6-11e9-a106-68b59976a384,99.9964,0.0,0.0036,0.0,ShaoY_2019,GBR,Europe,yes,,,B01772_ba,21.0,,,,
b1585fcc-7ae6-11e9-a106-68b59976a384,0.0,0.0,0.0,0.0,ShaoY_2019,GBR,Europe,yes,,,B01772_ba,4.0,,,,
b1682d76-7ae6-11e9-a106-68b59976a384,100.0,0.0,0.0,0.0,ShaoY_2019,GBR,Europe,yes,,,B01772_ba,7.0,,,,
b187a458-7ae6-11e9-a106-68b59976a384,99.94204,0.0,0.05796,0.0,ShaoY_2019,GBR,Europe,yes,,,B01772_ba,285.0,,,,
b1975204-7ae6-11e9-a106-68b59976a384,30.23797,56.71102,13.0456,0.00541,ShaoY_2019,GBR,Europe,yes,,,B01773_ba,293.0,,,,
b1a6d83c-7ae6-11e9-a106-68b59976a384,44.13487,0.0,55.86513,0.0,ShaoY_2019,GBR,Europe,yes,,,B01773_ba,7.0,,,,
b1f894c4-7ae6-11e9-a106-68b59976a384,0.00436,0.0,99.99564,0.0,ShaoY_2019,GBR,Europe,yes,,,B01782_ba,4.0,,,,
b2091560-7ae6-11e9-a106-68b59976a384,0.0054,0.0,99.9946,0.0,ShaoY_2019,GBR,Europe,yes,,,B01782_ba,7.0,,,,
b2191d34-7ae6-11e9-a106-68b59976a384,0.0122,14.29434,85.69346,0.0,ShaoY_2019,GBR,Europe,yes,,,B01782_ba,21.0,,,,
b2293714-7ae6-11e9-a106-68b59976a384,5.74945,0.0,0.45425,93.7963,ShaoY_2019,GBR,Europe,yes,,,B01782_ba,288.0,,,,
b2682f64-7ae6-11e9-a106-68b59976a384,0.0,0.0,0.0,0.0,ShaoY_2019,GBR,Europe,yes,,,B01786_ba,7.0,,,,
b277bbbe-7ae6-11e9-a106-68b59976a384,19.4843,17.39504,13.10764,50.01301,ShaoY_2019,GBR,Europe,yes,,,B01786_ba,293.0,,,,
b2c787a2-7ae6-11e9-a106-68b59976a384,0.00712,0.0,99.99288,0.0,ShaoY_2019,GBR,Europe,yes,,,B01789_ba,7.0,,,,
b2d75538-7ae6-11e9-a106-68b59976a384,20.471,23.48027,54.13735,1.91138,ShaoY_2019,GBR,Europe,yes,,,B01789_ba,289.0,,,,
b2e703de-7ae6-11e9-a106-68b59976a384,24.67202,12.92468,62.3978,0.00551,ShaoY_2019,GBR,Europe,yes,,,B01791_ba,7.0,,,,
b2f7c098-7ae6-11e9-a106-68b59976a384,71.62358,27.90828,0.0,0.46814,ShaoY_2019,GBR,Europe,yes,,,B01791_ba,281.0,,,,
b3072e66-7ae6-11e9-a106-68b59976a384,37.74327,1.38558,60.87068,0.00047,ShaoY_2019,GBR,Europe,yes,,,B01791_ba,4.0,,,,
b316b2fa-7ae6-11e9-a106-68b59976a384,11.55243,23.27003,65.17003,0.00751,ShaoY_2019,GBR,Europe,yes,,,B01796_ba,287.0,,,,
b3267ec4-7ae6-11e9-a106-68b59976a384,0.0,0.0,0.0,0.0,ShaoY_2019,GBR,Europe,yes,,,B01796_ba,7.0,,,,
b3360768-7ae6-11e9-a106-68b59976a384,100.0,0.0,0.0,0.0,ShaoY_2019,GBR,Europe,yes,,,B01797_ba,4.0,,,,
b343858c-7ae6-11e9-a106-68b59976a384,17.99731,82.00161,0.00108,0.0,ShaoY_2019,GBR,Europe,yes,,,B01797_ba,21.0,,,,
b35271aa-7ae6-11e9-a106-68b59976a384,100.0,0.0,0.0,0.0,ShaoY_2019,GBR,Europe,yes,,,B01797_ba,7.0,,,,
b361edba-7ae6-11e9-a106-68b59976a384,40.53961,49.19912,0.0,10.26128,ShaoY_2019,GBR,Europe,yes,,,B01797_ba,284.0,,,,
b37157dc-7ae6-11e9-a106-68b59976a384,29.1804,49.99383,20.81711,0.00866,ShaoY_2019,GBR,Europe,yes,,,B01798_ba,4.0,,,,
b382aee2-7ae6-11e9-a106-68b59976a384,18.1631,58.93621,22.88225,0.01845,ShaoY_2019,GBR,Europe,yes,,,B01798_ba,280.0,,,,
b3923042-7ae6-11e9-a106-68b59976a384,11.05017,48.24885,7.11192,33.58907,ShaoY_2019,GBR,Europe,yes,,,B01799_ba,281.0,,,,
b3a1f7de-7ae6-11e9-a106-68b59976a384,58.09776,41.90224,0.0,0.0,ShaoY_2019,GBR,Europe,yes,,,B01799_ba,7.0,,,,
b3b1a422-7ae6-11e9-a106-68b59976a384,0.0,0.0,0.0,0.0,ShaoY_2019,GBR,Europe,yes,,,B01800_ba,4.0,,,,
b3c1d9e6-7ae6-11e9-a106-68b59976a384,0.0,0.0,0.0,0.0,ShaoY_2019,GBR,Europe,yes,,,B01800_ba,7.0,,,,
b3d13a8a-7ae6-11e9-a106-68b59976a384,100.0,0.0,0.0,0.0,ShaoY_2019,GBR,Europe,yes,,,B01800_ba,21.0,,,,
b3e1802a-7ae6-11e9-a106-68b59976a384,19.28785,0.0,80.65282,0.05933,ShaoY_2019,GBR,Europe,yes,,,B01813_ba,278.0,,,,
b3f12016-7ae6-11e9-a106-68b59976a384,100.0,0.0,0.0,0.0,ShaoY_2019,GBR,Europe,yes,,,B01813_ba,4.0,,,,
b400cbb0-7ae6-11e9-a106-68b59976a384,100.0,0.0,0.0,0.0,ShaoY_2019,GBR,Europe,yes,,,B01829_ba,21.0,,,,
b41013d6-7ae6-11e9-a106-68b59976a384,0.0,0.0,0.0,0.0,ShaoY_2019,GBR,Europe,yes,,,B01829_ba,4.0,,,,
b43b13e2-7ae6-11e9-a106-68b59976a384,0.0,0.0,0.0,0.0,ShaoY_2019,GBR,Europe,yes,,,B01829_ba,7.0,,,,
b454402e-7ae6-11e9-a106-68b59976a384,3.72007,77.73665,0.0,18.54328,ShaoY_2019,GBR,Europe,yes,,,B01829_ba,344.0,,,,
b49fb342-7ae6-11e9-a106-68b59976a384,38.43913,61.56087,0.0,0.0,ShaoY_2019,GBR,Europe,yes,,,B01847_ba,21.0,,,,
b4b973b8-7ae6-11e9-a106-68b59976a384,0.36536,99.63464,0.0,0.0,ShaoY_2019,GBR,Europe,yes,,,B01847_ba,4.0,,,,
b4cc91c8-7ae6-11e9-a106-68b59976a384,67.52039,32.47961,0.0,0.0,ShaoY_2019,GBR,Europe,yes,,,B01847_ba,7.0,,,,
b4d8faa8-7ae6-11e9-a106-68b59976a384,2.02346,20.99548,0.0,76.98106,ShaoY_2019,GBR,Europe,yes,,,B01847_ba,282.0,,,,
b4e56180-7ae6-11e9-a106-68b59976a384,0.0,0.0,100.0,0.0,ShaoY_2019,GBR,Europe,yes,,,B01848_ba,7.0,,,,
b4f2c7a8-7ae6-11e9-a106-68b59976a384,8.85517,16.70369,0.67601,73.76512,ShaoY_2019,GBR,Europe,yes,,,B01848_ba,308.0,,,,
b501148e-7ae6-11e9-a106-68b59976a384,0.00926,13.22312,86.76762,0.0,ShaoY_2019,GBR,Europe,yes,,,B01851_ba,7.0,,,,
b50f7236-7ae6-11e9-a106-68b59976a384,26.5629,22.51932,50.83478,0.08299,ShaoY_2019,GBR,Europe,yes,,,B01851_ba,273.0,,,,
b51f81a8-7ae6-11e9-a106-68b59976a384,0.0,0.0,0.0,0.0,ShaoY_2019,GBR,Europe,yes,,,B01890_ba,21.0,,,,
b52f89fe-7ae6-11e9-a106-68b59976a384,0.0,0.0,0.0,0.0,ShaoY_2019,GBR,Europe,yes,,,B01890_ba,7.0,,,,
b53fabfe-7ae6-11e9-a106-68b59976a384,3.13482,0.0,1.57532,95.28985,ShaoY_2019,GBR,Europe,yes,,,B01890_ba,233.0,,,,
b5503334-7ae6-11e9-a106-68b59976a384,0.0,0.0,0.0,0.0,ShaoY_2019,GBR,Europe,yes,,,B01891_ba,4.0,,,,
b5739b08-7ae6-11e9-a106-68b59976a384,0.0,0.0,0.0,0.0,ShaoY_2019,GBR,Europe,yes,,,B01891_ba,21.0,,,,
b583a872-7ae6-11e9-a106-68b59976a384,0.0,0.0,0.0,0.0,ShaoY_2019,GBR,Europe,yes,,,B01892_ba,4.0,,,,
b593e804-7ae6-11e9-a106-68b59976a384,0.0,0.0,0.0,0.0,ShaoY_2019,GBR,Europe,yes,,,B01892_ba,7.0,,,,
b5a3e178-7ae6-11e9-a106-68b59976a384,35.13261,52.03148,12.83591,0.0,ShaoY_2019,GBR,Europe,yes,,,B01892_ba,269.0,,,,
b5f658ae-7ae6-11e9-a106-68b59976a384,0.20129,0.01433,99.78438,0.0,ShaoY_2019,GBR,Europe,yes,,,B01944_ba,7.0,,,,
b60fe738-7ae6-11e9-a106-68b59976a384,1.21474,27.59256,3.86455,67.32815,ShaoY_2019,GBR,Europe,yes,,,B01944_ba,268.0,,,,
b62950ba-7ae6-11e9-a106-68b59976a384,0.0,0.0,0.0,0.0,ShaoY_2019,GBR,Europe,yes,,,B01947_ba,7.0,,,,
b65c1d38-7ae6-11e9-a106-68b59976a384,99.99702,0.0,0.00298,0.0,ShaoY_2019,GBR,Europe,yes,,,B01948_ba,7.0,,,,
b68eb586-7ae6-11e9-a106-68b59976a384,63.50928,36.49072,0.0,0.0,ShaoY_2019,GBR,Europe,yes,,,B01948_ba,264.0,,,,
b6a868b4-7ae6-11e9-a106-68b59976a384,0.0,0.0,0.0,0.0,ShaoY_2019,GBR,Europe,yes,,,B01954_ba,21.0,,,,
b6c13646-7ae6-11e9-a106-68b59976a384,0.0,0.0,0.0,0.0,ShaoY_2019,GBR,Europe,yes,,,B01954_ba,4.0,,,,
b6da0202-7ae6-11e9-a106-68b59976a384,0.0,0.0,0.0,0.0,ShaoY_2019,GBR,Europe,yes,,,B01954_ba,7.0,,,,
b6f2dbce-7ae6-11e9-a106-68b59976a384,33.54226,44.08748,22.37026,0.0,ShaoY_2019,GBR,Europe,yes,,,B01954_ba,320.0,,,,
b70b9cd6-7ae6-11e9-a106-68b59976a384,0.02228,11.1757,88.80202,0.0,ShaoY_2019,GBR,Europe,yes,,,B01956_ba,21.0,,,,
b7250c48-7ae6-11e9-a106-68b59976a384,40.85647,17.6175,41.52602,0.0,ShaoY_2019,GBR,Europe,yes,,,B01956_ba,4.0,,,,
b73e39e8-7ae6-11e9-a106-68b59976a384,0.18709,9.00419,90.80873,0.0,ShaoY_2019,GBR,Europe,yes,,,B01956_ba,7.0,,,,
b759ce24-7ae6-11e9-a106-68b59976a384,53.90251,36.74681,9.33958,0.0111,ShaoY_2019,GBR,Europe,yes,,,B01956_ba,266.0,,,,
b772af0c-7ae6-11e9-a106-68b59976a384,19.846,80.154,0.0,0.0,ShaoY_2019,GBR,Europe,yes,,,B02002_ba,281.0,,,,
b78b38ce-7ae6-11e9-a106-68b59976a384,0.0,0.0,0.0,0.0,ShaoY_2019,GBR,Europe,yes,,,B02002_ba,7.0,,,,
b7a3f80a-7ae6-11e9-a106-68b59976a384,1.08089,0.0,98.91911,0.0,ShaoY_2019,GBR,Europe,yes,,,B02005_ba,21.0,,,,
b7bd9dbe-7ae6-11e9-a106-68b59976a384,0.0,0.0,0.0,0.0,ShaoY_2019,GBR,Europe,yes,,,B02005_ba,4.0,,,,
b7d73256-7ae6-11e9-a106-68b59976a384,0.03066,0.0,99.96934,0.0,ShaoY_2019,GBR,Europe,yes,,,B02005_ba,7.0,,,,
b80ba144-7ae6-11e9-a106-68b59976a384,23.26562,12.84239,0.0,63.892,ShaoY_2019,GBR,Europe,yes,,,B02029_ba,261.0,,,,
b825961c-7ae6-11e9-a106-68b59976a384,0.0,0.0,0.0,0.0,ShaoY_2019,GBR,Europe,yes,,,B02029_ba,7.0,,,,
b83f55ca-7ae6-11e9-a106-68b59976a384,3.06346,31.59724,40.0451,25.2942,ShaoY_2019,GBR,Europe,yes,,,B02069_ba,257.0,,,,
b8666976-7ae6-11e9-a106-68b59976a384,0.0,0.0,0.0,0.0,ShaoY_2019,GBR,Europe,yes,,,B02069_ba,7.0,,,,
b87f4392-7ae6-11e9-a106-68b59976a384,60.58539,24.06015,15.35368,0.00078,ShaoY_2019,GBR,Europe,yes,,,B02075_ba,7.0,,,,
b9169706-7ae6-11e9-a106-68b59976a384,0.0,0.0,0.0,0.0,ShaoY_2019,GBR,Europe,yes,,,B02103_ba,21.0,,,,
b92ee45a-7ae6-11e9-a106-68b59976a384,99.99459,0.0,0.0,0.00541,ShaoY_2019,GBR,Europe,yes,,,B02103_ba,231.0,,,,
b9484be8-7ae6-11e9-a106-68b59976a384,0.0,0.0,0.0,0.0,ShaoY_2019,GBR,Europe,yes,,,B02106_ba,7.0,,,,
b9607538-7ae6-11e9-a106-68b59976a384,100.0,0.0,0.0,0.0,ShaoY_2019,GBR,Europe,yes,,,B02106_ba,21.0,,,,
b979469e-7ae6-11e9-a106-68b59976a384,0.0,0.0,0.0,0.0,ShaoY_2019,GBR,Europe,yes,,,B02106_ba,4.0,,,,
b993f412-7ae6-11e9-a106-68b59976a384,8.54108,91.44092,0.0161,0.00191,ShaoY_2019,GBR,Europe,yes,,,B02106_ba,230.0,,,,
b9acc05a-7ae6-11e9-a106-68b59976a384,0.0,0.0,0.0,0.0,ShaoY_2019,GBR,Europe,yes,,,B02109_ba,21.0,,,,
b9c58fd6-7ae6-11e9-a106-68b59976a384,0.0,0.0,0.0,0.0,ShaoY_2019,GBR,Europe,yes,,,B02109_ba,4.0,,,,
b9de2eec-7ae6-11e9-a106-68b59976a384,0.0,0.0,0.0,0.0,ShaoY_2019,GBR,Europe,yes,,,B02109_ba,7.0,,,,
b9f6e5c2-7ae6-11e9-a106-68b59976a384,100.0,0.0,0.0,0.0,ShaoY_2019,GBR,Europe,yes,,,B02118_ba,21.0,,,,
ba0fb9d0-7ae6-11e9-a106-68b59976a384,100.0,0.0,0.0,0.0,ShaoY_2019,GBR,Europe,yes,,,B02118_ba,4.0,,,,
ba29afb6-7ae6-11e9-a106-68b59976a384,100.0,0.0,0.0,0.0,ShaoY_2019,GBR,Europe,yes,,,B02118_ba,7.0,,,,
ba42de82-7ae6-11e9-a106-68b59976a384,1.52008,0.0,0.00136,98.47857,ShaoY_2019,GBR,Europe,yes,,,B02118_ba,230.0,,,,
bac71bf2-7ae6-11e9-a106-68b59976a384,0.0,0.0,0.0,0.0,ShaoY_2019,GBR,Europe,yes,,,B02153_ba,21.0,,,,
bad37f14-7ae6-11e9-a106-68b59976a384,4.74391,25.20613,9.36339,60.68656,ShaoY_2019,GBR,Europe,yes,,,B02153_ba,223.0,,,,
badfe79a-7ae6-11e9-a106-68b59976a384,0.0,0.0,0.0,0.0,ShaoY_2019,GBR,Europe,yes,,,B02156_ba,21.0,,,,
baed87d8-7ae6-11e9-a106-68b59976a384,0.0,0.0,0.0,0.0,ShaoY_2019,GBR,Europe,yes,,,B02156_ba,4.0,,,,
bafbc302-7ae6-11e9-a106-68b59976a384,0.0,0.0,0.0,0.0,ShaoY_2019,GBR,Europe,yes,,,B02156_ba,7.0,,,,
bb0acdc0-7ae6-11e9-a106-68b59976a384,2.09122,0.0,0.0,97.90878,ShaoY_2019,GBR,Europe,yes,,,B02156_ba,224.0,,,,
bb5eeed2-7ae6-11e9-a106-68b59976a384,0.0,100.0,0.0,0.0,ShaoY_2019,GBR,Europe,yes,,,B02165_ba,7.0,,,,
bb750366-7ae6-11e9-a106-68b59976a384,0.0,100.0,0.0,0.0,ShaoY_2019,GBR,Europe,yes,,,B02165_ba,21.0,,,,
bb8a011c-7ae6-11e9-a106-68b59976a384,1.98495,19.80463,0.65887,77.55154,ShaoY_2019,GBR,Europe,yes,,,B02165_ba,223.0,,,,
bb9dfec4-7ae6-11e9-a106-68b59976a384,100.0,0.0,0.0,0.0,ShaoY_2019,GBR,Europe,yes,,,B02166_ba,21.0,,,,
bbb17544-7ae6-11e9-a106-68b59976a384,0.0,0.0,0.0,0.0,ShaoY_2019,GBR,Europe,yes,,,B02166_ba,7.0,,,,
bbca2a30-7ae6-11e9-a106-68b59976a384,59.87472,40.11131,0.0,0.01397,ShaoY_2019,GBR,Europe,yes,,,B02166_ba,223.0,,,,
bbe5c998-7ae6-11e9-a106-68b59976a384,58.58872,41.41128,0.0,0.0,ShaoY_2019,GBR,Europe,yes,,,B02200_ba,7.0,,,,
bc015686-7ae6-11e9-a106-68b59976a384,33.81529,66.16764,0.0,0.01707,ShaoY_2019,GBR,Europe,yes,,,B02200_ba,201.0,,,,
bc164b4a-7ae6-11e9-a106-68b59976a384,0.0,0.0,0.0,0.0,ShaoY_2019,GBR,Europe,yes,,,B02209_ba,4.0,,,,
bc36828e-7ae6-11e9-a106-68b59976a384,0.0,0.0,0.0,0.0,ShaoY_2019,GBR,Europe,yes,,,B02209_ba,7.0,,,,
bc50fd58-7ae6-11e9-a106-68b59976a384,0.00532,0.0,99.99468,0.0,ShaoY_2019,GBR,Europe,yes,,,B02209_ba,21.0,,,,
bc6d8612-7ae6-11e9-a106-68b59976a384,28.38849,0.0,71.61151,0.0,ShaoY_2019,GBR,Europe,yes,,,B02211_ba,4.0,,,,
bc8d87a0-7ae6-11e9-a106-68b59976a384,37.73191,0.0,62.26162,0.00647,ShaoY_2019,GBR,Europe,yes,,,B02211_ba,7.0,,,,
bd7f94aa-7ae6-11e9-a106-68b59976a384,0.30923,0.30966,99.38111,0.0,ShaoY_2019,GBR,Europe,yes,,,B02243_ba,7.0,,,,
bd927b56-7ae6-11e9-a106-68b59976a384,9.93113,19.22554,70.82611,0.01722,ShaoY_2019,GBR,Europe,yes,,,B02243_ba,217.0,,,,
bda4d6ca-7ae6-11e9-a106-68b59976a384,0.0,100.0,0.0,0.0,ShaoY_2019,GBR,Europe,yes,,,B02247_ba,4.0,,,,
bdb70548-7ae6-11e9-a106-68b59976a384,0.0,0.0,0.0,0.0,ShaoY_2019,GBR,Europe,yes,,,B02247_ba,7.0,,,,
bdc90a54-7ae6-11e9-a106-68b59976a384,100.0,0.0,0.0,0.0,ShaoY_2019,GBR,Europe,yes,,,B02247_ba,21.0,,,,
bddbbeba-7ae6-11e9-a106-68b59976a384,0.62791,0.0133,87.15388,12.20491,ShaoY_2019,GBR,Europe,yes,,,B02247_ba,219.0,,,,
bdee828e-7ae6-11e9-a106-68b59976a384,0.0,0.0,0.0,0.0,ShaoY_2019,GBR,Europe,yes,,,B02248_ba,7.0,,,,
bdfef8c6-7ae6-11e9-a106-68b59976a384,0.0,0.0,0.0,0.0,ShaoY_2019,GBR,Europe,yes,,,B02248_ba,21.0,,,,
be0fba1c-7ae6-11e9-a106-68b59976a384,0.0,0.0,0.0,0.0,ShaoY_2019,GBR,Europe,yes,,,B02248_ba,4.0,,,,
be1f9202-7ae6-11e9-a106-68b59976a384,36.53014,17.06052,46.40872,0.00062,ShaoY_2019,GBR,Europe,yes,,,B02248_ba,212.0,,,,
be6fe810-7ae6-11e9-a106-68b59976a384,0.0,0.0,0.0,0.0,ShaoY_2019,GBR,Europe,yes,,,B02254_ba,7.0,,,,
be8023f6-7ae6-11e9-a106-68b59976a384,7.12203,7.63224,7.51103,77.7347,ShaoY_2019,GBR,Europe,yes,,,B02254_ba,234.0,,,,
be90297c-7ae6-11e9-a106-68b59976a384,0.0,0.0,0.0,0.0,ShaoY_2019,GBR,Europe,yes,,,B02255_ba,4.0,,,,
bec1ef02-7ae6-11e9-a106-68b59976a384,0.0,0.0,0.0,0.0,ShaoY_2019,GBR,Europe,yes,,,B02255_ba,212.0,,,,
bf11083a-7ae6-11e9-a106-68b59976a384,53.93803,46.06197,0.0,0.0,ShaoY_2019,GBR,Europe,yes,,,B02258_ba,4.0,,,,
bf41d99c-7ae6-11e9-a106-68b59976a384,0.2838,0.05922,99.65699,0.0,ShaoY_2019,GBR,Europe,yes,,,B02258_ba,212.0,,,,
bf81ab8a-7ae6-11e9-a106-68b59976a384,0.0,0.0,0.0,0.0,ShaoY_2019,GBR,Europe,yes,,,B02270_ba,4.0,,,,
c01faec0-7ae6-11e9-a106-68b59976a384,2.01513,0.0,0.13201,97.85286,ShaoY_2019,GBR,Europe,yes,,,B02273_ba,204.0,,,,
c039335e-7ae6-11e9-a106-68b59976a384,0.0,0.0,100.0,0.0,ShaoY_2019,GBR,Europe,yes,,,B02274_ba,7.0,,,,
c0528962-7ae6-11e9-a106-68b59976a384,20.30381,59.01373,20.68246,0.0,ShaoY_2019,GBR,Europe,yes,,,B02274_ba,289.0,,,,
c06bbd56-7ae6-11e9-a106-68b59976a384,99.99177,0.0,0.00823,0.0,ShaoY_2019,GBR,Europe,yes,,,B02286_ba,4.0,,,,
c0e87fa8-7ae6-11e9-a106-68b59976a384,0.05997,0.0,99.94003,0.0,ShaoY_2019,GBR,Europe,yes,,,B02306_ba,7.0,,,,
c103b692-7ae6-11e9-a106-68b59976a384,1.35557,0.00247,1.6187,97.02326,ShaoY_2019,GBR,Europe,yes,,,B02306_ba,184.0,,,,
c1565992-7ae6-11e9-a106-68b59976a384,8.807,0.0,9.51411,81.6789,ShaoY_2019,GBR,Europe,yes,,,B02313_ba,205.0,,,,
c172023c-7ae6-11e9-a106-68b59976a384,0.0,0.0,100.0,0.0,ShaoY_2019,GBR,Europe,yes,,,B02315_ba,4.0,,,,
c1936fe4-7ae6-11e9-a106-68b59976a384,0.21025,0.0,99.78975,0.0,ShaoY_2019,GBR,Europe,yes,,,B02315_ba,7.0,,,,
c1f80c88-7ae6-11e9-a106-68b59976a384,34.75353,65.24647,0.0,0.0,ShaoY_2019,GBR,Europe,yes,,,B02316_ba,209.0,,,,
c2120872-7ae6-11e9-a106-68b59976a384,100.0,0.0,0.0,0.0,ShaoY_2019,GBR,Europe,yes,,,B02317_ba,4.0,,,,
c22ef25c-7ae6-11e9-a106-68b59976a384,100.0,0.0,0.0,0.0,ShaoY_2019,GBR,Europe,yes,,,B02317_ba,21.0,,,,
c24895c2-7ae6-11e9-a106-68b59976a384,100.0,0.0,0.0,0.0,ShaoY_2019,GBR,Europe,yes,,,B02317_ba,7.0,,,,
c262288e-7ae6-11e9-a106-68b59976a384,2.53476,0.0,0.00416,97.46108,ShaoY_2019,GBR,Europe,yes,,,B02317_ba,205.0,,,,
c2c985f6-7ae6-11e9-a106-68b59976a384,4.61832,0.0,0.0,95.38168,ShaoY_2019,GBR,Europe,yes,,,B02320_ba,204.0,,,,
c31941b8-7ae6-11e9-a106-68b59976a384,0.0,0.0,0.0,0.0,ShaoY_2019,GBR,Europe,yes,,,B02326_ba,7.0,,,,
c333923e-7ae6-11e9-a106-68b59976a384,0.0,0.0,0.0,0.0,ShaoY_2019,GBR,Europe,yes,,,B02326_ba,21.0,,,,
c34c8686-7ae6-11e9-a106-68b59976a384,0.0,0.0,0.0,0.0,ShaoY_2019,GBR,Europe,yes,,,B02326_ba,4.0,,,,
c365fe9a-7ae6-11e9-a106-68b59976a384,26.02893,0.0,0.0,73.97107,ShaoY_2019,GBR,Europe,yes,,,B02326_ba,203.0,,,,
c3803fda-7ae6-11e9-a106-68b59976a384,85.47447,0.0,14.52527,0.00027,ShaoY_2019,GBR,Europe,yes,,,B02329_ba,7.0,,,,
c39c501c-7ae6-11e9-a106-68b59976a384,15.68949,39.55413,44.7547,0.00168,ShaoY_2019,GBR,Europe,yes,,,B02329_ba,202.0,,,,
c3b46af8-7ae6-11e9-a106-68b59976a384,99.81257,0.18743,0.0,0.0,ShaoY_2019,GBR,Europe,yes,,,B02358_ba,7.0,,,,
c3e63c9a-7ae6-11e9-a106-68b59976a384,99.17999,0.82001,0.0,0.0,ShaoY_2019,GBR,Europe,yes,,,B02358_ba,4.0,,,,
c3ff897a-7ae6-11e9-a106-68b59976a384,5.49692,92.96456,0.0,1.53853,ShaoY_2019,GBR,Europe,yes,,,B02358_ba,195.0,,,,
c432baca-7ae6-11e9-a106-68b59976a384,1.58049,9.77148,3.91625,84.73177,ShaoY_2019,GBR,Europe,yes,,,B02363_ba,197.0,,,,
c44f21b0-7ae6-11e9-a106-68b59976a384,0.048,0.0,99.952,0.0,ShaoY_2019,GBR,Europe,yes,,,B02369_ba,7.0,,,,
c468b008-7ae6-11e9-a106-68b59976a384,6.18819,0.0,1.18,92.63181,ShaoY_2019,GBR,Europe,yes,,,B02369_ba,197.0,,,,
c482a6fc-7ae6-11e9-a106-68b59976a384,0.0,0.0,100.0,0.0,ShaoY_2019,GBR,Europe,yes,,,B02382_ba,7.0,,,,
c4b689ea-7ae6-11e9-a106-68b59976a384,9.41701,0.0,6.63519,83.9478,ShaoY_2019,GBR,Europe,yes,,,B02382_ba,209.0,,,,
c50d5194-7ae6-11e9-a106-68b59976a384,99.88515,0.0,0.0,0.11485,ShaoY_2019,GBR,Europe,yes,,,B02403_ba,196.0,,,,
c54efc52-7ae6-11e9-a106-68b59976a384,0.00758,0.0,99.99242,0.0,ShaoY_2019,GBR,Europe,yes,,,B02416_ba,7.0,,,,
c57d5f2a-7ae6-11e9-a106-68b59976a384,13.02228,23.58602,63.38964,0.00206,ShaoY_2019,GBR,Europe,yes,,,B02416_ba,185.0,,,,
c596de50-7ae6-11e9-a106-68b59976a384,60.35357,39.62006,0.01397,0.0124,ShaoY_2019,GBR,Europe,yes,,,B02429_ba,190.0,,,,
c5b09264-7ae6-11e9-a106-68b59976a384,48.12993,51.8658,0.00427,0.0,ShaoY_2019,GBR,Europe,yes,,,B02429_ba,7.0,,,,
c5cac36e-7ae6-11e9-a106-68b59976a384,2.093,0.0,75.68827,22.21873,ShaoY_2019,GBR,Europe,yes,,,B02447_ba,7.0,,,,
c5e4135a-7ae6-11e9-a106-68b59976a384,3.75551,9.78493,2.03089,84.42867,ShaoY_2019,GBR,Europe,yes,,,B02447_ba,171.0,,,,
c5fd62e2-7ae6-11e9-a106-68b59976a384,78.02593,21.97407,0.0,0.0,ShaoY_2019,GBR,Europe,yes,,,B02448_ba,7.0,,,,
c6167426-7ae6-11e9-a106-68b59976a384,71.62142,28.3673,0.0,0.01127,ShaoY_2019,GBR,Europe,yes,,,B02448_ba,276.0,,,,
c630c79a-7ae6-11e9-a106-68b59976a384,100.0,0.0,0.0,0.0,ShaoY_2019,GBR,Europe,yes,,,B02450_ba,7.0,,,,
c64a2eba-7ae6-11e9-a106-68b59976a384,72.36514,0.0,5.46425,22.17061,ShaoY_2019,GBR,Europe,yes,,,B02450_ba,185.0,,,,
c6640d30-7ae6-11e9-a106-68b59976a384,4.3046,0.0,0.0,95.6954,ShaoY_2019,GBR,Europe,yes,,,B02457_ba,21.0,,,,
c681104c-7ae6-11e9-a106-68b59976a384,16.11651,9.28332,0.00544,74.59474,ShaoY_2019,GBR,Europe,yes,,,B02457_ba,181.0,,,,
c69aee0e-7ae6-11e9-a106-68b59976a384,0.0,0.0,0.0,0.0,ShaoY_2019,GBR,Europe,yes,,,B02458_ba,21.0,,,,
c6b49368-7ae6-11e9-a106-68b59976a384,0.0,0.0,0.0,0.0,ShaoY_2019,GBR,Europe,yes,,,B02458_ba,7.0,,,,
c6e7f7d0-7ae6-11e9-a106-68b59976a384,8.36288,27.43573,3.80344,60.39795,ShaoY_2019,GBR,Europe,yes,,,B02486_ba,182.0,,,,
c704252c-7ae6-11e9-a106-68b59976a384,49.88136,50.11864,0.0,0.0,ShaoY_2019,GBR,Europe,yes,,,B02486_ba,7.0,,,,
c71de82c-7ae6-11e9-a106-68b59976a384,100.0,0.0,0.0,0.0,ShaoY_2019,GBR,Europe,yes,,,B02493_ba,7.0,,,,
c737992a-7ae6-11e9-a106-68b59976a384,5.65201,75.79349,18.5521,0.0024,ShaoY_2019,GBR,Europe,yes,,,B02493_ba,183.0,,,,
c750d0ca-7ae6-11e9-a106-68b59976a384,0.00615,0.0,99.99385,0.0,ShaoY_2019,GBR,Europe,yes,,,B02511_ba,7.0,,,,
c7695802-7ae6-11e9-a106-68b59976a384,32.6264,15.24148,52.12508,0.00704,ShaoY_2019,GBR,Europe,yes,,,B02511_ba,179.0,,,,
c78237fa-7ae6-11e9-a106-68b59976a384,78.74946,0.74197,20.50027,0.00831,ShaoY_2019,GBR,Europe,yes,,,B02528_ba,220.0,,,,
c79bb73e-7ae6-11e9-a106-68b59976a384,65.96252,0.0,34.03748,0.0,ShaoY_2019,GBR,Europe,yes,,,B02528_ba,7.0,,,,
c7b4ab04-7ae6-11e9-a106-68b59976a384,0.0,0.0,0.0,0.0,ShaoY_2019,GBR,Europe,yes,,,B02540_ba,4.0,,,,
c7cd7b20-7ae6-11e9-a106-68b59976a384,99.99788,0.0,0.0,0.00212,ShaoY_2019,GBR,Europe,yes,,,B02540_ba,21.0,,,,
c7e61c98-7ae6-11e9-a106-68b59976a384,0.0,0.0,0.0,0.0,ShaoY_2019,GBR,Europe,yes,,,B02540_ba,7.0,,,,
c864f284-7ae6-11e9-a106-68b59976a384,0.0,0.0,0.0,0.0,ShaoY_2019,GBR,Europe,yes,,,B02562_ba,7.0,,,,
c87fa214-7ae6-11e9-a106-68b59976a384,44.70032,55.28242,0.00102,0.01624,ShaoY_2019,GBR,Europe,yes,,,B02562_ba,219.0,,,,
c8e70e72-7ae6-11e9-a106-68b59976a384,93.93336,6.04801,0.0,0.01863,ShaoY_2019,GBR,Europe,yes,,,B02607_ba,7.0,,,,
c9015a84-7ae6-11e9-a106-68b59976a384,16.61174,19.6779,2.05187,61.65849,ShaoY_2019,GBR,Europe,yes,,,B02607_ba,217.0,,,,
c91b473c-7ae6-11e9-a106-68b59976a384,100.0,0.0,0.0,0.0,ShaoY_2019,GBR,Europe,yes,,,B02610_ba,7.0,,,,
c935d016-7ae6-11e9-a106-68b59976a384,30.76757,25.02476,40.95527,3.25239,ShaoY_2019,GBR,Europe,yes,,,B02610_ba,215.0,,,,
c954bfc6-7ae6-11e9-a106-68b59976a384,0.0,0.0,0.0,0.0,ShaoY_2019,GBR,Europe,yes,,,B02613_ba,7.0,,,,
c96e2420-7ae6-11e9-a106-68b59976a384,46.0495,53.93929,0.00442,0.00678,ShaoY_2019,GBR,Europe,yes,,,B02613_ba,210.0,,,,
c986dbaa-7ae6-11e9-a106-68b59976a384,70.46606,0.0,2.32038,27.21357,ShaoY_2019,GBR,Europe,yes,,,B02618_ba,214.0,,,,
c99fbd82-7ae6-11e9-a106-68b59976a384,0.0,0.0,100.0,0.0,ShaoY_2019,GBR,Europe,yes,,,B02618_ba,7.0,,,,
ca0ce93e-7ae6-11e9-a106-68b59976a384,2.4409,12.4485,2.16771,82.94289,ShaoY_2019,GBR,Europe,yes,,,B02639_ba,216.0,,,,
ca263c7c-7ae6-11e9-a106-68b59976a384,1.0305,25.43615,0.0,73.53336,ShaoY_2019,GBR,Europe,yes,,,B02657_ba,209.0,,,,
ca3f28fe-7ae6-11e9-a106-68b59976a384,0.0,100.0,0.0,0.0,ShaoY_2019,GBR,Europe,yes,,,B02657_ba,7.0,,,,
ca5c8fca-7ae6-11e9-a106-68b59976a384,0.01622,0.0,99.98378,0.0,ShaoY_2019,GBR,Europe,yes,,,B02669_ba,7.0,,,,
ca6cbd8c-7ae6-11e9-a106-68b59976a384,10.70219,0.0,24.72508,64.57273,ShaoY_2019,GBR,Europe,yes,,,B02669_ba,210.0,,,,
ca7d62f4-7ae6-11e9-a106-68b59976a384,100.0,0.0,0.0,0.0,ShaoY_2019,GBR,Europe,yes,,,B02685_ba,7.0,,,,
ca8e9cd6-7ae6-11e9-a106-68b59976a384,0.0,0.0,0.0,0.0,ShaoY_2019,GBR,Europe,yes,,,B02685_ba,211.0,,,,
ca9bf638-7ae6-11e9-a106-68b59976a384,8.221,32.42983,59.34031,0.00886,ShaoY_2019,GBR,Europe,yes,,,B02693_ba,215.0,,,,
caabbb68-7ae6-11e9-a106-68b59976a384,100.0,0.0,0.0,0.0,ShaoY_2019,GBR,Europe,yes,,,B02693_ba,7.0,,,,
cabb42c2-7ae6-11e9-a106-68b59976a384,18.1981,0.20095,81.56709,0.03386,ShaoY_2019,GBR,Europe,yes,,,B02697_ba,215.0,,,,
cacbc7fa-7ae6-11e9-a106-68b59976a384,6.2384,0.0,93.7601,0.00151,ShaoY_2019,GBR,Europe,yes,,,B02697_ba,7.0,,,,
cadb67be-7ae6-11e9-a106-68b59976a384,0.0,0.0,0.0,0.0,ShaoY_2019,GBR,Europe,yes,,,B02698_ba,7.0,,,,
caeb9dfa-7ae6-11e9-a106-68b59976a384,27.34051,8.49465,0.88546,63.27938,ShaoY_2019,GBR,Europe,yes,,,B02698_ba,210.0,,,,
cb1d35ea-7ae6-11e9-a106-68b59976a384,3.60601,18.15999,1.93675,76.29724,ShaoY_2019,GBR,Europe,yes,,,B02712_ba,212.0,,,,
cb2d6640-7ae6-11e9-a106-68b59976a384,0.0,0.0,100.0,0.0,ShaoY_2019,GBR,Europe,yes,,,B02712_ba,7.0,,,,
cba85058-7ae6-11e9-a106-68b59976a384,0.0,0.0,0.0,0.0,ShaoY_2019,GBR,Europe,yes,,,B02722_ba,7.0,,,,
cbbfcf6c-7ae6-11e9-a106-68b59976a384,0.0,0.0,0.0,0.0,ShaoY_2019,GBR,Europe,yes,,,B02722_ba,21.0,,,,
cbd006ca-7ae6-11e9-a106-68b59976a384,0.0,0.0,0.0,0.0,ShaoY_2019,GBR,Europe,yes,,,B02722_ba,4.0,,,,
cbe9eac2-7ae6-11e9-a106-68b59976a384,2.94713,0.0,0.90504,96.14783,ShaoY_2019,GBR,Europe,yes,,,B02722_ba,207.0,,,,
cbff3a58-7ae6-11e9-a106-68b59976a384,1.82312,29.58217,68.59472,0.0,ShaoY_2019,GBR,Europe,yes,,,B02724_ba,21.0,,,,
cc1236f8-7ae6-11e9-a106-68b59976a384,23.85953,22.35513,53.78452,0.00081,ShaoY_2019,GBR,Europe,yes,,,B02724_ba,4.0,,,,
cc2f310e-7ae6-11e9-a106-68b59976a384,15.04464,7.19626,77.7564,0.0027,ShaoY_2019,GBR,Europe,yes,,,B02724_ba,7.0,,,,
cc48846a-7ae6-11e9-a106-68b59976a384,14.89152,34.55156,50.55238,0.00455,ShaoY_2019,GBR,Europe,yes,,,B02724_ba,232.0,,,,
cc625f3e-7ae6-11e9-a106-68b59976a384,81.66226,18.33715,0.00058,0.0,ShaoY_2019,GBR,Europe,yes,,,B02739_ba,7.0,,,,
cc7b0cfa-7ae6-11e9-a106-68b59976a384,29.58447,43.30654,0.00145,27.10754,ShaoY_2019,GBR,Europe,yes,,,B02739_ba,210.0,,,,
cc93f81e-7ae6-11e9-a106-68b59976a384,1.59161,52.98956,45.41837,0.00047,ShaoY_2019,GBR,Europe,yes,,,B02741_ba,7.0,,,,
ccac97d4-7ae6-11e9-a106-68b59976a384,0.02489,59.50667,40.46756,0.00089,ShaoY_2019,GBR,Europe,yes,,,B02741_ba,207.0,,,,
ccdf4e18-7ae6-11e9-a106-68b59976a384,2.63592,7.48808,1.1997,88.6763,ShaoY_2019,GBR,Europe,yes,,,B02752_ba,206.0,,,,
ccf94ec6-7ae6-11e9-a106-68b59976a384,0.0,0.0,0.0,0.0,ShaoY_2019,GBR,Europe,yes,,,B02765_ba,7.0,,,,
cd11c4d8-7ae6-11e9-a106-68b59976a384,1.52938,0.0,0.35473,98.11589,ShaoY_2019,GBR,Europe,yes,,,B02765_ba,206.0,,,,
cd2a6902-7ae6-11e9-a106-68b59976a384,36.79906,0.0,63.20094,0.0,ShaoY_2019,GBR,Europe,yes,,,B02779_ba,7.0,,,,
cd4218c2-7ae6-11e9-a106-68b59976a384,38.0226,38.7842,23.1932,0.0,ShaoY_2019,GBR,Europe,yes,,,B02779_ba,191.0,,,,
cd5b16c4-7ae6-11e9-a106-68b59976a384,0.0,0.0,0.0,0.0,ShaoY_2019,GBR,Europe,yes,,,B02780_ba,7.0,,,,
cd74a670-7ae6-11e9-a106-68b59976a384,0.0,100.0,0.0,0.0,ShaoY_2019,GBR,Europe,yes,,,B02780_ba,206.0,,,,
cdc2d71e-7ae6-11e9-a106-68b59976a384,0.92426,99.07574,0.0,0.0,ShaoY_2019,GBR,Europe,yes,,,B02813_ba,7.0,,,,
cddc9bc2-7ae6-11e9-a106-68b59976a384,0.01058,0.0,99.98942,0.0,ShaoY_2019,GBR,Europe,yes,,,B02813_ba,208.0,,,,
cdf5a0e0-7ae6-11e9-a106-68b59976a384,3.15072,0.0,96.84557,0.00371,ShaoY_2019,GBR,Europe,yes,,,B02816_ba,7.0,,,,
ce0f26d2-7ae6-11e9-a106-68b59976a384,1.7454,0.0,7.92526,90.32934,ShaoY_2019,GBR,Europe,yes,,,B02816_ba,206.0,,,,
ce41bd7c-7ae6-11e9-a106-68b59976a384,2.32616,0.0,9.70952,87.96432,ShaoY_2019,GBR,Europe,yes,,,B02817_ba,197.0,,,,
cec30ecc-7ae6-11e9-a106-68b59976a384,0.0,0.0,0.0,0.0,ShaoY_2019,GBR,Europe,yes,,,B02834_ba,7.0,,,,
cee0cbb0-7ae6-11e9-a106-68b59976a384,100.0,0.0,0.0,0.0,ShaoY_2019,GBR,Europe,yes,,,B02834_ba,196.0,,,,
cefa0c74-7ae6-11e9-a106-68b59976a384,0.0,0.0,0.0,0.0,ShaoY_2019,GBR,Europe,yes,,,B02841_ba,7.0,,,,
cf1326c8-7ae6-11e9-a106-68b59976a384,0.0,0.0,0.0,100.0,ShaoY_2019,GBR,Europe,yes,,,B02841_ba,204.0,,,,
cf2ce694-7ae6-11e9-a106-68b59976a384,100.0,0.0,0.0,0.0,ShaoY_2019,GBR,Europe,yes,,,B02842_ba,7.0,,,,
cf489074-7ae6-11e9-a106-68b59976a384,12.88365,0.60332,0.25851,86.25453,ShaoY_2019,GBR,Europe,yes,,,B02842_ba,202.0,,,,
cf56d15c-7ae6-11e9-a106-68b59976a384,99.9935,0.0,0.0,0.0065,ShaoY_2019,GBR,Europe,yes,,,B02861_ba,194.0,,,,
cf68130e-7ae6-11e9-a106-68b59976a384,99.99493,0.0,0.00165,0.00343,ShaoY_2019,GBR,Europe,yes,,,B02861_ba,7.0,,,,
cf74b85c-7ae6-11e9-a106-68b59976a384,2.60652,4.48998,92.89532,0.00818,ShaoY_2019,GBR,Europe,yes,,,B02885_ba,7.0,,,,
cf825250-7ae6-11e9-a106-68b59976a384,11.66846,57.28913,31.0387,0.00371,ShaoY_2019,GBR,Europe,yes,,,B02885_ba,193.0,,,,
cf8fa982-7ae6-11e9-a106-68b59976a384,0.0,0.0,0.0,0.0,ShaoY_2019,GBR,Europe,yes,,,B02909_ba,7.0,,,,
cf9e7f34-7ae6-11e9-a106-68b59976a384,2.09022,0.0,0.0,97.90978,ShaoY_2019,GBR,Europe,yes,,,B02909_ba,196.0,,,,
cfafa868-7ae6-11e9-a106-68b59976a384,0.0,0.0,0.0,0.0,ShaoY_2019,GBR,Europe,yes,,,B02932_ba,7.0,,,,
cfbf8828-7ae6-11e9-a106-68b59976a384,1.68018,0.0,0.0,98.31982,ShaoY_2019,GBR,Europe,yes,,,B02932_ba,192.0,,,,
cfcf1a90-7ae6-11e9-a106-68b59976a384,100.0,0.0,0.0,0.0,ShaoY_2019,GBR,Europe,yes,,,B02935_ba,7.0,,,,
cfde5af0-7ae6-11e9-a106-68b59976a384,48.32364,0.0,51.66785,0.00851,ShaoY_2019,GBR,Europe,yes,,,B02935_ba,192.0,,,,
d00672ba-7ae6-11e9-a106-68b59976a384,0.03068,27.35795,72.61138,0.0,ShaoY_2019,GBR,Europe,yes,,,B02939_ba,192.0,,,,
d028426e-7ae6-11e9-a106-68b59976a384,58.66201,0.0,41.33799,0.0,ShaoY_2019,GBR,Europe,yes,,,SIDS1_ba,4.0,,,,
d0589b80-7ae6-11e9-a106-68b59976a384,0.0,0.0,0.0,0.0,ShaoY_2019,GBR,Europe,yes,,,SIDS10_ba,7.0,,,,
d085bba6-7ae6-11e9-a106-68b59976a384,0.01568,0.0,99.98432,0.0,ShaoY_2019,GBR,Europe,yes,,,SIDS11_ba,4.0,,,,
d09be12e-7ae6-11e9-a106-68b59976a384,0.01041,0.0,99.98959,0.0,ShaoY_2019,GBR,Europe,yes,,,SIDS12_ba,7.0,,,,
d0b240ea-7ae6-11e9-a106-68b59976a384,99.9954,0.0,0.0046,0.0,ShaoY_2019,GBR,Europe,yes,,,SIDS13_ba,7.0,,,,
d0ee66ba-7ae6-11e9-a106-68b59976a384,0.0,0.0,0.0,0.0,ShaoY_2019,GBR,Europe,yes,,,SIDS16_ba,7.0,,,,
d1073f64-7ae6-11e9-a106-68b59976a384,0.0,0.0,0.0,0.0,ShaoY_2019,GBR,Europe,yes,,,SIDS17_ba,7.0,,,,
d1206f7a-7ae6-11e9-a106-68b59976a384,90.17109,0.0,9.8176,0.01132,ShaoY_2019,GBR,Europe,yes,,,SIDS19_ba,7.0,,,,
d1399784-7ae6-11e9-a106-68b59976a384,100.0,0.0,0.0,0.0,ShaoY_2019,GBR,Europe,yes,,,SIDS2_ba,7.0,,,,
d152c024-7ae6-11e9-a106-68b59976a384,0.0,0.0,0.0,0.0,ShaoY_2019,GBR,Europe,yes,,,SIDS20_ba,7.0,,,,
d16bd938-7ae6-11e9-a106-68b59976a384,0.0,0.0,0.0,0.0,ShaoY_2019,GBR,Europe,yes,,,SIDS21_ba,4.0,,,,
d1851e84-7ae6-11e9-a106-68b59976a384,0.0,0.0,0.0,0.0,ShaoY_2019,GBR,Europe,yes,,,SIDS23_ba,7.0,,,,
d19dabd4-7ae6-11e9-a106-68b59976a384,100.0,0.0,0.0,0.0,ShaoY_2019,GBR,Europe,yes,,,SIDS3_ba,7.0,,,,
d1cfd58c-7ae6-11e9-a106-68b59976a384,20.63358,79.36642,0.0,0.0,ShaoY_2019,GBR,Europe,yes,,,SIDS33_ba,7.0,,,,
d200be2c-7ae6-11e9-a106-68b59976a384,0.01611,0.0,99.98389,0.0,ShaoY_2019,GBR,Europe,yes,,,SIDS34_ba,7.0,,,,
d24df9f8-7ae6-11e9-a106-68b59976a384,100.0,0.0,0.0,0.0,ShaoY_2019,GBR,Europe,yes,,,SIDS37_ba,7.0,,,,
d26680b8-7ae6-11e9-a106-68b59976a384,100.0,0.0,0.0,0.0,ShaoY_2019,GBR,Europe,yes,,,SIDS39_ba,7.0,,,,
d27f409e-7ae6-11e9-a106-68b59976a384,99.96649,0.0,0.03351,0.0,ShaoY_2019,GBR,Europe,yes,,,SIDS4_ba,7.0,,,,
d2985aa2-7ae6-11e9-a106-68b59976a384,100.0,0.0,0.0,0.0,ShaoY_2019,GBR,Europe,yes,,,SIDS41_ba,4.0,,,,
d2b16eca-7ae6-11e9-a106-68b59976a384,0.0,0.0,0.0,0.0,ShaoY_2019,GBR,Europe,yes,,,SIDS44_ba,7.0,,,,
d2f4a2a8-7ae6-11e9-a106-68b59976a384,0.0,0.0,0.0,0.0,ShaoY_2019,GBR,Europe,yes,,,SIDS45_ba,7.0,,,,
d30e4b0e-7ae6-11e9-a106-68b59976a384,45.97652,0.0,54.02348,0.0,ShaoY_2019,GBR,Europe,yes,,,SIDS6_ba,7.0,,,,
d329884c-7ae6-11e9-a106-68b59976a384,0.00495,99.99208,0.00297,0.0,ShaoY_2019,GBR,Europe,yes,,,SIDS7_ba,7.0,,,,
d35c4d5e-7ae6-11e9-a106-68b59976a384,99.98931,0.0,0.01069,0.0,ShaoY_2019,GBR,Europe,yes,,,SIDS8_ba,21.0,,,,
d375cd42-7ae6-11e9-a106-68b59976a384,0.0,0.0,0.0,0.0,ShaoY_2019,GBR,Europe,yes,,,SIDS9_ba,4.0,,,,
d3a8c490-7ae6-11e9-a106-68b59976a384,99.96607,0.0,0.03393,0.0,ShaoY_2019,GBR,Europe,yes,,,C01007_ba,7.0,,,,
d3c13dcc-7ae6-11e9-a106-68b59976a384,100.0,0.0,0.0,0.0,ShaoY_2019,GBR,Europe,yes,,,C01007_ba,21.0,,,,
d3f59c02-7ae6-11e9-a106-68b59976a384,6.75041,0.0,93.24959,0.0,ShaoY_2019,GBR,Europe,yes,,,C01008_ba,21.0,,,,
d44133ec-7ae6-11e9-a106-68b59976a384,24.06403,0.0,75.93597,0.0,ShaoY_2019,GBR,Europe,yes,,,C01008_ba,4.0,,,,
d459c0ec-7ae6-11e9-a106-68b59976a384,0.01508,0.0,99.98492,0.0,ShaoY_2019,GBR,Europe,yes,,,C01008_ba,7.0,,,,
d48d77a2-7ae6-11e9-a106-68b59976a384,0.0,0.0,0.0,0.0,ShaoY_2019,GBR,Europe,yes,,,C01010_ba,7.0,,,,
d6579022-7ae6-11e9-a106-68b59976a384,100.0,0.0,0.0,0.0,ShaoY_2019,GBR,Europe,yes,,,C01201_ba,7.0,,,,
d6714436-7ae6-11e9-a106-68b59976a384,100.0,0.0,0.0,0.0,ShaoY_2019,GBR,Europe,yes,,,C01201_ba,4.0,,,,
d68b3b20-7ae6-11e9-a106-68b59976a384,0.0,0.0,0.0,0.0,ShaoY_2019,GBR,Europe,yes,,,C01202_ba,7.0,,,,
d6a4a38a-7ae6-11e9-a106-68b59976a384,1.62424,0.0,0.0,98.37576,ShaoY_2019,GBR,Europe,yes,,,C01202_ba,375.0,,,,
d6beea06-7ae6-11e9-a106-68b59976a384,4.15893,0.0,95.83995,0.00112,ShaoY_2019,GBR,Europe,yes,,,C01204_ba,4.0,,,,
d6d8a720-7ae6-11e9-a106-68b59976a384,71.25312,0.0,28.74541,0.00147,ShaoY_2019,GBR,Europe,yes,,,C01204_ba,7.0,,,,
d7110390-7ae6-11e9-a106-68b59976a384,4.53278,10.33962,72.08361,13.04399,ShaoY_2019,GBR,Europe,yes,,,C01204_ba,21.0,,,,
d72aaa70-7ae6-11e9-a106-68b59976a384,21.38451,76.34302,2.27247,0.0,ShaoY_2019,GBR,Europe,yes,,,C01204_ba,425.0,,,,
d74666e8-7ae6-11e9-a106-68b59976a384,0.0,0.0,0.0,0.0,ShaoY_2019,GBR,Europe,yes,,,C01288_ba,7.0,,,,
d75fd600-7ae6-11e9-a106-68b59976a384,47.21371,20.41174,31.58474,0.78981,ShaoY_2019,GBR,Europe,yes,,,C01288_ba,357.0,,,,
d792e3ce-7ae6-11e9-a106-68b59976a384,0.0,0.0,0.0,0.0,ShaoY_2019,GBR,Europe,yes,,,C01329_ba,21.0,,,,
d7ae3eee-7ae6-11e9-a106-68b59976a384,0.0,0.0,0.0,0.0,ShaoY_2019,GBR,Europe,yes,,,C01329_ba,4.0,,,,
d7c81314-7ae6-11e9-a106-68b59976a384,29.52286,0.0,70.47714,0.0,ShaoY_2019,GBR,Europe,yes,,,C01329_ba,7.0,,,,
d7e148ca-7ae6-11e9-a106-68b59976a384,0.0,0.0,0.0,0.0,ShaoY_2019,GBR,Europe,yes,,,C01331_ba,21.0,,,,
d7fa5842-7ae6-11e9-a106-68b59976a384,0.0,0.0,0.0,0.0,ShaoY_2019,GBR,Europe,yes,,,C01331_ba,4.0,,,,
d81402e2-7ae6-11e9-a106-68b59976a384,0.0,0.0,0.0,0.0,ShaoY_2019,GBR,Europe,yes,,,C01331_ba,7.0,,,,
d82e8b3a-7ae6-11e9-a106-68b59976a384,0.0,0.0,0.0,0.0,ShaoY_2019,GBR,Europe,yes,,,C01352_ba,21.0,,,,
d8485a38-7ae6-11e9-a106-68b59976a384,0.0,0.0,0.0,0.0,ShaoY_2019,GBR,Europe,yes,,,C01352_ba,7.0,,,,
d86232aa-7ae6-11e9-a106-68b59976a384,99.99506,0.0,0.00494,0.0,ShaoY_2019,GBR,Europe,yes,,,C01381_ba,4.0,,,,
d87cbeea-7ae6-11e9-a106-68b59976a384,99.99459,0.0,0.00541,0.0,ShaoY_2019,GBR,Europe,yes,,,C01381_ba,7.0,,,,
d8b15d12-7ae6-11e9-a106-68b59976a384,100.0,0.0,0.0,0.0,ShaoY_2019,GBR,Europe,yes,,,C01381_ba,21.0,,,,
d8caf358-7ae6-11e9-a106-68b59976a384,0.0,0.0,0.0,0.0,ShaoY_2019,GBR,Europe,yes,,,C01382_ba,21.0,,,,
d8e4de94-7ae6-11e9-a106-68b59976a384,0.0,0.0,0.0,0.0,ShaoY_2019,GBR,Europe,yes,,,C01382_ba,7.0,,,,
d8ff6638-7ae6-11e9-a106-68b59976a384,6.56394,0.0,7.34921,86.08685,ShaoY_2019,GBR,Europe,yes,,,C01382_ba,358.0,,,,
d9192492-7ae6-11e9-a106-68b59976a384,0.00649,0.0,99.99351,0.0,ShaoY_2019,GBR,Europe,yes,,,C01384_ba,21.0,,,,
d9353b64-7ae6-11e9-a106-68b59976a384,0.00245,0.0,99.99755,0.0,ShaoY_2019,GBR,Europe,yes,,,C01384_ba,7.0,,,,
d95cdbec-7ae6-11e9-a106-68b59976a384,0.26681,0.0,99.73319,0.0,ShaoY_2019,GBR,Europe,yes,,,C01384_ba,4.0,,,,
d9769abe-7ae6-11e9-a106-68b59976a384,0.0,0.0,0.0,0.0,ShaoY_2019,GBR,Europe,yes,,,C01386_ba,7.0,,,,
d99441c2-7ae6-11e9-a106-68b59976a384,0.0,0.0,0.0,0.0,ShaoY_2019,GBR,Europe,yes,,,C01386_ba,21.0,,,,
da4b441c-7ae6-11e9-a106-68b59976a384,0.01401,0.0,99.98599,0.0,ShaoY_2019,GBR,Europe,yes,,,C01389_ba,21.0,,,,
da65083e-7ae6-11e9-a106-68b59976a384,0.0,0.0,0.0,0.0,ShaoY_2019,GBR,Europe,yes,,,C01389_ba,4.0,,,,
da7fb4ae-7ae6-11e9-a106-68b59976a384,0.00898,0.0,99.99102,0.0,ShaoY_2019,GBR,Europe,yes,,,C01389_ba,7.0,,,,
dab6185a-7ae6-11e9-a106-68b59976a384,0.0,0.0,0.0,0.0,ShaoY_2019,GBR,Europe,yes,,,C01390_ba,7.0,,,,
dad1c1f4-7ae6-11e9-a106-68b59976a384,0.0,0.0,0.0,0.0,ShaoY_2019,GBR,Europe,yes,,,C01390_ba,4.0,,,,
daeb883c-7ae6-11e9-a106-68b59976a384,0.0,0.0,0.0,0.0,ShaoY_2019,GBR,Europe,yes,,,C01392_ba,21.0,,,,
db053dea-7ae6-11e9-a106-68b59976a384,0.0,0.0,0.0,0.0,ShaoY_2019,GBR,Europe,yes,,,C01392_ba,7.0,,,,
db1f3ae2-7ae6-11e9-a106-68b59976a384,0.0194,0.0,99.9806,0.0,ShaoY_2019,GBR,Europe,yes,,,C01392_ba,356.0,,,,
db391c64-7ae6-11e9-a106-68b59976a384,0.0,0.0,100.0,0.0,ShaoY_2019,GBR,Europe,yes,,,C01429_ba,4.0,,,,
db547e82-7ae6-11e9-a106-68b59976a384,6.36536,11.86635,37.66902,44.09927,ShaoY_2019,GBR,Europe,yes,,,C01429_ba,344.0,,,,
dc0a1bac-7ae6-11e9-a106-68b59976a384,0.0,0.0,0.0,0.0,ShaoY_2019,GBR,Europe,yes,,,C01443_ba,7.0,,,,
dc239b54-7ae6-11e9-a106-68b59976a384,48.21004,0.0,34.97028,16.81968,ShaoY_2019,GBR,Europe,yes,,,C01443_ba,330.0,,,,
dc3d30a0-7ae6-11e9-a106-68b59976a384,1.58144,0.0,0.0,98.41856,ShaoY_2019,GBR,Europe,yes,,,C01444_ba,21.0,,,,
dc56da46-7ae6-11e9-a106-68b59976a384,0.0,0.0,0.0,0.0,ShaoY_2019,GBR,Europe,yes,,,C01444_ba,4.0,,,,
dc6fe32e-7ae6-11e9-a106-68b59976a384,0.0,0.0,0.0,0.0,ShaoY_2019,GBR,Europe,yes,,,C01444_ba,7.0,,,,
dd855316-7ae6-11e9-a106-68b59976a384,0.0,0.0,0.0,0.0,ShaoY_2019,GBR,Europe,yes,,,C01488_ba,4.0,,,,
dde9b9e6-7ae6-11e9-a106-68b59976a384,0.00422,0.0,99.99578,0.0,ShaoY_2019,GBR,Europe,yes,,,C01528_ba,21.0,,,,
de028ad4-7ae6-11e9-a106-68b59976a384,0.0,100.0,0.0,0.0,ShaoY_2019,GBR,Europe,yes,,,C01528_ba,4.0,,,,
de1beae2-7ae6-11e9-a106-68b59976a384,0.0,0.0,0.0,0.0,ShaoY_2019,GBR,Europe,yes,,,C01528_ba,7.0,,,,
de362b3c-7ae6-11e9-a106-68b59976a384,100.0,0.0,0.0,0.0,ShaoY_2019,GBR,Europe,yes,,,C01529_ba,21.0,,,,
de4e7a84-7ae6-11e9-a106-68b59976a384,0.0,0.0,0.0,0.0,ShaoY_2019,GBR,Europe,yes,,,C01529_ba,4.0,,,,
de75ea4c-7ae6-11e9-a106-68b59976a384,100.0,0.0,0.0,0.0,ShaoY_2019,GBR,Europe,yes,,,C01529_ba,7.0,,,,
de8f6eb8-7ae6-11e9-a106-68b59976a384,0.0,0.0,0.0,0.0,ShaoY_2019,GBR,Europe,yes,,,C01530_ba,4.0,,,,
dea84d70-7ae6-11e9-a106-68b59976a384,100.0,0.0,0.0,0.0,ShaoY_2019,GBR,Europe,yes,,,C01530_ba,7.0,,,,
dec1ca5c-7ae6-11e9-a106-68b59976a384,100.0,0.0,0.0,0.0,ShaoY_2019,GBR,Europe,yes,,,C01530_ba,21.0,,,,
dedb98ba-7ae6-11e9-a106-68b59976a384,100.0,0.0,0.0,0.0,ShaoY_2019,GBR,Europe,yes,,,C01530_ba,324.0,,,,
defb4390-7ae6-11e9-a106-68b59976a384,99.76494,0.0,0.23506,0.0,ShaoY_2019,GBR,Europe,yes,,,C01531_ba,7.0,,,,
df15f942-7ae6-11e9-a106-68b59976a384,100.0,0.0,0.0,0.0,ShaoY_2019,GBR,Europe,yes,,,C01531_ba,4.0,,,,
df2ebb80-7ae6-11e9-a106-68b59976a384,22.14218,12.87207,0.0,64.98576,ShaoY_2019,GBR,Europe,yes,,,C01531_ba,316.0,,,,
df429b6e-7ae6-11e9-a106-68b59976a384,0.0,0.0,0.0,0.0,ShaoY_2019,GBR,Europe,yes,,,C01560_ba,7.0,,,,
df5d2c86-7ae6-11e9-a106-68b59976a384,19.7562,0.0,80.24284,0.00096,ShaoY_2019,GBR,Europe,yes,,,C01654_ba,4.0,,,,
df6b1dd2-7ae6-11e9-a106-68b59976a384,11.69189,0.0,88.30782,0.00029,ShaoY_2019,GBR,Europe,yes,,,C01654_ba,7.0,,,,
df78f7ae-7ae6-11e9-a106-68b59976a384,7.13203,0.0,92.86628,0.0017,ShaoY_2019,GBR,Europe,yes,,,C01654_ba,21.0,,,,
dfa7b1ac-7ae6-11e9-a106-68b59976a384,0.0,0.0,0.0,0.0,ShaoY_2019,GBR,Europe,yes,,,C01660_ba,7.0,,,,
dfb6f374-7ae6-11e9-a106-68b59976a384,1.49712,0.0,0.0,98.50288,ShaoY_2019,GBR,Europe,yes,,,C01660_ba,316.0,,,,
dfc63136-7ae6-11e9-a106-68b59976a384,1.42285,0.0,2.98261,95.59454,ShaoY_2019,GBR,Europe,yes,,,C01661_ba,21.0,,,,
dfd6046c-7ae6-11e9-a106-68b59976a384,1.42711,0.0,0.0,98.57289,ShaoY_2019,GBR,Europe,yes,,,C01661_ba,307.0,,,,
dfe88cc2-7ae6-11e9-a106-68b59976a384,0.00425,0.0,99.99575,0.0,ShaoY_2019,GBR,Europe,yes,,,C01662_ba,21.0,,,,
dffb9da8-7ae6-11e9-a106-68b59976a384,0.00587,0.0,99.99413,0.0,ShaoY_2019,GBR,Europe,yes,,,C01662_ba,7.0,,,,
e00f5f78-7ae6-11e9-a106-68b59976a384,0.01184,22.59064,77.39751,0.0,ShaoY_2019,GBR,Europe,yes,,,C01667_ba,7.0,,,,
e025b66a-7ae6-11e9-a106-68b59976a384,0.0,0.0,0.0,0.0,ShaoY_2019,GBR,Europe,yes,,,C01667_ba,4.0,,,,
e03a47a6-7ae6-11e9-a106-68b59976a384,0.02655,12.70108,87.27237,0.0,ShaoY_2019,GBR,Europe,yes,,,C01667_ba,21.0,,,,
e04e4fda-7ae6-11e9-a106-68b59976a384,0.0,0.0,0.0,0.0,ShaoY_2019,GBR,Europe,yes,,,C01689_ba,4.0,,,,
e061c830-7ae6-11e9-a106-68b59976a384,100.0,0.0,0.0,0.0,ShaoY_2019,GBR,Europe,yes,,,C01689_ba,7.0,,,,
e075d104-7ae6-11e9-a106-68b59976a384,74.7479,19.70394,5.54816,0.0,ShaoY_2019,GBR,Europe,yes,,,C01689_ba,21.0,,,,
e0d9e07c-7ae6-11e9-a106-68b59976a384,0.0,0.0,0.0,0.0,ShaoY_2019,GBR,Europe,yes,,,C01695_ba,21.0,,,,
e0f1368c-7ae6-11e9-a106-68b59976a384,0.0,0.0,0.0,0.0,ShaoY_2019,GBR,Europe,yes,,,C01695_ba,4.0,,,,
e1052f0c-7ae6-11e9-a106-68b59976a384,0.0,0.0,0.0,0.0,ShaoY_2019,GBR,Europe,yes,,,C01695_ba,7.0,,,,
e118e6dc-7ae6-11e9-a106-68b59976a384,0.0,0.0,100.0,0.0,ShaoY_2019,GBR,Europe,yes,,,C01695_ba,306.0,,,,
e17d10c6-7ae6-11e9-a106-68b59976a384,0.0,0.0,0.0,0.0,ShaoY_2019,GBR,Europe,yes,,,C01697_ba,7.0,,,,
e1910fae-7ae6-11e9-a106-68b59976a384,0.0,0.0,0.0,0.0,ShaoY_2019,GBR,Europe,yes,,,C01697_ba,21.0,,,,
e1a5156c-7ae6-11e9-a106-68b59976a384,0.02288,0.0,99.73009,0.24704,ShaoY_2019,GBR,Europe,yes,,,C01697_ba,298.0,,,,
e1b91e2c-7ae6-11e9-a106-68b59976a384,0.0,0.0,0.0,0.0,ShaoY_2019,GBR,Europe,yes,,,C01700_ba,21.0,,,,
e1cdaff4-7ae6-11e9-a106-68b59976a384,0.0,0.0,0.0,0.0,ShaoY_2019,GBR,Europe,yes,,,C01700_ba,4.0,,,,
e1e18826-7ae6-11e9-a106-68b59976a384,0.0,0.0,0.0,0.0,ShaoY_2019,GBR,Europe,yes,,,C01700_ba,7.0,,,,
e208e83a-7ae6-11e9-a106-68b59976a384,0.0,0.0,0.0,0.0,ShaoY_2019,GBR,Europe,yes,,,C01748_ba,4.0,,,,
e21cdd36-7ae6-11e9-a106-68b59976a384,100.0,0.0,0.0,0.0,ShaoY_2019,GBR,Europe,yes,,,C01748_ba,21.0,,,,
e2452020-7ae6-11e9-a106-68b59976a384,53.73443,0.0,5.00945,41.25611,ShaoY_2019,GBR,Europe,yes,,,C01748_ba,294.0,,,,
e2963352-7ae6-11e9-a106-68b59976a384,99.99816,0.0,0.00184,0.0,ShaoY_2019,GBR,Europe,yes,,,C01750_ba,7.0,,,,
e2aa4144-7ae6-11e9-a106-68b59976a384,9.86571,0.0,5.93037,84.20392,ShaoY_2019,GBR,Europe,yes,,,C01750_ba,303.0,,,,
e2be2394-7ae6-11e9-a106-68b59976a384,0.0,0.0,0.0,0.0,ShaoY_2019,GBR,Europe,yes,,,C01751_ba,21.0,,,,
e2d0071c-7ae6-11e9-a106-68b59976a384,0.0,0.0,100.0,0.0,ShaoY_2019,GBR,Europe,yes,,,C01751_ba,4.0,,,,
e2e4d39a-7ae6-11e9-a106-68b59976a384,0.0,0.0,0.0,0.0,ShaoY_2019,GBR,Europe,yes,,,C01751_ba,7.0,,,,
e2fa06de-7ae6-11e9-a106-68b59976a384,11.89447,0.0,13.67561,74.42993,ShaoY_2019,GBR,Europe,yes,,,C01751_ba,313.0,,,,
e30deb54-7ae6-11e9-a106-68b59976a384,0.0,100.0,0.0,0.0,ShaoY_2019,GBR,Europe,yes,,,C01752_ba,4.0,,,,
e3358308-7ae6-11e9-a106-68b59976a384,0.01494,99.98506,0.0,0.0,ShaoY_2019,GBR,Europe,yes,,,C01752_ba,7.0,,,,
e34b292e-7ae6-11e9-a106-68b59976a384,0.0,0.0,0.0,0.0,ShaoY_2019,GBR,Europe,yes,,,C01753_ba,4.0,,,,
e35eb188-7ae6-11e9-a106-68b59976a384,0.0,0.0,0.0,0.0,ShaoY_2019,GBR,Europe,yes,,,C01753_ba,7.0,,,,
e3728dac-7ae6-11e9-a106-68b59976a384,2.45732,0.0,5.37606,92.16663,ShaoY_2019,GBR,Europe,yes,,,C01753_ba,296.0,,,,
e3863398-7ae6-11e9-a106-68b59976a384,0.0,0.0,0.0,0.0,ShaoY_2019,GBR,Europe,yes,,,C01756_ba,7.0,,,,
e3ae2308-7ae6-11e9-a106-68b59976a384,0.0,0.0,0.0,0.0,ShaoY_2019,GBR,Europe,yes,,,C01756_ba,4.0,,,,
e3c06c2a-7ae6-11e9-a106-68b59976a384,0.0,0.0,0.0,0.0,ShaoY_2019,GBR,Europe,yes,,,C01756_ba,21.0,,,,
e3d44510-7ae6-11e9-a106-68b59976a384,2.28676,0.0,0.0,97.71324,ShaoY_2019,GBR,Europe,yes,,,C01756_ba,288.0,,,,
e3e7f2f4-7ae6-11e9-a106-68b59976a384,0.0,0.0,0.0,0.0,ShaoY_2019,GBR,Europe,yes,,,C01757_ba,4.0,,,,
e410443e-7ae6-11e9-a106-68b59976a384,0.0,0.0,0.0,0.0,ShaoY_2019,GBR,Europe,yes,,,C01757_ba,21.0,,,,
e4244a56-7ae6-11e9-a106-68b59976a384,0.02,17.77252,82.20748,0.0,ShaoY_2019,GBR,Europe,yes,,,C01757_ba,288.0,,,,
e4af1c08-7ae6-11e9-a106-68b59976a384,0.0,0.0,0.0,0.0,ShaoY_2019,GBR,Europe,yes,,,C01831_ba,4.0,,,,
e4d7e336-7ae6-11e9-a106-68b59976a384,0.0,0.0,0.0,0.0,ShaoY_2019,GBR,Europe,yes,,,C01831_ba,21.0,,,,
e4ec317e-7ae6-11e9-a106-68b59976a384,0.01415,73.09639,26.88946,0.0,ShaoY_2019,GBR,Europe,yes,,,C01831_ba,,,,,
e50092a4-7ae6-11e9-a106-68b59976a384,0.0,0.0,0.0,0.0,ShaoY_2019,GBR,Europe,yes,,,C01832_ba,21.0,,,,
e514fb40-7ae6-11e9-a106-68b59976a384,0.0,0.0,0.0,0.0,ShaoY_2019,GBR,Europe,yes,,,C01832_ba,4.0,,,,
e52a8fa0-7ae6-11e9-a106-68b59976a384,0.0,0.0,0.0,0.0,ShaoY_2019,GBR,Europe,yes,,,C01832_ba,7.0,,,,
e53e93ce-7ae6-11e9-a106-68b59976a384,96.10761,0.0,3.78178,0.1106,ShaoY_2019,GBR,Europe,yes,,,C01832_ba,301.0,,,,
e552e964-7ae6-11e9-a106-68b59976a384,0.0,100.0,0.0,0.0,ShaoY_2019,GBR,Europe,yes,,,C01834_ba,21.0,,,,
e5672d66-7ae6-11e9-a106-68b59976a384,29.32336,0.0,0.00975,70.66689,ShaoY_2019,GBR,Europe,yes,,,C01834_ba,287.0,,,,
e57b5cd2-7ae6-11e9-a106-68b59976a384,0.07312,0.0,99.92688,0.0,ShaoY_2019,GBR,Europe,yes,,,C01836_ba,21.0,,,,
e5902d6a-7ae6-11e9-a106-68b59976a384,0.04924,0.0,99.95076,0.0,ShaoY_2019,GBR,Europe,yes,,,C01836_ba,4.0,,,,
e5a4312a-7ae6-11e9-a106-68b59976a384,0.006,0.0,99.994,0.0,ShaoY_2019,GBR,Europe,yes,,,C01836_ba,7.0,,,,
e5b7fdb8-7ae6-11e9-a106-68b59976a384,0.0,0.0,0.0,0.0,ShaoY_2019,GBR,Europe,yes,,,C01837_ba,21.0,,,,
e5cbb70e-7ae6-11e9-a106-68b59976a384,0.0,0.0,0.0,0.0,ShaoY_2019,GBR,Europe,yes,,,C01837_ba,4.0,,,,
e5e04548-7ae6-11e9-a106-68b59976a384,100.0,0.0,0.0,0.0,ShaoY_2019,GBR,Europe,yes,,,C01839_ba,21.0,,,,
e5f3e436-7ae6-11e9-a106-68b59976a384,100.0,0.0,0.0,0.0,ShaoY_2019,GBR,Europe,yes,,,C01839_ba,4.0,,,,
e607cf64-7ae6-11e9-a106-68b59976a384,100.0,0.0,0.0,0.0,ShaoY_2019,GBR,Europe,yes,,,C01839_ba,7.0,,,,
e62fe436-7ae6-11e9-a106-68b59976a384,0.0,0.0,0.0,0.0,ShaoY_2019,GBR,Europe,yes,,,C01840_ba,7.0,,,,
e657efb2-7ae6-11e9-a106-68b59976a384,0.0,0.0,0.0,0.0,ShaoY_2019,GBR,Europe,yes,,,C01840_ba,21.0,,,,
e66bca28-7ae6-11e9-a106-68b59976a384,0.0,0.0,0.0,0.0,ShaoY_2019,GBR,Europe,yes,,,C01840_ba,4.0,,,,
e6800d9e-7ae6-11e9-a106-68b59976a384,0.50875,0.0,95.51626,3.97498,ShaoY_2019,GBR,Europe,yes,,,C01840_ba,284.0,,,,
e7209d72-7ae6-11e9-a106-68b59976a384,17.83772,57.04212,25.12016,0.0,ShaoY_2019,GBR,Europe,yes,,,C01844_ba,21.0,,,,
e734a420-7ae6-11e9-a106-68b59976a384,23.68891,74.39771,1.91339,0.0,ShaoY_2019,GBR,Europe,yes,,,C01844_ba,4.0,,,,
e748acf4-7ae6-11e9-a106-68b59976a384,20.56999,30.72251,48.70749,0.0,ShaoY_2019,GBR,Europe,yes,,,C01844_ba,7.0,,,,
e76fff84-7ae6-11e9-a106-68b59976a384,2.58211,0.77656,1.01231,95.62903,ShaoY_2019,GBR,Europe,yes,,,C01844_ba,283.0,,,,
e84d4416-7ae6-11e9-a106-68b59976a384,99.99799,0.0,0.00201,0.0,ShaoY_2019,GBR,Europe,yes,,,C01877_ba,21.0,,,,
e861e830-7ae6-11e9-a106-68b59976a384,0.0,0.0,0.0,0.0,ShaoY_2019,GBR,Europe,yes,,,C01877_ba,4.0,,,,
e875ef9c-7ae6-11e9-a106-68b59976a384,0.0,54.59874,45.40126,0.0,ShaoY_2019,GBR,Europe,yes,,,C01877_ba,7.0,,,,
e88c33c4-7ae6-11e9-a106-68b59976a384,0.02211,0.0,99.97789,0.0,ShaoY_2019,GBR,Europe,yes,,,C01913_ba,21.0,,,,
e8a0557a-7ae6-11e9-a106-68b59976a384,0.0,0.0,0.0,0.0,ShaoY_2019,GBR,Europe,yes,,,C01913_ba,4.0,,,,
e8b45a70-7ae6-11e9-a106-68b59976a384,100.0,0.0,0.0,0.0,ShaoY_2019,GBR,Europe,yes,,,C01913_ba,7.0,,,,
e8c860b0-7ae6-11e9-a106-68b59976a384,1.78898,15.44245,1.50051,81.26805,ShaoY_2019,GBR,Europe,yes,,,C01913_ba,286.0,,,,
e8dcbe2a-7ae6-11e9-a106-68b59976a384,0.00867,0.0,99.99133,0.0,ShaoY_2019,GBR,Europe,yes,,,C01914_ba,7.0,,,,
e9056b0e-7ae6-11e9-a106-68b59976a384,0.01111,0.0,99.98889,0.0,ShaoY_2019,GBR,Europe,yes,,,C01914_ba,4.0,,,,
e9a9e0d0-7ae6-11e9-a106-68b59976a384,100.0,0.0,0.0,0.0,ShaoY_2019,GBR,Europe,yes,,,C01917_ba,21.0,,,,
e9bf5a64-7ae6-11e9-a106-68b59976a384,100.0,0.0,0.0,0.0,ShaoY_2019,GBR,Europe,yes,,,C01917_ba,4.0,,,,
e9d50bc0-7ae6-11e9-a106-68b59976a384,100.0,0.0,0.0,0.0,ShaoY_2019,GBR,Europe,yes,,,C01917_ba,7.0,,,,
e9ff4638-7ae6-11e9-a106-68b59976a384,100.0,0.0,0.0,0.0,ShaoY_2019,GBR,Europe,yes,,,C01917_ba,306.0,,,,
ea14401a-7ae6-11e9-a106-68b59976a384,0.0,0.0,0.0,0.0,ShaoY_2019,GBR,Europe,yes,,,C01919_ba,4.0,,,,
ea2928ea-7ae6-11e9-a106-68b59976a384,0.0,0.0,0.0,0.0,ShaoY_2019,GBR,Europe,yes,,,C01919_ba,7.0,,,,
ea56fd2e-7ae6-11e9-a106-68b59976a384,0.0,100.0,0.0,0.0,ShaoY_2019,GBR,Europe,yes,,,C01919_ba,21.0,,,,
ea6d78a6-7ae6-11e9-a106-68b59976a384,2.03474,25.64748,0.00889,72.30889,ShaoY_2019,GBR,Europe,yes,,,C01919_ba,274.0,,,,
ea878f02-7ae6-11e9-a106-68b59976a384,100.0,0.0,0.0,0.0,ShaoY_2019,GBR,Europe,yes,,,C01929_ba,21.0,,,,
ea9f1046-7ae6-11e9-a106-68b59976a384,0.0,40.92413,59.07587,0.0,ShaoY_2019,GBR,Europe,yes,,,C01929_ba,4.0,,,,
eab9aa3c-7ae6-11e9-a106-68b59976a384,0.0,0.0,0.0,0.0,ShaoY_2019,GBR,Europe,yes,,,C01929_ba,7.0,,,,
eaf72a7e-7ae6-11e9-a106-68b59976a384,0.00689,40.8149,59.17821,0.0,ShaoY_2019,GBR,Europe,yes,,,C01930_ba,21.0,,,,
eb16050c-7ae6-11e9-a106-68b59976a384,0.0,0.0,0.0,0.0,ShaoY_2019,GBR,Europe,yes,,,C01930_ba,4.0,,,,
eb35b172-7ae6-11e9-a106-68b59976a384,0.0,0.0,0.0,0.0,ShaoY_2019,GBR,Europe,yes,,,C01930_ba,7.0,,,,
eb764a20-7ae6-11e9-a106-68b59976a384,12.62058,19.35002,10.57009,57.45931,ShaoY_2019,GBR,Europe,yes,,,C01930_ba,267.0,,,,
ec2b4970-7ae6-11e9-a106-68b59976a384,0.0,0.0,0.0,0.0,ShaoY_2019,GBR,Europe,yes,,,C01960_ba,7.0,,,,
ec44c972-7ae6-11e9-a106-68b59976a384,2.41713,0.0,2.33983,95.24304,ShaoY_2019,GBR,Europe,yes,,,C01960_ba,262.0,,,,
ee0b3de0-7ae6-11e9-a106-68b59976a384,100.0,0.0,0.0,0.0,ShaoY_2019,GBR,Europe,yes,,,C01994_ba,21.0,,,,
ee297e86-7ae6-11e9-a106-68b59976a384,100.0,0.0,0.0,0.0,ShaoY_2019,GBR,Europe,yes,,,C01994_ba,4.0,,,,
ee48e74e-7ae6-11e9-a106-68b59976a384,100.0,0.0,0.0,0.0,ShaoY_2019,GBR,Europe,yes,,,C01994_ba,7.0,,,,
ee81f124-7ae6-11e9-a106-68b59976a384,2.12118,0.01102,0.0,97.8678,ShaoY_2019,GBR,Europe,yes,,,C01994_ba,280.0,,,,
ee9b2c2a-7ae6-11e9-a106-68b59976a384,0.0,0.0,0.0,0.0,ShaoY_2019,GBR,Europe,yes,,,C02016_ba,21.0,,,,
eeb48df0-7ae6-11e9-a106-68b59976a384,100.0,0.0,0.0,0.0,ShaoY_2019,GBR,Europe,yes,,,C02016_ba,4.0,,,,
eece6414-7ae6-11e9-a106-68b59976a384,0.0,0.0,0.0,0.0,ShaoY_2019,GBR,Europe,yes,,,C02016_ba,7.0,,,,
eee828e0-7ae6-11e9-a106-68b59976a384,0.0,0.0,0.0,0.0,ShaoY_2019,GBR,Europe,yes,,,C02044_ba,4.0,,,,
ef01cbc4-7ae6-11e9-a106-68b59976a384,0.01373,0.0,99.98627,0.0,ShaoY_2019,GBR,Europe,yes,,,C02044_ba,7.0,,,,
ef353f22-7ae6-11e9-a106-68b59976a384,0.00878,0.0,99.99122,0.0,ShaoY_2019,GBR,Europe,yes,,,C02044_ba,21.0,,,,
efc04428-7ae6-11e9-a106-68b59976a384,99.996,0.0,0.004,0.0,ShaoY_2019,GBR,Europe,yes,,,C02056_ba,21.0,,,,
efda463e-7ae6-11e9-a106-68b59976a384,63.18603,25.35264,0.0,11.46133,ShaoY_2019,GBR,Europe,yes,,,C02056_ba,7.0,,,,
f055ad92-7ae6-11e9-a106-68b59976a384,1.71889,8.41391,0.0,89.86721,ShaoY_2019,GBR,Europe,yes,,,C02056_ba,257.0,,,,
f06e429e-7ae6-11e9-a106-68b59976a384,0.0,0.0,0.0,0.0,ShaoY_2019,GBR,Europe,yes,,,C02057_ba,7.0,,,,
f086e876-7ae6-11e9-a106-68b59976a384,100.0,0.0,0.0,0.0,ShaoY_2019,GBR,Europe,yes,,,C02057_ba,21.0,,,,
f09fdd22-7ae6-11e9-a106-68b59976a384,0.0,0.0,0.0,0.0,ShaoY_2019,GBR,Europe,yes,,,C02057_ba,4.0,,,,
f13a443e-7ae6-11e9-a106-68b59976a384,0.0,0.0,0.0,0.0,ShaoY_2019,GBR,Europe,yes,,,C02059_ba,4.0,,,,
f152f8a8-7ae6-11e9-a106-68b59976a384,0.0,0.0,0.0,0.0,ShaoY_2019,GBR,Europe,yes,,,C02059_ba,7.0,,,,
f18c954a-7ae6-11e9-a106-68b59976a384,43.15273,56.84332,0.00395,0.0,ShaoY_2019,GBR,Europe,yes,,,C02061_ba,21.0,,,,
f1c197ea-7ae6-11e9-a106-68b59976a384,5.6326,30.18101,64.18352,0.00287,ShaoY_2019,GBR,Europe,yes,,,C02061_ba,255.0,,,,
f1dee84a-7ae6-11e9-a106-68b59976a384,22.34063,77.65937,0.0,0.0,ShaoY_2019,GBR,Europe,yes,,,C02061_ba,4.0,,,,
f2b420d2-7ae6-11e9-a106-68b59976a384,100.0,0.0,0.0,0.0,ShaoY_2019,GBR,Europe,yes,,,C02130_ba,7.0,,,,
f2cde8a0-7ae6-11e9-a106-68b59976a384,48.36947,13.89419,37.70661,0.02972,ShaoY_2019,GBR,Europe,yes,,,C02130_ba,238.0,,,,
f2e7d80a-7ae6-11e9-a106-68b59976a384,0.0,100.0,0.0,0.0,ShaoY_2019,GBR,Europe,yes,,,C02131_ba,7.0,,,,
f31c2f92-7ae6-11e9-a106-68b59976a384,26.20196,45.3717,28.41997,0.00637,ShaoY_2019,GBR,Europe,yes,,,C02131_ba,257.0,,,,
f335c664-7ae6-11e9-a106-68b59976a384,0.0,0.0,100.0,0.0,ShaoY_2019,GBR,Europe,yes,,,C02142_ba,7.0,,,,
f36b3b28-7ae6-11e9-a106-68b59976a384,2.36272,11.49476,86.14078,0.00175,ShaoY_2019,GBR,Europe,yes,,,C02143_ba,7.0,,,,
f3ab8458-7ae6-11e9-a106-68b59976a384,49.31576,35.03279,15.63673,0.01473,ShaoY_2019,GBR,Europe,yes,,,C02143_ba,233.0,,,,
f441bd38-7ae6-11e9-a106-68b59976a384,100.0,0.0,0.0,0.0,ShaoY_2019,GBR,Europe,yes,,,C02190_ba,7.0,,,,
f45fe52e-7ae6-11e9-a106-68b59976a384,4.22031,12.41012,1.88287,81.48671,ShaoY_2019,GBR,Europe,yes,,,C02190_ba,223.0,,,,
f510ee46-7ae6-11e9-a106-68b59976a384,0.0,0.0,0.0,0.0,ShaoY_2019,GBR,Europe,yes,,,C02236_ba,7.0,,,,
f54f0118-7ae6-11e9-a106-68b59976a384,0.0,0.0,0.0,0.0,ShaoY_2019,GBR,Europe,yes,,,C02236_ba,230.0,,,,
f58aa92a-7ae6-11e9-a106-68b59976a384,0.02017,0.0,99.97983,0.0,ShaoY_2019,GBR,Europe,yes,,,C02294_ba,7.0,,,,
f5c1705e-7ae6-11e9-a106-68b59976a384,0.0,0.0,0.0,0.0,ShaoY_2019,GBR,Europe,yes,,,C02295_ba,7.0,,,,
f5f37f22-7ae6-11e9-a106-68b59976a384,99.98684,0.0,0.0,0.01316,ShaoY_2019,GBR,Europe,yes,,,C02295_ba,266.0,,,,
f60cb794-7ae6-11e9-a106-68b59976a384,0.0,0.0,0.0,0.0,ShaoY_2019,GBR,Europe,yes,,,C02323_ba,7.0,,,,
f6260438-7ae6-11e9-a106-68b59976a384,2.78412,11.35467,0.47121,85.38999,ShaoY_2019,GBR,Europe,yes,,,C02323_ba,218.0,,,,
f6404438-7ae6-11e9-a106-68b59976a384,50.25352,49.7453,0.00118,0.0,ShaoY_2019,GBR,Europe,yes,,,C02331_ba,7.0,,,,
f672bd3c-7ae6-11e9-a106-68b59976a384,0.0,0.0,0.0,0.0,ShaoY_2019,GBR,Europe,yes,,,C02345_ba,7.0,,,,
f68dfb06-7ae6-11e9-a106-68b59976a384,47.9205,52.07233,0.0,0.00717,ShaoY_2019,GBR,Europe,yes,,,C02345_ba,221.0,,,,
f6c6794a-7ae6-11e9-a106-68b59976a384,99.99959,0.0,0.00041,0.0,ShaoY_2019,GBR,Europe,yes,,,C02353_ba,7.0,,,,
f6e1f792-7ae6-11e9-a106-68b59976a384,42.88073,57.11927,0.0,0.0,ShaoY_2019,GBR,Europe,yes,,,C02377_ba,7.0,,,,
f6faf42c-7ae6-11e9-a106-68b59976a384,12.47308,10.70404,76.62291,0.19997,ShaoY_2019,GBR,Europe,yes,,,C02377_ba,197.0,,,,
f7350b9e-7ae6-11e9-a106-68b59976a384,0.0,0.0,0.0,0.0,ShaoY_2019,GBR,Europe,yes,,,C02391_ba,7.0,,,,
f74eaf04-7ae6-11e9-a106-68b59976a384,1.37225,0.0,0.0,98.62775,ShaoY_2019,GBR,Europe,yes,,,C02391_ba,214.0,,,,
f768e270-7ae6-11e9-a106-68b59976a384,100.0,0.0,0.0,0.0,ShaoY_2019,GBR,Europe,yes,,,C02406_ba,7.0,,,,
f78d9f02-7ae6-11e9-a106-68b59976a384,32.11563,0.0,67.88172,0.00266,ShaoY_2019,GBR,Europe,yes,,,C02406_ba,188.0,,,,
f7b409d0-7ae6-11e9-a106-68b59976a384,100.0,0.0,0.0,0.0,ShaoY_2019,GBR,Europe,yes,,,C02438_ba,7.0,,,,
f7c28df2-7ae6-11e9-a106-68b59976a384,2.09464,0.0,0.80233,97.10303,ShaoY_2019,GBR,Europe,yes,,,C02438_ba,140.0,,,,
f83a40cc-7ae6-11e9-a106-68b59976a384,1.62948,0.0,0.0,98.37052,ShaoY_2019,GBR,Europe,yes,,,C02514_ba,174.0,,,,
f85c0fea-7ae6-11e9-a106-68b59976a384,0.02097,0.0,99.97903,0.0,ShaoY_2019,GBR,Europe,yes,,,C02516_ba,7.0,,,,
f86cdcda-7ae6-11e9-a106-68b59976a384,34.91058,45.53457,19.54543,0.00942,ShaoY_2019,GBR,Europe,yes,,,C02516_ba,190.0,,,,
f87f5b44-7ae6-11e9-a106-68b59976a384,0.00743,0.0,99.99257,0.0,ShaoY_2019,GBR,Europe,yes,,,C02526_ba,7.0,,,,
f88f8f00-7ae6-11e9-a106-68b59976a384,43.55421,0.0,56.41962,0.02617,ShaoY_2019,GBR,Europe,yes,,,C02526_ba,235.0,,,,
f8b03fac-7ae6-11e9-a106-68b59976a384,0.0,0.0,100.0,0.0,ShaoY_2019,GBR,Europe,yes,,,C02548_ba,7.0,,,,
f8c0fae0-7ae6-11e9-a106-68b59976a384,0.01163,0.0,99.98837,0.0,ShaoY_2019,GBR,Europe,yes,,,C02552_ba,169.0,,,,
f8d1e4cc-7ae6-11e9-a106-68b59976a384,0.02267,0.0,99.97733,0.0,ShaoY_2019,GBR,Europe,yes,,,C02552_ba,7.0,,,,
f8f2bfd0-7ae6-11e9-a106-68b59976a384,0.0,0.0,0.0,0.0,ShaoY_2019,GBR,Europe,yes,,,C02565_ba,7.0,,,,
f9151210-7ae6-11e9-a106-68b59976a384,0.0,0.0,0.0,0.0,ShaoY_2019,GBR,Europe,yes,,,C02566_ba,7.0,,,,
f96bdfe6-7ae6-11e9-a106-68b59976a384,0.0,0.0,100.0,0.0,ShaoY_2019,GBR,Europe,yes,,,C02649_ba,7.0,,,,
f996a3e8-7ae6-11e9-a106-68b59976a384,0.0,0.0,0.0,0.0,ShaoY_2019,GBR,Europe,yes,,,C02670_ba,7.0,,,,
f9ef9c46-7ae6-11e9-a106-68b59976a384,0.0,0.0,0.0,0.0,ShaoY_2019,GBR,Europe,yes,,,C02695_ba,7.0,,,,
fa6240a2-7ae6-11e9-a106-68b59976a384,0.0,0.0,0.0,0.0,ShaoY_2019,GBR,Europe,yes,,,C02756_ba,7.0,,,,
fa97adaa-7ae6-11e9-a106-68b59976a384,0.0,0.0,0.0,0.0,ShaoY_2019,GBR,Europe,yes,,,C02868_ba,7.0,,,,
fae5b054-7ae6-11e9-a106-68b59976a384,0.0,0.0,0.0,0.0,ShaoY_2019,GBR,Europe,yes,,,C_Fresh_01_ba,7.0,,,,
ERS3967707,100.0,0.0,0.0,0.0,cFMD,IRL,Europe,yes,,,,,fermented_grains,kvass,beetroot_kvass,
ERS3967706,100.0,0.0,0.0,0.0,cFMD,JPN,Asia,yes,,,,,fermented_grains,brown_rice_amazake,,
ERS3967705,100.0,0.0,0.0,0.0,cFMD,IRL,Europe,yes,,,,,fermented_fruits_and_vegetables,raw_sauerkraut_and_juniper_berries,,
ERS3967703,100.0,0.0,0.0,0.0,cFMD,CHN,Asia,yes,,,,,fermented_tubers_and_roots,daikon,,
ERS3967704,100.0,0.0,0.0,0.0,cFMD,CHN,Asia,yes,,,,,fermented_fruits_and_vegetables,pickled_vegetables,,
ERS3967693,100.0,0.0,0.0,0.0,cFMD,GBR,Europe,yes,,,,,fermented_tubers_and_roots,turnip,,
ERS3967709,100.0,0.0,0.0,0.0,cFMD,IRL,Europe,yes,,,,,alcohol,mead,honey_mead,
ERS3967710,100.0,0.0,0.0,0.0,cFMD,IRL,Europe,yes,,,,,fermented_fruits_and_vegetables,sauerkraut,,
ERS3967727,100.0,0.0,0.0,0.0,cFMD,IRL,Europe,yes,,,,,fermented_beverages,water_kefir,water_kefir_pear_ginger_and_honey,
ERS3967728,100.0,0.0,0.0,0.0,cFMD,IRL,Europe,yes,,,,,fermented_beverages,water_kefir,water_kefir_pear_ginger_and_sugar,
ERS3967718,100.0,0.0,0.0,0.0,cFMD,RUS,Europe,yes,,,,,dairy,milk,ryazhenka,
ERS3967717,100.0,0.0,0.0,0.0,cFMD,IRL,Europe,yes,,,,,fermented_beverages,tea,kombucha_vinegar,
ERS3967721,100.0,0.0,0.0,0.0,cFMD,RUS,Europe,yes,,,,,dairy,ruza,,
ERS3967719,100.0,0.0,0.0,0.0,cFMD,RUS,Europe,yes,,,,,dairy,agousha,,
ERS3967720,100.0,0.0,0.0,0.0,cFMD,RUS,Europe,yes,,,,,dairy,rostagroekport_voroznyj,,
ERS3967716,100.0,0.0,0.0,0.0,cFMD,IRL,Europe,yes,,,,,fermented_beverages,water_kefir,water_kefir_ginger,
ERS3967715,100.0,0.0,0.0,0.0,cFMD,IRL,Europe,yes,,,,,fermented_beverages,water_kefir,water_kefir_lemon,
ERS3967711,100.0,0.0,0.0,0.0,cFMD,IRL,Europe,yes,,,,,fermented_fruits_and_vegetables,sauerkraut,dill_dearg,
ERS3967712,100.0,0.0,0.0,0.0,cFMD,IRL,Europe,yes,,,,,fermented_fruits_and_vegetables,kimchi,,
ERS3967713,100.0,0.0,0.0,0.0,cFMD,IRL,Europe,yes,,,,,fermented_fruits_and_vegetables,sauerkraut,golden_child,
ERS3967714,100.0,0.0,0.0,0.0,cFMD,IRL,Europe,yes,,,,,fermented_beverages,water_kefir,water_kefir_hibiscus,
ERS3967725,100.0,0.0,0.0,0.0,cFMD,IRL,Europe,yes,,,,,dairy,kefir,raw_milk_kefir,
ERS3967726,100.0,0.0,0.0,0.0,cFMD,IRL,Europe,yes,,,,,dairy,kefir,pasteurized_milk_kefir,
ERS3967724,100.0,0.0,0.0,0.0,cFMD,IRL,Europe,yes,,,,,alcohol,apple_cider_vinegar,,
ERS3967723,100.0,0.0,0.0,0.0,cFMD,IRL,Europe,yes,,,,,fermented_beverages,tea,kombucha,
ERS3967722,100.0,0.0,0.0,0.0,cFMD,IRL,Europe,yes,,,,,fermented_fruits_and_vegetables,sauerkraut,,
Q05-09,100.0,0.0,0.0,0.0,cFMD,,,,,,,,,,,
Q05-13,100.0,0.0,0.0,0.0,cFMD,,,,,,,,,,,
SRS3591601,0.46941,73.29137,18.78946,7.44976,cFMD,ITA,Europe,yes,,,,,dairy,milk,,
SRS6525470,100.0,0.0,0.0,0.0,cFMD,ITA,Europe,yes,,,,,probiotics,probiotics,,
SRS6525480,0.0,0.0,100.0,0.0,cFMD,ITA,Europe,yes,,,,,dairy,yogurt,,
SRS6525478,0.0,0.0,100.0,0.0,cFMD,ITA,Europe,yes,,,,,probiotics,probiotics,,
DS_111,100.0,0.0,0.0,0.0,cFMD,ITA,Europe,yes,,,,,fermented_meat,salami,salame_piacentino,
SRS2706107,0.0,0.0,100.0,0.0,cFMD,USA,North America,yes,,,,,fermented_fruits_and_vegetables,sauerkraut,,
ERS3967737,100.0,0.0,0.0,0.0,cFMD,IRL,Europe,yes,,,,,fermented_fruits_and_vegetables,tomato_and_mustards,tomato_and_mustards_seeds_in_2percent_brine,
ERS3967745,100.0,0.0,0.0,0.0,cFMD,IRL,Europe,yes,,,,,fermented_fruits_and_vegetables,kimchi,scallion_kimchi,
ERS3967740,100.0,0.0,0.0,0.0,cFMD,IRL,Europe,yes,,,,,fermented_grains,kvass,beet_kvass,
ERS3967741,100.0,0.0,0.0,0.0,cFMD,IRL,Europe,yes,,,,,fermented_beverages,water_kefir,water_kefir_coconut,
ERS3967736,100.0,0.0,0.0,0.0,cFMD,IRL,Europe,yes,,,,,fermented_fruits_and_vegetables,okra,okra_in_2percent_brine,
ERS3967731,100.0,0.0,0.0,0.0,cFMD,IRL,Europe,yes,,,,,fermented_fruits_and_vegetables,kimchi,,
ERS3967734,100.0,0.0,0.0,0.0,cFMD,IRL,Europe,yes,,,,,fermented_tubers_and_roots,ginger,ginger_sliced_in_2percent_brine,
ERS3967738,100.0,0.0,0.0,0.0,cFMD,IRL,Europe,yes,,,,,fermented_beverages,tea,kombucha,
ERS3967744,100.0,0.0,0.0,0.0,cFMD,IRL,Europe,yes,,,,,fermented_beverages,lemon_and_ginger_gizz,,
ERS3967743,100.0,0.0,0.0,0.0,cFMD,IRL,Europe,yes,,,,,dairy,yogurt,labne,
ERS3967739,100.0,0.0,0.0,0.0,cFMD,IRL,Europe,yes,,,,,fermented_beverages,water_kefir,water_kefir_cherry,
ERS3967742,100.0,0.0,0.0,0.0,cFMD,IRL,Europe,yes,,,,,fermented_fruits_and_vegetables,carrot_sticks,,
ERR4142742,100.0,0.0,0.0,0.0,cFMD,,,,,,,,,,,
ERR4142741,100.0,0.0,0.0,0.0,cFMD,,,,,,,,,,,
P2450,100.0,0.0,0.0,0.0,cFMD,,,,,,,,,,,
ERR4142726,100.0,0.0,0.0,0.0,cFMD,,,,,,,,,,,
ERR4142740,100.0,0.0,0.0,0.0,cFMD,,,,,,,,,,,
ERR4142725,100.0,0.0,0.0,0.0,cFMD,,,,,,,,,,,
ERR4142727,100.0,0.0,0.0,0.0,cFMD,,,,,,,,,,,
SRR20746952,0.0,100.0,0.0,0.0,cFMD,ITA,Europe,yes,,,,,dairy,cheese,raw_milk_cheese,
SRR20746944,0.0,100.0,0.0,0.0,cFMD,ITA,Europe,yes,,,,,dairy,cheese,raw_milk_cheese,
SRR20746948,0.0,100.0,0.0,0.0,cFMD,ITA,Europe,yes,,,,,dairy,cheese,raw_milk_cheese,
SRR20746909,0.0,100.0,0.0,0.0,cFMD,ITA,Europe,yes,,,,,dairy,cheese,raw_milk_cheese,
SRR20746831,0.0,100.0,0.0,0.0,cFMD,ITA,Europe,yes,,,,,dairy,cheese,raw_milk_cheese,
SRR20746822,0.0,100.0,0.0,0.0,cFMD,ITA,Europe,yes,,,,,dairy,cheese,raw_milk_cheese,
SRR20746962,0.0,100.0,0.0,0.0,cFMD,ITA,Europe,yes,,,,,dairy,cheese,raw_milk_cheese,
FFOOD_02-01_T0,0.22188,87.98771,11.79041,0.0,cFMD,,,,,,,,,,,
FFOOD_02-05_T0,14.08923,85.91077,0.0,0.0,cFMD,,,,,,,,,,,
FFOOD_03-04_T12,28.8824,71.1176,0.0,0.0,cFMD,,,,,,,,,,,
FFOOD_04-02_T12,0.45665,38.76537,60.77798,0.0,cFMD,,,,,,,,,,,
FFOOD_04-01_T12,12.47301,87.52699,0.0,0.0,cFMD,,,,,,,,,,,
FFOOD_E23,66.76858,33.23142,0.0,0.0,cFMD,,,,,,,,,,,
FFOOD_220_T1,41.56508,58.43492,0.0,0.0,cFMD,,,,,,,,,,,
FFOOD_216_T1,64.31721,15.49194,20.19086,0.0,cFMD,,,,,,,,,,,
FFOOD_E3,81.22696,18.53886,0.23418,0.0,cFMD,,,,,,,,,,,
FFOOD_E25,99.89571,0.0,0.10429,0.0,cFMD,,,,,,,,,,,
FFOOD_E30,28.37056,71.62944,0.0,0.0,cFMD,,,,,,,,,,,
FFOOD_E8,100.0,0.0,0.0,0.0,cFMD,,,,,,,,,,,
FFOOD_E26,45.61375,53.92617,0.46008,0.0,cFMD,,,,,,,,,,,
FFOOD_N15,97.05097,2.94903,0.0,0.0,cFMD,,,,,,,,,,,
TGS08-15,47.1833,49.89701,2.91969,0.0,cFMD,,,,,,,,,,,
TGS01-14,100.0,0.0,0.0,0.0,cFMD,,,,,,,,,,,
bb106_B_longum_infantis_L001,,,,,sup_str,,,,,,,,,,,
bb125_B_breve_L001,,,,,sup_str,,,,,,,,,,,
GCA_000213865,,,,,metaref_isolate,,,,,,,,,,,
GCA_000220135,,,,,metaref_isolate,,,,,,,,,,,
GCA_000411435,,,,,metaref_isolate,,,,,,,,,,,
GCA_000568975,,,,,metaref_isolate,,,,,,,,,,,
GCA_000569015,,,,,metaref_isolate,,,,,,,,,,,
GCA_000569035,,,,,metaref_isolate,,,,,,,,,,,
GCA_000569055,,,,,metaref_isolate,,,,,,,,,,,
GCA_000569075,,,,,metaref_isolate,,,,,,,,,,,
GCA_001189355,,,,,metaref_isolate,,,,,,,,,,,
GCA_001263845,,,,,metaref_isolate,,,,,,,,,,,
GCA_001263855,,,,,metaref_isolate,,,,,,,,,,,
GCA_001263915,,,,,metaref_isolate,,,,,,,,,,,
GCA_001263935,,,,,metaref_isolate,,,,,,,,,,,
GCA_001264035,,,,,metaref_isolate,,,,,,,,,,,
GCA_001264045,,,,,metaref_isolate,,,,,,,,,,,
GCA_001264095,,,,,metaref_isolate,,,,,,,,,,,
GCA_001264105,,,,,metaref_isolate,,,,,,,,,,,
GCA_001264135,,,,,metaref_isolate,,,,,,,,,,,
GCA_001264155,,,,,metaref_isolate,,,,,,,,,,,
GCA_001281425,,,,,metaref_isolate,,,,,,,,,,,
GCA_001685725,,,,,metaref_isolate,,,,,,,,,,,
GCA_001685745,,,,,metaref_isolate,,,,,,,,,,,
GCA_001685765,,,,,metaref_isolate,,,,,,,,,,,
GCA_001685785,,,,,metaref_isolate,,,,,,,,,,,
GCA_001685805,,,,,metaref_isolate,,,,,,,,,,,
GCA_001685825,,,,,metaref_isolate,,,,,,,,,,,
GCA_001685845,,,,,metaref_isolate,,,,,,,,,,,
GCA_001685865,,,,,metaref_isolate,,,,,,,,,,,
GCA_001685885,,,,,metaref_isolate,,,,,,,,,,,
GCA_001685905,,,,,metaref_isolate,,,,,,,,,,,
GCA_001685925,,,,,metaref_isolate,,,,,,,,,,,
GCA_001685945,,,,,metaref_isolate,,,,,,,,,,,
GCA_001990225,,,,,metaref_isolate,,,,,,,,,,,
GCA_002075865,,,,,metaref_isolate,,,,,,,,,,,
GCA_002076075,,,,,metaref_isolate,,,,,,,,,,,
GCA_002271275,,,,,metaref_isolate,,,,,,,,,,,
GCA_002838225,,,,,metaref_isolate,,,,,,,,,,,
GCA_002838305,,,,,metaref_isolate,,,,,,,,,,,
GCA_002838325,,,,,metaref_isolate,,,,,,,,,,,
GCA_002838345,,,,,metaref_isolate,,,,,,,,,,,
GCA_002838365,,,,,metaref_isolate,,,,,,,,,,,
GCA_002838385,,,,,metaref_isolate,,,,,,,,,,,
GCA_002838405,,,,,metaref_isolate,,,,,,,,,,,
GCA_002838425,,,,,metaref_isolate,,,,,,,,,,,
GCA_002838445,,,,,metaref_isolate,,,,,,,,,,,
GCA_002838465,,,,,metaref_isolate,,,,,,,,,,,
GCA_002838485,,,,,metaref_isolate,,,,,,,,,,,
GCA_002838505,,,,,metaref_isolate,,,,,,,,,,,
GCA_002838525,,,,,metaref_isolate,,,,,,,,,,,
GCA_002838545,,,,,metaref_isolate,,,,,,,,,,,
GCA_002838565,,,,,metaref_isolate,,,,,,,,,,,
GCA_002838645,,,,,metaref_isolate,,,,,,,,,,,
GCA_002838725,,,,,metaref_isolate,,,,,,,,,,,
GCA_002871815,,,,,metaref_isolate,,,,,,,,,,,
GCA_002914865,,,,,metaref_isolate,,,,,,,,,,,
GCA_003095095,,,,,metaref_isolate,,,,,,,,,,,
GCA_003370105,,,,,metaref_isolate,,,,,,,,,,,
GCA_003370125,,,,,metaref_isolate,,,,,,,,,,,
GCA_003370175,,,,,metaref_isolate,,,,,,,,,,,
GCA_003860285,,,,,metaref_isolate,,,,,,,,,,,
GCA_006546585,,,,,metaref_isolate,,,,,,,,,,,
GCA_009931415,,,,,metaref_isolate,,,,,,,,,,,
GCA_014779815,,,,,metaref_isolate,,,,,,,,,,,
GCA_015547895,,,,,metaref_isolate,,,,,,,,,,,
GCA_015668215,,,,,metaref_isolate,,,,,,,,,,,
GCA_015670155,,,,,metaref_isolate,,,,,,,,,,,
GCA_018326685,,,,,metaref_isolate,,,,,,,,,,,
GCA_018326705,,,,,metaref_isolate,,,,,,,,,,,
GCA_018326785,,,,,metaref_isolate,,,,,,,,,,,
GCA_018326825,,,,,metaref_isolate,,,,,,,,,,,
GCA_018326845,,,,,metaref_isolate,,,,,,,,,,,
GCA_018327025,,,,,metaref_isolate,,,,,,,,,,,
GCA_018327065,,,,,metaref_isolate,,,,,,,,,,,
GCA_018327225,,,,,metaref_isolate,,,,,,,,,,,
GCA_018327285,,,,,metaref_isolate,,,,,,,,,,,
GCA_018327445,,,,,metaref_isolate,,,,,,,,,,,
GCA_900102865,,,,,metaref_isolate,,,,,,,,,,,
GCA_900157105,,,,,metaref_isolate,,,,,,,,,,,
GCA_900157125,,,,,metaref_isolate,,,,,,,,,,,
GCA_901212525,,,,,metaref_isolate,,,,,,,,,,,
GCA_901980275,,,,,metaref_isolate,,,,,,,,,,,
GCA_902167575,,,,,metaref_isolate,,,,,,,,,,,
GCA_902167875,,,,,metaref_isolate,,,,,,,,,,,
GCA_902167895,,,,,metaref_isolate,,,,,,,,,,,
GCA_902505485,,,,,metaref_isolate,,,,,,,,,,,
M1013756292,,,,,metaref_isolate,,,,,,,,,,,
M1046160763,,,,,metaref_isolate,,,,,,,,,,,
M1060890080,,,,,metaref_isolate,,,,,,,,,,,
M1067452864,,,,,metaref_isolate,,,,,,,,,,,
M1142574511,,,,,metaref_isolate,,,,,,,,,,,
M1151722229,,,,,metaref_isolate,,,,,,,,,,,
M1199466994,,,,,metaref_isolate,,,,,,,,,,,
M1239339878,,,,,metaref_isolate,,,,,,,,,,,
M1246161231,,,,,metaref_isolate,,,,,,,,,,,
M1299952371,,,,,metaref_isolate,,,,,,,,,,,
M1316813599,,,,,metaref_isolate,,,,,,,,,,,
M1380392932,,,,,metaref_isolate,,,,,,,,,,,
M1394531467,,,,,metaref_isolate,,,,,,,,,,,
M1399126555,,,,,metaref_isolate,,,,,,,,,,,
M1441787585,,,,,metaref_isolate,,,,,,,,,,,
M1468917432,,,,,metaref_isolate,,,,,,,,,,,
M1533564411,,,,,metaref_isolate,,,,,,,,,,,
M1545259551,,,,,metaref_isolate,,,,,,,,,,,
M1564477360,,,,,metaref_isolate,,,,,,,,,,,
M1595420197,,,,,metaref_isolate,,,,,,,,,,,
M1645446787,,,,,metaref_isolate,,,,,,,,,,,
M1669609299,,,,,metaref_isolate,,,,,,,,,,,
M1683395341,,,,,metaref_isolate,,,,,,,,,,,
M1745900820,,,,,metaref_isolate,,,,,,,,,,,
M1760274379,,,,,metaref_isolate,,,,,,,,,,,
M1872956157,,,,,metaref_isolate,,,,,,,,,,,
M1884685499,,,,,metaref_isolate,,,,,,,,,,,
M1886198015,,,,,metaref_isolate,,,,,,,,,,,
M1887643793,,,,,metaref_isolate,,,,,,,,,,,
M1956644480,,,,,metaref_isolate,,,,,,,,,,,
M1988359467,,,,,metaref_isolate,,,,,,,,,,,
GCA_000155395,,,,,metaref_isolate,,,,,,,,,,,
GCA_000164965,,,,,metaref_isolate,,,,,,,,,,,
GCA_000165905,,,,,metaref_isolate,,,,,,,,,,,
GCA_000265095,,,,,metaref_isolate,,,,,,,,,,,
GCA_001020255,,,,,metaref_isolate,,,,,,,,,,,
GCA_001020265,,,,,metaref_isolate,,,,,,,,,,,
GCA_001020325,,,,,metaref_isolate,,,,,,,,,,,
GCA_001020335,,,,,metaref_isolate,,,,,,,,,,,
GCA_001020355,,,,,metaref_isolate,,,,,,,,,,,
GCA_001020405,,,,,metaref_isolate,,,,,,,,,,,
GCA_001020415,,,,,metaref_isolate,,,,,,,,,,,
GCA_001025135,,,,,metaref_isolate,,,,,,,,,,,
GCA_001281345,,,,,metaref_isolate,,,,,,,,,,,
GCA_001405355,,,,,metaref_isolate,,,,,,,,,,,
GCA_001546225,,,,,metaref_isolate,,,,,,,,,,,
GCA_001595435,,,,,metaref_isolate,,,,,,,,,,,
GCA_001685685,,,,,metaref_isolate,,,,,,,,,,,
GCA_002076105,,,,,metaref_isolate,,,,,,,,,,,
GCA_003094715,,,,,metaref_isolate,,,,,,,,,,,
GCA_003094755,,,,,metaref_isolate,,,,,,,,,,,
GCA_003390735,,,,,metaref_isolate,,,,,,,,,,,
GCA_003436135,,,,,metaref_isolate,,,,,,,,,,,
GCA_003436575,,,,,metaref_isolate,,,,,,,,,,,
GCA_003436655,,,,,metaref_isolate,,,,,,,,,,,
GCA_003437175,,,,,metaref_isolate,,,,,,,,,,,
GCA_003437345,,,,,metaref_isolate,,,,,,,,,,,
GCA_003437945,,,,,metaref_isolate,,,,,,,,,,,
GCA_003465425,,,,,metaref_isolate,,,,,,,,,,,
GCA_003466395,,,,,metaref_isolate,,,,,,,,,,,
GCA_003466485,,,,,metaref_isolate,,,,,,,,,,,
GCA_003467985,,,,,metaref_isolate,,,,,,,,,,,
GCA_003468415,,,,,metaref_isolate,,,,,,,,,,,
GCA_003470585,,,,,metaref_isolate,,,,,,,,,,,
GCA_003472345,,,,,metaref_isolate,,,,,,,,,,,
GCA_004167365,,,,,metaref_isolate,,,,,,,,,,,
GCA_005844205,,,,,metaref_isolate,,,,,,,,,,,
GCA_005844365,,,,,metaref_isolate,,,,,,,,,,,
GCA_009159095,,,,,metaref_isolate,,,,,,,,,,,
GCA_009159495,,,,,metaref_isolate,,,,,,,,,,,
GCA_009159505,,,,,metaref_isolate,,,,,,,,,,,
GCA_011029205,,,,,metaref_isolate,,,,,,,,,,,
GCA_015549125,,,,,metaref_isolate,,,,,,,,,,,
GCA_015549425,,,,,metaref_isolate,,,,,,,,,,,
GCA_015549755,,,,,metaref_isolate,,,,,,,,,,,
GCA_015551545,,,,,metaref_isolate,,,,,,,,,,,
GCA_015667555,,,,,metaref_isolate,,,,,,,,,,,
GCA_016069985,,,,,metaref_isolate,,,,,,,,,,,
GCA_017894325,,,,,metaref_isolate,,,,,,,,,,,
GCA_018326525,,,,,metaref_isolate,,,,,,,,,,,
GCA_018326765,,,,,metaref_isolate,,,,,,,,,,,
GCA_018326885,,,,,metaref_isolate,,,,,,,,,,,
GCA_900112465,,,,,metaref_isolate,,,,,,,,,,,
GCA_901212485,,,,,metaref_isolate,,,,,,,,,,,
M1043839118,,,,,metaref_isolate,,,,,,,,,,,
M1059202458,,,,,metaref_isolate,,,,,,,,,,,
M1105677617,,,,,metaref_isolate,,,,,,,,,,,
M1150280962,,,,,metaref_isolate,,,,,,,,,,,
M1158642958,,,,,metaref_isolate,,,,,,,,,,,
M1213019862,,,,,metaref_isolate,,,,,,,,,,,
M1346617998,,,,,metaref_isolate,,,,,,,,,,,
M1347826074,,,,,metaref_isolate,,,,,,,,,,,
M1356250289,,,,,metaref_isolate,,,,,,,,,,,
M1358633366,,,,,metaref_isolate,,,,,,,,,,,
M1429561482,,,,,metaref_isolate,,,,,,,,,,,
M1440718719,,,,,metaref_isolate,,,,,,,,,,,
M1445884696,,,,,metaref_isolate,,,,,,,,,,,
M1594655685,,,,,metaref_isolate,,,,,,,,,,,
M1612847064,,,,,metaref_isolate,,,,,,,,,,,
M1667705299,,,,,metaref_isolate,,,,,,,,,,,
M1724164548,,,,,metaref_isolate,,,,,,,,,,,
M1781739372,,,,,metaref_isolate,,,,,,,,,,,
M1783049411,,,,,metaref_isolate,,,,,,,,,,,
M1823861347,,,,,metaref_isolate,,,,,,,,,,,
M1853911436,,,,,metaref_isolate,,,,,,,,,,,
M1868235334,,,,,metaref_isolate,,,,,,,,,,,
M1895640879,,,,,metaref_isolate,,,,,,,,,,,
M1928173142,,,,,metaref_isolate,,,,,,,,,,,
M1965102125,,,,,metaref_isolate,,,,,,,,,,,
M1985584513,,,,,metaref_isolate,,,,,,,,,,,
M1994809340,,,,,metaref_isolate,,,,,,,,,,,
M1998861162,,,,,metaref_isolate,,,,,,,,,,,
GCA_000020425,,,,,metaref_isolate,,,,,,,,,,,
GCA_000730125,,,,,metaref_isolate,,,,,,,,,,,
GCA_000825145,,,,,metaref_isolate,,,,,,,,,,,
GCA_001281305,,,,,metaref_isolate,,,,,,,,,,,
GCA_001686125,,,,,metaref_isolate,,,,,,,,,,,
GCA_001870755,,,,,metaref_isolate,,,,,,,,,,,
GCA_004803425,,,,,metaref_isolate,,,,,,,,,,,
GCA_009696495,,,,,metaref_isolate,,,,,,,,,,,
GCA_015102215,,,,,metaref_isolate,,,,,,,,,,,
GCA_017378625,,,,,metaref_isolate,,,,,,,,,,,
GCA_018140675,,,,,metaref_isolate,,,,,,,,,,,
GCA_018326505,,,,,metaref_isolate,,,,,,,,,,,
GCA_900157085,,,,,metaref_isolate,,,,,,,,,,,
GCA_900445755,,,,,metaref_isolate,,,,,,,,,,,
GCA_901212475,,,,,metaref_isolate,,,,,,,,,,,
GCA_901212585,,,,,metaref_isolate,,,,,,,,,,,
GCA_902167555,,,,,metaref_isolate,,,,,,,,,,,
GCA_902167915,,,,,metaref_isolate,,,,,,,,,,,
GCA_902505525,,,,,metaref_isolate,,,,,,,,,,,
GCA_902505535,,,,,metaref_isolate,,,,,,,,,,,
M1347926468,,,,,metaref_isolate,,,,,,,,,,,
M1416855256,,,,,metaref_isolate,,,,,,,,,,,
M1422085687,,,,,metaref_isolate,,,,,,,,,,,
M1459581666,,,,,metaref_isolate,,,,,,,,,,,
M1532527754,,,,,metaref_isolate,,,,,,,,,,,
M1694633056,,,,,metaref_isolate,,,,,,,,,,,
M1950565601,,,,,metaref_isolate,,,,,,,,,,,
M1967462326,,,,,metaref_isolate,,,,,,,,,,,
M1971018394,,,,,metaref_isolate,,,,,,,,,,,
GCA_000003135,,,,,metaref_isolate,,,,,,,,,,,
GCA_000007525,,,,,metaref_isolate,,,,,,,,,,,
GCA_000008945,,,,,metaref_isolate,,,,,,,,,,,
GCA_000155415,,,,,metaref_isolate,,,,,,,,,,,
GCA_000166315,,,,,metaref_isolate,,,,,,,,,,,
GCA_000185665,,,,,metaref_isolate,,,,,,,,,,,
GCA_000196555,,,,,metaref_isolate,,,,,,,,,,,
GCA_000196575,,,,,metaref_isolate,,,,,,,,,,,
GCA_000210755,,,,,metaref_isolate,,,,,,,,,,,
GCA_000219455,,,,,metaref_isolate,,,,,,,,,,,
GCA_000261205,,,,,metaref_isolate,,,,,,,,,,,
GCA_000261225,,,,,metaref_isolate,,,,,,,,,,,
GCA_000261245,,,,,metaref_isolate,,,,,,,,,,,
GCA_000261265,,,,,metaref_isolate,,,,,,,,,,,
GCA_000497735,,,,,metaref_isolate,,,,,,,,,,,
GCA_000730025,,,,,metaref_isolate,,,,,,,,,,,
GCA_000730035,,,,,metaref_isolate,,,,,,,,,,,
GCA_000730045,,,,,metaref_isolate,,,,,,,,,,,
GCA_000730055,,,,,metaref_isolate,,,,,,,,,,,
GCA_000730105,,,,,metaref_isolate,,,,,,,,,,,
GCA_000730135,,,,,metaref_isolate,,,,,,,,,,,
GCA_000772485,,,,,metaref_isolate,,,,,,,,,,,
GCA_000786175,,,,,metaref_isolate,,,,,,,,,,,
GCA_000829295,,,,,metaref_isolate,,,,,,,,,,,
GCA_001050555,,,,,metaref_isolate,,,,,,,,,,,
GCA_001275745,,,,,metaref_isolate,,,,,,,,,,,
GCA_001446255,,,,,metaref_isolate,,,,,,,,,,,
GCA_001446275,,,,,metaref_isolate,,,,,,,,,,,
GCA_001447975,,,,,metaref_isolate,,,,,,,,,,,
GCA_001516925,,,,,metaref_isolate,,,,,,,,,,,
GCA_001546275,,,,,metaref_isolate,,,,,,,,,,,
GCA_001595465,,,,,metaref_isolate,,,,,,,,,,,
GCA_001686145,,,,,metaref_isolate,,,,,,,,,,,
GCA_001686165,,,,,metaref_isolate,,,,,,,,,,,
GCA_001686205,,,,,metaref_isolate,,,,,,,,,,,
GCA_001686225,,,,,metaref_isolate,,,,,,,,,,,
GCA_001686245,,,,,metaref_isolate,,,,,,,,,,,
GCA_001725985,,,,,metaref_isolate,,,,,,,,,,,
GCA_001940535,,,,,metaref_isolate,,,,,,,,,,,
GCA_002075875,,,,,metaref_isolate,,,,,,,,,,,
GCA_002076015,,,,,metaref_isolate,,,,,,,,,,,
GCA_002076095,,,,,metaref_isolate,,,,,,,,,,,
GCA_002276185,,,,,metaref_isolate,,,,,,,,,,,
GCA_002832945,,,,,metaref_isolate,,,,,,,,,,,
GCA_002832955,,,,,metaref_isolate,,,,,,,,,,,
GCA_002832985,,,,,metaref_isolate,,,,,,,,,,,
GCA_002832995,,,,,metaref_isolate,,,,,,,,,,,
GCA_002833015,,,,,metaref_isolate,,,,,,,,,,,
GCA_002833035,,,,,metaref_isolate,,,,,,,,,,,
GCA_002833065,,,,,metaref_isolate,,,,,,,,,,,
GCA_002833075,,,,,metaref_isolate,,,,,,,,,,,
GCA_002833115,,,,,metaref_isolate,,,,,,,,,,,
GCA_002833125,,,,,metaref_isolate,,,,,,,,,,,
GCA_002833135,,,,,metaref_isolate,,,,,,,,,,,
GCA_002833175,,,,,metaref_isolate,,,,,,,,,,,
GCA_002833185,,,,,metaref_isolate,,,,,,,,,,,
GCA_002833205,,,,,metaref_isolate,,,,,,,,,,,
GCA_002833215,,,,,metaref_isolate,,,,,,,,,,,
GCA_002833255,,,,,metaref_isolate,,,,,,,,,,,
GCA_002833265,,,,,metaref_isolate,,,,,,,,,,,
GCA_002833285,,,,,metaref_isolate,,,,,,,,,,,
GCA_002861445,,,,,metaref_isolate,,,,,,,,,,,
GCA_003094995,,,,,metaref_isolate,,,,,,,,,,,
GCA_003342655,,,,,metaref_isolate,,,,,,,,,,,
GCA_003369995,,,,,metaref_isolate,,,,,,,,,,,
GCA_003370005,,,,,metaref_isolate,,,,,,,,,,,
GCA_003370025,,,,,metaref_isolate,,,,,,,,,,,
GCA_003370035,,,,,metaref_isolate,,,,,,,,,,,
GCA_003370065,,,,,metaref_isolate,,,,,,,,,,,
GCA_003370095,,,,,metaref_isolate,,,,,,,,,,,
GCA_003436505,,,,,metaref_isolate,,,,,,,,,,,
GCA_003436595,,,,,metaref_isolate,,,,,,,,,,,
GCA_003437095,,,,,metaref_isolate,,,,,,,,,,,
GCA_003437105,,,,,metaref_isolate,,,,,,,,,,,
GCA_003437455,,,,,metaref_isolate,,,,,,,,,,,
GCA_003437695,,,,,metaref_isolate,,,,,,,,,,,
GCA_003437715,,,,,metaref_isolate,,,,,,,,,,,
GCA_003437995,,,,,metaref_isolate,,,,,,,,,,,
GCA_003438385,,,,,metaref_isolate,,,,,,,,,,,
GCA_003457975,,,,,metaref_isolate,,,,,,,,,,,
GCA_003458335,,,,,metaref_isolate,,,,,,,,,,,
GCA_003463285,,,,,metaref_isolate,,,,,,,,,,,
GCA_003464575,,,,,metaref_isolate,,,,,,,,,,,
GCA_003465095,,,,,metaref_isolate,,,,,,,,,,,
GCA_003465455,,,,,metaref_isolate,,,,,,,,,,,
GCA_003465545,,,,,metaref_isolate,,,,,,,,,,,
GCA_003465635,,,,,metaref_isolate,,,,,,,,,,,
GCA_003465745,,,,,metaref_isolate,,,,,,,,,,,
GCA_003466045,,,,,metaref_isolate,,,,,,,,,,,
GCA_003466425,,,,,metaref_isolate,,,,,,,,,,,
GCA_003466505,,,,,metaref_isolate,,,,,,,,,,,
GCA_003466545,,,,,metaref_isolate,,,,,,,,,,,
GCA_003467395,,,,,metaref_isolate,,,,,,,,,,,
GCA_003467905,,,,,metaref_isolate,,,,,,,,,,,
GCA_003468005,,,,,metaref_isolate,,,,,,,,,,,
GCA_003468265,,,,,metaref_isolate,,,,,,,,,,,
GCA_003468805,,,,,metaref_isolate,,,,,,,,,,,
GCA_003468825,,,,,metaref_isolate,,,,,,,,,,,
GCA_003471245,,,,,metaref_isolate,,,,,,,,,,,
GCA_003471345,,,,,metaref_isolate,,,,,,,,,,,
GCA_003471915,,,,,metaref_isolate,,,,,,,,,,,
GCA_003472305,,,,,metaref_isolate,,,,,,,,,,,
GCA_003472405,,,,,metaref_isolate,,,,,,,,,,,
GCA_003472605,,,,,metaref_isolate,,,,,,,,,,,
GCA_003473205,,,,,metaref_isolate,,,,,,,,,,,
GCA_003474905,,,,,metaref_isolate,,,,,,,,,,,
GCA_003475025,,,,,metaref_isolate,,,,,,,,,,,
GCA_003475055,,,,,metaref_isolate,,,,,,,,,,,
GCA_003475835,,,,,metaref_isolate,,,,,,,,,,,
GCA_003790375,,,,,metaref_isolate,,,,,,,,,,,
GCA_003990235,,,,,metaref_isolate,,,,,,,,,,,
GCA_004125375,,,,,metaref_isolate,,,,,,,,,,,
GCA_004167725,,,,,metaref_isolate,,,,,,,,,,,
GCA_004324325,,,,,metaref_isolate,,,,,,,,,,,
GCA_004332625,,,,,metaref_isolate,,,,,,,,,,,
GCA_004332645,,,,,metaref_isolate,,,,,,,,,,,
GCA_004332665,,,,,metaref_isolate,,,,,,,,,,,
GCA_004332725,,,,,metaref_isolate,,,,,,,,,,,
GCA_004332735,,,,,metaref_isolate,,,,,,,,,,,
GCA_004332745,,,,,metaref_isolate,,,,,,,,,,,
GCA_004332755,,,,,metaref_isolate,,,,,,,,,,,
GCA_004332765,,,,,metaref_isolate,,,,,,,,,,,
GCA_004332835,,,,,metaref_isolate,,,,,,,,,,,
GCA_004332855,,,,,metaref_isolate,,,,,,,,,,,
GCA_004332865,,,,,metaref_isolate,,,,,,,,,,,
GCA_004332895,,,,,metaref_isolate,,,,,,,,,,,
GCA_004332925,,,,,metaref_isolate,,,,,,,,,,,
GCA_004332935,,,,,metaref_isolate,,,,,,,,,,,
GCA_004332945,,,,,metaref_isolate,,,,,,,,,,,
GCA_004332965,,,,,metaref_isolate,,,,,,,,,,,
GCA_004333005,,,,,metaref_isolate,,,,,,,,,,,
GCA_004333015,,,,,metaref_isolate,,,,,,,,,,,
GCA_004333035,,,,,metaref_isolate,,,,,,,,,,,
GCA_004333045,,,,,metaref_isolate,,,,,,,,,,,
GCA_004333065,,,,,metaref_isolate,,,,,,,,,,,
GCA_004333105,,,,,metaref_isolate,,,,,,,,,,,
GCA_004333115,,,,,metaref_isolate,,,,,,,,,,,
GCA_004333125,,,,,metaref_isolate,,,,,,,,,,,
GCA_004333165,,,,,metaref_isolate,,,,,,,,,,,
GCA_004333175,,,,,metaref_isolate,,,,,,,,,,,
GCA_004333205,,,,,metaref_isolate,,,,,,,,,,,
GCA_004333215,,,,,metaref_isolate,,,,,,,,,,,
GCA_004333235,,,,,metaref_isolate,,,,,,,,,,,
GCA_004333265,,,,,metaref_isolate,,,,,,,,,,,
GCA_004333275,,,,,metaref_isolate,,,,,,,,,,,
GCA_004333305,,,,,metaref_isolate,,,,,,,,,,,
GCA_004333325,,,,,metaref_isolate,,,,,,,,,,,
GCA_004333335,,,,,metaref_isolate,,,,,,,,,,,
GCA_004333365,,,,,metaref_isolate,,,,,,,,,,,
GCA_004333375,,,,,metaref_isolate,,,,,,,,,,,
GCA_004333385,,,,,metaref_isolate,,,,,,,,,,,
GCA_004333425,,,,,metaref_isolate,,,,,,,,,,,
GCA_004333445,,,,,metaref_isolate,,,,,,,,,,,
GCA_004333455,,,,,metaref_isolate,,,,,,,,,,,
GCA_004333465,,,,,metaref_isolate,,,,,,,,,,,
GCA_004333475,,,,,metaref_isolate,,,,,,,,,,,
GCA_004333515,,,,,metaref_isolate,,,,,,,,,,,
GCA_004333535,,,,,metaref_isolate,,,,,,,,,,,
GCA_004333555,,,,,metaref_isolate,,,,,,,,,,,
GCA_004333565,,,,,metaref_isolate,,,,,,,,,,,
GCA_004333575,,,,,metaref_isolate,,,,,,,,,,,
GCA_004333625,,,,,metaref_isolate,,,,,,,,,,,
GCA_004333635,,,,,metaref_isolate,,,,,,,,,,,
GCA_004333645,,,,,metaref_isolate,,,,,,,,,,,
GCA_004333675,,,,,metaref_isolate,,,,,,,,,,,
GCA_004333695,,,,,metaref_isolate,,,,,,,,,,,
GCA_004333715,,,,,metaref_isolate,,,,,,,,,,,
GCA_004333735,,,,,metaref_isolate,,,,,,,,,,,
GCA_004333765,,,,,metaref_isolate,,,,,,,,,,,
GCA_004333775,,,,,metaref_isolate,,,,,,,,,,,
GCA_004333795,,,,,metaref_isolate,,,,,,,,,,,
GCA_004333845,,,,,metaref_isolate,,,,,,,,,,,
GCA_004333875,,,,,metaref_isolate,,,,,,,,,,,
GCA_004333895,,,,,metaref_isolate,,,,,,,,,,,
GCA_004333905,,,,,metaref_isolate,,,,,,,,,,,
GCA_004333925,,,,,metaref_isolate,,,,,,,,,,,
GCA_004333935,,,,,metaref_isolate,,,,,,,,,,,
GCA_004333975,,,,,metaref_isolate,,,,,,,,,,,
GCA_004333995,,,,,metaref_isolate,,,,,,,,,,,
GCA_004334035,,,,,metaref_isolate,,,,,,,,,,,
GCA_004334045,,,,,metaref_isolate,,,,,,,,,,,
GCA_004334065,,,,,metaref_isolate,,,,,,,,,,,
GCA_004334075,,,,,metaref_isolate,,,,,,,,,,,
GCA_004334105,,,,,metaref_isolate,,,,,,,,,,,
GCA_004334145,,,,,metaref_isolate,,,,,,,,,,,
GCA_004334155,,,,,metaref_isolate,,,,,,,,,,,
GCA_004334165,,,,,metaref_isolate,,,,,,,,,,,
GCA_004334205,,,,,metaref_isolate,,,,,,,,,,,
GCA_004334215,,,,,metaref_isolate,,,,,,,,,,,
GCA_004334235,,,,,metaref_isolate,,,,,,,,,,,
GCA_004334245,,,,,metaref_isolate,,,,,,,,,,,
GCA_004334255,,,,,metaref_isolate,,,,,,,,,,,
GCA_004334325,,,,,metaref_isolate,,,,,,,,,,,
GCA_004334345,,,,,metaref_isolate,,,,,,,,,,,
GCA_004334355,,,,,metaref_isolate,,,,,,,,,,,
GCA_004334365,,,,,metaref_isolate,,,,,,,,,,,
GCA_004334425,,,,,metaref_isolate,,,,,,,,,,,
GCA_004334435,,,,,metaref_isolate,,,,,,,,,,,
GCA_004334445,,,,,metaref_isolate,,,,,,,,,,,
GCA_004334465,,,,,metaref_isolate,,,,,,,,,,,
GCA_004334485,,,,,metaref_isolate,,,,,,,,,,,
GCA_004334535,,,,,metaref_isolate,,,,,,,,,,,
GCA_004334545,,,,,metaref_isolate,,,,,,,,,,,
GCA_004334555,,,,,metaref_isolate,,,,,,,,,,,
GCA_004334615,,,,,metaref_isolate,,,,,,,,,,,
GCA_004334635,,,,,metaref_isolate,,,,,,,,,,,
GCA_004334695,,,,,metaref_isolate,,,,,,,,,,,
GCA_004334705,,,,,metaref_isolate,,,,,,,,,,,
GCA_004334715,,,,,metaref_isolate,,,,,,,,,,,
GCA_004334745,,,,,metaref_isolate,,,,,,,,,,,
GCA_004334775,,,,,metaref_isolate,,,,,,,,,,,
GCA_004334785,,,,,metaref_isolate,,,,,,,,,,,
GCA_004334795,,,,,metaref_isolate,,,,,,,,,,,
GCA_004334815,,,,,metaref_isolate,,,,,,,,,,,
GCA_004334855,,,,,metaref_isolate,,,,,,,,,,,
GCA_004334865,,,,,metaref_isolate,,,,,,,,,,,
GCA_004936435,,,,,metaref_isolate,,,,,,,,,,,
GCA_005406285,,,,,metaref_isolate,,,,,,,,,,,
GCA_005844115,,,,,metaref_isolate,,,,,,,,,,,
GCA_005844345,,,,,metaref_isolate,,,,,,,,,,,
GCA_005844715,,,,,metaref_isolate,,,,,,,,,,,
GCA_006438975,,,,,metaref_isolate,,,,,,,,,,,
GCA_009154125,,,,,metaref_isolate,,,,,,,,,,,
GCA_009154335,,,,,metaref_isolate,,,,,,,,,,,
GCA_009154485,,,,,metaref_isolate,,,,,,,,,,,
GCA_009154535,,,,,metaref_isolate,,,,,,,,,,,
GCA_009155275,,,,,metaref_isolate,,,,,,,,,,,
GCA_009155315,,,,,metaref_isolate,,,,,,,,,,,
GCA_009155965,,,,,metaref_isolate,,,,,,,,,,,
GCA_009156345,,,,,metaref_isolate,,,,,,,,,,,
GCA_009156355,,,,,metaref_isolate,,,,,,,,,,,
GCA_009157155,,,,,metaref_isolate,,,,,,,,,,,
GCA_009157315,,,,,metaref_isolate,,,,,,,,,,,
GCA_009157355,,,,,metaref_isolate,,,,,,,,,,,
GCA_009157655,,,,,metaref_isolate,,,,,,,,,,,
GCA_009157785,,,,,metaref_isolate,,,,,,,,,,,
GCA_009158235,,,,,metaref_isolate,,,,,,,,,,,
GCA_009158295,,,,,metaref_isolate,,,,,,,,,,,
GCA_009158305,,,,,metaref_isolate,,,,,,,,,,,
GCA_009158315,,,,,metaref_isolate,,,,,,,,,,,
GCA_009158355,,,,,metaref_isolate,,,,,,,,,,,
GCA_009158375,,,,,metaref_isolate,,,,,,,,,,,
GCA_009158405,,,,,metaref_isolate,,,,,,,,,,,
GCA_009158605,,,,,metaref_isolate,,,,,,,,,,,
GCA_009158665,,,,,metaref_isolate,,,,,,,,,,,
GCA_009158855,,,,,metaref_isolate,,,,,,,,,,,
GCA_009158875,,,,,metaref_isolate,,,,,,,,,,,
GCA_009159565,,,,,metaref_isolate,,,,,,,,,,,
GCA_009159855,,,,,metaref_isolate,,,,,,,,,,,
GCA_009160085,,,,,metaref_isolate,,,,,,,,,,,
GCA_009160405,,,,,metaref_isolate,,,,,,,,,,,
GCA_009160525,,,,,metaref_isolate,,,,,,,,,,,
GCA_009728915,,,,,metaref_isolate,,,,,,,,,,,
GCA_009741385,,,,,metaref_isolate,,,,,,,,,,,
GCA_009883495,,,,,metaref_isolate,,,,,,,,,,,
GCA_009883575,,,,,metaref_isolate,,,,,,,,,,,
GCA_009896525,,,,,metaref_isolate,,,,,,,,,,,
GCA_009931635,,,,,metaref_isolate,,,,,,,,,,,
GCA_011764605,,,,,metaref_isolate,,,,,,,,,,,
GCA_014334375,,,,,metaref_isolate,,,,,,,,,,,
GCA_014779835,,,,,metaref_isolate,,,,,,,,,,,
GCA_014898135,,,,,metaref_isolate,,,,,,,,,,,
GCA_014898215,,,,,metaref_isolate,,,,,,,,,,,
GCA_014898255,,,,,metaref_isolate,,,,,,,,,,,
GCA_014900535,,,,,metaref_isolate,,,,,,,,,,,
GCA_015101725,,,,,metaref_isolate,,,,,,,,,,,
GCA_015546765,,,,,metaref_isolate,,,,,,,,,,,
GCA_015547105,,,,,metaref_isolate,,,,,,,,,,,
GCA_015547785,,,,,metaref_isolate,,,,,,,,,,,
GCA_015550145,,,,,metaref_isolate,,,,,,,,,,,
GCA_015550805,,,,,metaref_isolate,,,,,,,,,,,
GCA_015551245,,,,,metaref_isolate,,,,,,,,,,,
GCA_015551415,,,,,metaref_isolate,,,,,,,,,,,
GCA_015551445,,,,,metaref_isolate,,,,,,,,,,,
GCA_015553485,,,,,metaref_isolate,,,,,,,,,,,
GCA_015553805,,,,,metaref_isolate,,,,,,,,,,,
GCA_015554025,,,,,metaref_isolate,,,,,,,,,,,
GCA_015554225,,,,,metaref_isolate,,,,,,,,,,,
GCA_015555065,,,,,metaref_isolate,,,,,,,,,,,
GCA_015556235,,,,,metaref_isolate,,,,,,,,,,,
GCA_015558665,,,,,metaref_isolate,,,,,,,,,,,
GCA_015558825,,,,,metaref_isolate,,,,,,,,,,,
GCA_015558965,,,,,metaref_isolate,,,,,,,,,,,
GCA_015560565,,,,,metaref_isolate,,,,,,,,,,,
GCA_015560585,,,,,metaref_isolate,,,,,,,,,,,
GCA_015667025,,,,,metaref_isolate,,,,,,,,,,,
GCA_015667155,,,,,metaref_isolate,,,,,,,,,,,
GCA_015667915,,,,,metaref_isolate,,,,,,,,,,,
GCA_015668695,,,,,metaref_isolate,,,,,,,,,,,
GCA_015669395,,,,,metaref_isolate,,,,,,,,,,,
GCA_015669715,,,,,metaref_isolate,,,,,,,,,,,
GCA_015669945,,,,,metaref_isolate,,,,,,,,,,,
GCA_015670335,,,,,metaref_isolate,,,,,,,,,,,
GCA_015670475,,,,,metaref_isolate,,,,,,,,,,,
GCA_015670535,,,,,metaref_isolate,,,,,,,,,,,
GCA_015670845,,,,,metaref_isolate,,,,,,,,,,,
GCA_015670995,,,,,metaref_isolate,,,,,,,,,,,
GCA_015671085,,,,,metaref_isolate,,,,,,,,,,,
GCA_015671435,,,,,metaref_isolate,,,,,,,,,,,
GCA_016069995,,,,,metaref_isolate,,,,,,,,,,,
GCA_016634435,,,,,metaref_isolate,,,,,,,,,,,
GCA_016648895,,,,,metaref_isolate,,,,,,,,,,,
GCA_016759665,,,,,metaref_isolate,,,,,,,,,,,
GCA_016759705,,,,,metaref_isolate,,,,,,,,,,,
GCA_016759745,,,,,metaref_isolate,,,,,,,,,,,
GCA_016759755,,,,,metaref_isolate,,,,,,,,,,,
GCA_016759765,,,,,metaref_isolate,,,,,,,,,,,
GCA_016759805,,,,,metaref_isolate,,,,,,,,,,,
GCA_016759825,,,,,metaref_isolate,,,,,,,,,,,
GCA_016838685,,,,,metaref_isolate,,,,,,,,,,,
GCA_017312505,,,,,metaref_isolate,,,,,,,,,,,
GCA_017312525,,,,,metaref_isolate,,,,,,,,,,,
GCA_017312545,,,,,metaref_isolate,,,,,,,,,,,
GCA_017312565,,,,,metaref_isolate,,,,,,,,,,,
GCA_017312585,,,,,metaref_isolate,,,,,,,,,,,
GCA_017312605,,,,,metaref_isolate,,,,,,,,,,,
GCA_017312625,,,,,metaref_isolate,,,,,,,,,,,
GCA_017312645,,,,,metaref_isolate,,,,,,,,,,,
GCA_017312665,,,,,metaref_isolate,,,,,,,,,,,
GCA_017312685,,,,,metaref_isolate,,,,,,,,,,,
GCA_017357065,,,,,metaref_isolate,,,,,,,,,,,
GCA_017357345,,,,,metaref_isolate,,,,,,,,,,,
GCA_017743175,,,,,metaref_isolate,,,,,,,,,,,
GCA_018141585,,,,,metaref_isolate,,,,,,,,,,,
GCA_018326545,,,,,metaref_isolate,,,,,,,,,,,
GCA_018326625,,,,,metaref_isolate,,,,,,,,,,,
GCA_018326805,,,,,metaref_isolate,,,,,,,,,,,
GCA_018326945,,,,,metaref_isolate,,,,,,,,,,,
GCA_018327185,,,,,metaref_isolate,,,,,,,,,,,
GCA_018327305,,,,,metaref_isolate,,,,,,,,,,,
GCA_018408965,,,,,metaref_isolate,,,,,,,,,,,
GCA_018409165,,,,,metaref_isolate,,,,,,,,,,,
GCA_018409185,,,,,metaref_isolate,,,,,,,,,,,
GCA_900157055,,,,,metaref_isolate,,,,,,,,,,,
GCA_900157095,,,,,metaref_isolate,,,,,,,,,,,
GCA_900157115,,,,,metaref_isolate,,,,,,,,,,,
GCA_900157145,,,,,metaref_isolate,,,,,,,,,,,
GCA_900157155,,,,,metaref_isolate,,,,,,,,,,,
GCA_900157195,,,,,metaref_isolate,,,,,,,,,,,
GCA_902505435,,,,,metaref_isolate,,,,,,,,,,,
GCA_902505545,,,,,metaref_isolate,,,,,,,,,,,
M1005248537,,,,,metaref_isolate,,,,,,,,,,,
M1005652272,,,,,metaref_isolate,,,,,,,,,,,
M1018328198,,,,,metaref_isolate,,,,,,,,,,,
M1018936655,,,,,metaref_isolate,,,,,,,,,,,
M1022887497,,,,,metaref_isolate,,,,,,,,,,,
M1027465783,,,,,metaref_isolate,,,,,,,,,,,
M1027746836,,,,,metaref_isolate,,,,,,,,,,,
M1032068963,,,,,metaref_isolate,,,,,,,,,,,
M1034938724,,,,,metaref_isolate,,,,,,,,,,,
M1040588969,,,,,metaref_isolate,,,,,,,,,,,
M1042838212,,,,,metaref_isolate,,,,,,,,,,,
M1050888999,,,,,metaref_isolate,,,,,,,,,,,
M1052081633,,,,,metaref_isolate,,,,,,,,,,,
M1053460420,,,,,metaref_isolate,,,,,,,,,,,
M1079166944,,,,,metaref_isolate,,,,,,,,,,,
M1082234601,,,,,metaref_isolate,,,,,,,,,,,
M1086585806,,,,,metaref_isolate,,,,,,,,,,,
M1100387622,,,,,metaref_isolate,,,,,,,,,,,
M1101754068,,,,,metaref_isolate,,,,,,,,,,,
M1102125578,,,,,metaref_isolate,,,,,,,,,,,
M1102250905,,,,,metaref_isolate,,,,,,,,,,,
M1113563934,,,,,metaref_isolate,,,,,,,,,,,
M1115609903,,,,,metaref_isolate,,,,,,,,,,,
M1124889744,,,,,metaref_isolate,,,,,,,,,,,
M1137458560,,,,,metaref_isolate,,,,,,,,,,,
M1140970870,,,,,metaref_isolate,,,,,,,,,,,
M1146060095,,,,,metaref_isolate,,,,,,,,,,,
M1164275246,,,,,metaref_isolate,,,,,,,,,,,
M1166868120,,,,,metaref_isolate,,,,,,,,,,,
M1167931467,,,,,metaref_isolate,,,,,,,,,,,
M1172244723,,,,,metaref_isolate,,,,,,,,,,,
M1178859038,,,,,metaref_isolate,,,,,,,,,,,
M1183956069,,,,,metaref_isolate,,,,,,,,,,,
M1202669115,,,,,metaref_isolate,,,,,,,,,,,
M1213910432,,,,,metaref_isolate,,,,,,,,,,,
M1221827398,,,,,metaref_isolate,,,,,,,,,,,
M1221904855,,,,,metaref_isolate,,,,,,,,,,,
M1229003496,,,,,metaref_isolate,,,,,,,,,,,
M1238035263,,,,,metaref_isolate,,,,,,,,,,,
M1246039851,,,,,metaref_isolate,,,,,,,,,,,
M1251424180,,,,,metaref_isolate,,,,,,,,,,,
M1263921753,,,,,metaref_isolate,,,,,,,,,,,
M1269755536,,,,,metaref_isolate,,,,,,,,,,,
M1270308910,,,,,metaref_isolate,,,,,,,,,,,
M1271011936,,,,,metaref_isolate,,,,,,,,,,,
M1280019974,,,,,metaref_isolate,,,,,,,,,,,
M1303037875,,,,,metaref_isolate,,,,,,,,,,,
M1308436782,,,,,metaref_isolate,,,,,,,,,,,
M1310750969,,,,,metaref_isolate,,,,,,,,,,,
M1315072532,,,,,metaref_isolate,,,,,,,,,,,
M1316967275,,,,,metaref_isolate,,,,,,,,,,,
M1324700143,,,,,metaref_isolate,,,,,,,,,,,
M1325464455,,,,,metaref_isolate,,,,,,,,,,,
M1326797751,,,,,metaref_isolate,,,,,,,,,,,
M1330821405,,,,,metaref_isolate,,,,,,,,,,,
M1345010839,,,,,metaref_isolate,,,,,,,,,,,
M1348601882,,,,,metaref_isolate,,,,,,,,,,,
M1361516850,,,,,metaref_isolate,,,,,,,,,,,
M1372022584,,,,,metaref_isolate,,,,,,,,,,,
M1380825052,,,,,metaref_isolate,,,,,,,,,,,
M1384610295,,,,,metaref_isolate,,,,,,,,,,,
M1393360713,,,,,metaref_isolate,,,,,,,,,,,
M1394552945,,,,,metaref_isolate,,,,,,,,,,,
M1398967909,,,,,metaref_isolate,,,,,,,,,,,
M1405896504,,,,,metaref_isolate,,,,,,,,,,,
M1425815642,,,,,metaref_isolate,,,,,,,,,,,
M1428626002,,,,,metaref_isolate,,,,,,,,,,,
M1438760480,,,,,metaref_isolate,,,,,,,,,,,
M1441025783,,,,,metaref_isolate,,,,,,,,,,,
M1453021273,,,,,metaref_isolate,,,,,,,,,,,
M1457443298,,,,,metaref_isolate,,,,,,,,,,,
M1458247289,,,,,metaref_isolate,,,,,,,,,,,
M1460518710,,,,,metaref_isolate,,,,,,,,,,,
M1465510081,,,,,metaref_isolate,,,,,,,,,,,
M1471278749,,,,,metaref_isolate,,,,,,,,,,,
M1478598239,,,,,metaref_isolate,,,,,,,,,,,
M1481365458,,,,,metaref_isolate,,,,,,,,,,,
M1493052179,,,,,metaref_isolate,,,,,,,,,,,
M1501118686,,,,,metaref_isolate,,,,,,,,,,,
M1505631125,,,,,metaref_isolate,,,,,,,,,,,
M1526663797,,,,,metaref_isolate,,,,,,,,,,,
M1528552174,,,,,metaref_isolate,,,,,,,,,,,
M1537120880,,,,,metaref_isolate,,,,,,,,,,,
M1547989946,,,,,metaref_isolate,,,,,,,,,,,
M1554060186,,,,,metaref_isolate,,,,,,,,,,,
M1554908391,,,,,metaref_isolate,,,,,,,,,,,
M1559042490,,,,,metaref_isolate,,,,,,,,,,,
M1562520570,,,,,metaref_isolate,,,,,,,,,,,
M1562947811,,,,,metaref_isolate,,,,,,,,,,,
M1566921957,,,,,metaref_isolate,,,,,,,,,,,
M1568094528,,,,,metaref_isolate,,,,,,,,,,,
M1583569647,,,,,metaref_isolate,,,,,,,,,,,
M1590632022,,,,,metaref_isolate,,,,,,,,,,,
M1595476083,,,,,metaref_isolate,,,,,,,,,,,
M1601433667,,,,,metaref_isolate,,,,,,,,,,,
M1609151648,,,,,metaref_isolate,,,,,,,,,,,
M1609613086,,,,,metaref_isolate,,,,,,,,,,,
M1610540165,,,,,metaref_isolate,,,,,,,,,,,
M1611240178,,,,,metaref_isolate,,,,,,,,,,,
M1613169232,,,,,metaref_isolate,,,,,,,,,,,
M1628452138,,,,,metaref_isolate,,,,,,,,,,,
M1628470955,,,,,metaref_isolate,,,,,,,,,,,
M1633834181,,,,,metaref_isolate,,,,,,,,,,,
M1634702922,,,,,metaref_isolate,,,,,,,,,,,
M1645910225,,,,,metaref_isolate,,,,,,,,,,,
M1653915115,,,,,metaref_isolate,,,,,,,,,,,
M1655447979,,,,,metaref_isolate,,,,,,,,,,,
M1662919898,,,,,metaref_isolate,,,,,,,,,,,
M1667093994,,,,,metaref_isolate,,,,,,,,,,,
M1667179967,,,,,metaref_isolate,,,,,,,,,,,
M1680439640,,,,,metaref_isolate,,,,,,,,,,,
M1680857483,,,,,metaref_isolate,,,,,,,,,,,
M1686512894,,,,,metaref_isolate,,,,,,,,,,,
M1691739698,,,,,metaref_isolate,,,,,,,,,,,
M1695899788,,,,,metaref_isolate,,,,,,,,,,,
M1706103880,,,,,metaref_isolate,,,,,,,,,,,
M1712931779,,,,,metaref_isolate,,,,,,,,,,,
M1718907724,,,,,metaref_isolate,,,,,,,,,,,
M1720848060,,,,,metaref_isolate,,,,,,,,,,,
M1726208779,,,,,metaref_isolate,,,,,,,,,,,
M1728331073,,,,,metaref_isolate,,,,,,,,,,,
M1728619267,,,,,metaref_isolate,,,,,,,,,,,
M1729130024,,,,,metaref_isolate,,,,,,,,,,,
M1730921616,,,,,metaref_isolate,,,,,,,,,,,
M1743661781,,,,,metaref_isolate,,,,,,,,,,,
M1751279964,,,,,metaref_isolate,,,,,,,,,,,
M1756978839,,,,,metaref_isolate,,,,,,,,,,,
M1761640380,,,,,metaref_isolate,,,,,,,,,,,
M1761897824,,,,,metaref_isolate,,,,,,,,,,,
M1762126125,,,,,metaref_isolate,,,,,,,,,,,
M1769986076,,,,,metaref_isolate,,,,,,,,,,,
M1771856128,,,,,metaref_isolate,,,,,,,,,,,
M1799498026,,,,,metaref_isolate,,,,,,,,,,,
M1814229442,,,,,metaref_isolate,,,,,,,,,,,
M1819013519,,,,,metaref_isolate,,,,,,,,,,,
M1830650426,,,,,metaref_isolate,,,,,,,,,,,
M1835208922,,,,,metaref_isolate,,,,,,,,,,,
M1859942544,,,,,metaref_isolate,,,,,,,,,,,
M1876400547,,,,,metaref_isolate,,,,,,,,,,,
M1880180968,,,,,metaref_isolate,,,,,,,,,,,
M1901303294,,,,,metaref_isolate,,,,,,,,,,,
M1904812110,,,,,metaref_isolate,,,,,,,,,,,
M1912780271,,,,,metaref_isolate,,,,,,,,,,,
M1919516915,,,,,metaref_isolate,,,,,,,,,,,
M1919624272,,,,,metaref_isolate,,,,,,,,,,,
M1922721811,,,,,metaref_isolate,,,,,,,,,,,
M1925875695,,,,,metaref_isolate,,,,,,,,,,,
M1927123142,,,,,metaref_isolate,,,,,,,,,,,
M1929739650,,,,,metaref_isolate,,,,,,,,,,,
M1937621071,,,,,metaref_isolate,,,,,,,,,,,
M1940156293,,,,,metaref_isolate,,,,,,,,,,,
M1950207543,,,,,metaref_isolate,,,,,,,,,,,
M1954704656,,,,,metaref_isolate,,,,,,,,,,,
M1965424628,,,,,metaref_isolate,,,,,,,,,,,
M1969966239,,,,,metaref_isolate,,,,,,,,,,,
M1979099235,,,,,metaref_isolate,,,,,,,,,,,
M1986268762,,,,,metaref_isolate,,,,,,,,,,,
