sampleid	199_3mo	142_24mo	679_12mo	214_12mo	865_12mo	263_24mo	501_mother	131_father	912_7mo	836_mother	544_father	214_mother	719_12mo	568_mother	999_1mo	933_12mo	116_3mo	527_24mo	369_24mo	861_father	144_mother	756_father	668_1mo	199_mother	120B_mother	792_24mo	839_father	369_mother	501_father	802_24mo	806_mother	933_24mo	327_father	214_3mo	819_mother	276_father	131_mother	789_7mo	839_mother	907_mother	861_12mo	178_mother	276_7mo	502_mother	128_3mo	116_12mo	710_24mo	214_father	102_mother	981_father	679_3mo	861_7mo	421_father	912_12mo	144_12mo	418_24mo	142_1mo	756_mother	142_3mo	116_7mo	121_mother	128_father	199_12mo	432_father	679_24mo	999_24mo	679_father	303_mother	861_mother	577A_mother	568_father	421_mother	568_24mo	568_7mo	865_father	276_12mo	789_1mo	214_24mo	257_24mo	859_mother	668_24mo	668_7mo	568_3mo	263_mother	668_12mo	719_24mo	220_7mo	208_father	214_7mo	865_mother	981_24mo	907_7mo	199_7mo	839_7mo	865_7mo	183_12mo	789_father	789_mother	748_mother	999_12mo	861_1mo	748_12mo	142_12mo	568_12mo	430_mother	710_mother	183_mother	163_father	142_7mo	719_mother	178_12mo	369_1mo	144_father	116_mother	387_father	999_father	605_mother	789_12mo	968_mother	276_1mo	748_24mo	802_mother	806_24mo	208_24mo	859_father	933_7mo	710_12mo	116_24mo	912_24mo	163_mother	605_24mo	199_1mo	128_24mo	912_mother	599_mother	220_mother	960_24mo	418_father	679_mother	220_12mo	178_24mo	960_1mo	605_1mo	263_father	789_24mo	960_7mo	144_24mo	523_24mo	183_father	792_mother	933_mother	981_mother	748_father	523_father	432_12mo	220_3mo	257_father	501_24mo	432_24mo	999_mother	907_12mo	220_1mo	418_mother	975_mother	327_mother	523_mother	756_24mo	128_mother	220_father	792_father	432_mother	907_24mo	544_mother	668_mother	131_24mo	257_mother	960_12mo	300_mother	116_father	865_24mo	183_24mo	142_father	933_father	802_12mo	861_24mo	960_mother	968_3mo	257_12mo	819_father	208_mother	120B_father	120B_24mo	276_24mo	121_father	960_father	199_24mo	960_3mo	968_father	142_mother	178_father	163_24mo	220_24mo	802_father	605_father	806_father	121_24mo	839_24mo	276_mother	839_12mo
199_3mo	0.0	20.77	28.84	28.64	15.58	22.26	18.22	14.12	22.4	12.83	17.08	15.91	17.51	14.36	18.01	23.39	16.66	12.72	26.0	11.66	13.24	16.85	24.6	0.0	19.01	17.94	16.33	22.95	20.26	15.52	33.68	10.84	11.87	24.7	19.23	19.21	24.59	28.77	19.7	13.09	19.92	87.09	22.08	20.37	62.21	17.0	15.13	21.89	16.45	13.14	27.09	19.96	26.61	21.71	23.04	16.57	20.21	9.84	20.64	16.81	12.81	19.78	0.0	14.62	28.12	55.28	40.09	11.19	15.63	13.41	16.69	20.01	16.47	16.5	14.03	23.19	17.73	28.62	18.11	10.81	25.72	25.66	16.5	23.15	25.59	17.71	25.82	21.49	28.62	15.74	13.91	20.29	0.04	20.38	15.69	15.83	15.01	21.59	26.14	13.65	18.2	25.41	20.21	16.49	13.88	23.57	16.97	19.17	20.15	14.06	18.94	24.02	24.31	12.24	11.45	14.72	21.64	18.37	20.55	22.49	21.28	20.66	31.27	17.68	17.39	23.47	21.91	17.17	23.53	19.94	23.19	0.15	16.93	15.03	19.99	26.67	11.6	24.87	22.2	26.64	17.44	28.13	27.48	12.94	16.18	28.03	16.55	33.08	17.06	11.98	0.83	17.13	18.58	16.93	19.44	25.76	12.15	21.97	18.86	14.14	20.24	25.88	14.29	17.07	13.75	15.3	13.55	16.25	12.0	17.35	25.11	19.05	15.94	15.29	25.89	19.6	28.05	13.01	8.33	15.58	16.22	29.98	24.89	19.4	12.89	15.43	28.28	18.09	22.57	15.38	28.18	20.72	16.94	0.0	13.79	0.0	27.3	24.97	18.14	17.0	20.12	25.78	16.05	12.28	32.24	0.0	13.72	16.98	20.57
142_24mo	20.77	0.0	7.39	15.76	10.12	12.65	0.15	8.04	17.96	14.36	5.26	11.7	13.96	10.07	12.74	14.9	19.26	12.49	8.39	8.43	8.73	16.81	16.61	18.32	12.72	0.48	11.93	14.67	11.13	0.18	20.67	9.94	4.67	13.24	14.37	9.53	12.21	13.87	21.16	9.16	0.88	90.01	24.25	13.86	80.15	19.45	9.83	10.82	11.65	14.93	10.73	0.87	7.15	17.48	13.04	14.61	0.0	3.06	0.0	19.54	19.71	11.24	21.81	7.97	7.65	74.59	44.75	11.13	1.16	12.29	9.1	11.77	20.41	20.34	9.85	25.17	16.02	15.76	14.88	5.78	18.34	18.25	20.28	14.6	18.13	13.9	15.66	8.31	15.76	9.57	14.96	0.17	19.43	10.24	10.13	20.5	19.31	16.22	14.59	14.48	1.03	13.99	0.0	20.34	21.35	13.91	20.57	12.4	0.0	8.73	0.7	14.68	14.01	2.31	0.76	15.23	24.65	11.03	10.91	24.6	14.28	18.66	20.72	23.53	23.96	14.98	16.19	4.54	18.33	0.14	19.36	18.66	12.05	2.29	11.83	15.62	12.05	13.94	5.84	15.68	0.75	17.41	16.9	8.23	12.77	17.49	18.63	14.81	20.79	5.7	7.63	13.2	11.46	15.7	15.48	15.36	12.87	13.13	15.85	7.5	0.17	15.7	11.24	9.65	9.73	6.43	14.85	11.75	7.43	5.84	12.58	0.14	13.13	3.14	11.67	13.89	17.49	6.54	8.15	10.12	20.77	22.24	14.82	0.19	0.69	15.4	15.3	14.83	12.01	18.84	11.64	12.11	13.35	20.85	18.07	21.68	18.0	19.14	0.0	16.91	0.21	15.53	0.18	10.08	20.72	20.78	10.2	9.04	10.27
679_12mo	28.84	7.39	0.0	14.9	17.21	17.78	7.98	11.14	24.57	14.46	7.72	14.99	18.59	19.63	12.94	16.11	29.15	12.49	12.34	9.82	15.4	21.74	10.91	27.85	23.32	7.17	18.18	13.19	12.99	8.95	10.36	15.0	7.41	14.91	20.65	15.05	12.09	11.73	20.28	14.41	8.42	92.74	29.08	20.98	78.62	29.72	8.62	12.42	17.82	14.88	11.69	8.28	5.73	24.25	19.23	19.35	7.33	3.24	7.42	29.47	25.81	11.93	29.83	7.94	0.0	93.82	48.4	9.77	9.25	12.19	12.83	18.88	28.88	28.44	16.04	30.18	20.92	14.9	18.81	9.03	12.51	12.32	28.36	16.83	12.36	18.52	19.51	11.24	14.9	16.67	15.04	7.44	28.55	11.7	17.24	27.88	29.89	16.88	13.3	14.34	9.12	13.4	7.4	28.44	27.7	12.12	27.76	10.86	7.4	10.85	7.88	13.1	16.13	1.68	6.2	15.15	27.88	10.01	13.09	29.55	13.75	16.91	10.85	22.61	23.46	16.09	14.57	1.63	25.28	7.84	23.88	28.78	12.95	2.26	15.86	19.43	21.99	15.23	5.71	19.54	7.52	23.9	10.15	13.0	16.17	24.03	24.68	18.36	27.89	7.59	14.24	18.25	12.14	20.82	18.69	19.16	13.81	18.22	19.26	11.9	7.45	19.56	17.42	7.91	14.99	9.29	14.46	11.57	9.05	11.65	16.7	8.03	11.61	3.78	11.71	18.53	24.03	11.83	10.17	17.21	28.39	21.34	15.98	7.85	6.07	17.69	14.7	18.75	14.97	19.22	14.78	23.41	19.4	29.62	21.16	29.94	24.14	19.0	8.46	21.5	7.84	19.33	8.95	12.82	10.26	29.3	13.46	13.78	12.25
214_12mo	28.64	15.76	14.9	0.0	14.16	12.47	15.84	1.83	14.92	13.21	7.27	15.22	18.05	18.84	13.66	12.35	24.0	10.72	14.31	10.05	9.54	18.42	12.3	25.06	21.26	11.55	17.48	14.26	7.26	13.63	12.84	10.54	6.68	0.0	13.35	14.47	7.13	21.49	27.03	13.6	15.52	81.0	22.88	16.34	80.25	24.9	5.91	0.0	13.84	13.33	18.83	15.63	13.51	15.05	11.39	21.15	15.83	5.74	15.68	24.29	26.28	7.17	29.85	6.87	13.83	82.42	50.0	12.04	11.58	9.42	9.8	17.23	21.17	21.29	13.97	23.29	24.24	0.0	17.68	9.47	14.19	14.19	21.23	7.71	14.09	17.93	11.48	18.27	0.0	13.42	14.05	13.87	30.98	15.52	14.2	20.2	23.8	25.67	11.0	14.09	16.86	12.08	15.76	21.28	25.93	16.37	18.15	12.73	15.74	1.93	15.78	14.56	7.08	8.82	6.41	14.4	35.35	20.16	0.28	22.55	13.91	20.74	13.26	25.8	26.01	12.43	14.76	10.7	14.73	14.62	28.75	30.33	9.33	5.82	17.06	11.65	18.57	0.31	14.46	11.49	15.85	14.3	12.44	5.59	18.75	13.84	20.45	20.3	18.9	6.24	10.17	15.3	13.37	15.44	16.71	11.21	13.4	12.31	17.12	7.47	15.9	11.48	14.3	7.78	8.87	9.45	14.39	7.57	6.59	9.39	10.86	15.68	10.42	4.85	7.95	13.69	13.84	7.37	10.38	14.16	20.22	12.05	12.84	16.99	11.08	26.17	0.36	17.62	9.06	20.83	17.57	22.37	17.47	29.1	27.25	29.6	14.18	23.34	13.26	23.95	14.73	11.57	13.87	4.49	12.16	29.09	15.38	16.81	16.39
865_12mo	15.58	10.12	17.21	14.16	0.0	11.15	8.72	6.9	16.01	12.54	6.77	7.42	8.54	11.61	12.16	13.3	13.8	9.77	12.64	8.4	5.82	14.28	13.69	14.82	9.63	7.44	6.38	12.99	9.71	6.05	19.94	7.16	2.25	11.44	8.51	8.45	10.96	18.09	21.2	6.09	9.62	92.8	14.92	9.41	68.65	14.17	7.59	9.85	10.32	13.17	17.23	9.66	13.73	15.51	11.99	9.14	9.9	5.89	10.02	14.04	16.2	9.2	16.58	5.59	17.01	69.28	41.31	8.05	7.9	9.2	8.04	11.62	15.63	16.28	3.23	16.06	11.28	14.16	11.89	2.42	15.76	15.74	16.22	10.71	15.53	8.55	14.33	12.82	14.16	0.0	13.19	9.79	15.02	14.16	0.0	13.93	13.69	13.25	11.72	11.99	8.52	11.76	9.92	16.26	15.93	12.69	14.51	10.83	9.94	5.22	9.27	13.38	11.99	4.6	3.65	12.03	20.9	10.52	8.86	15.11	12.6	15.13	20.94	20.61	20.84	13.37	14.46	9.16	15.97	9.37	23.1	14.52	9.21	7.29	11.24	14.79	8.62	10.09	12.29	14.63	9.06	14.92	17.27	4.18	9.52	14.88	15.64	20.77	15.43	5.54	4.93	7.43	9.41	13.56	14.54	14.1	8.5	11.68	14.81	6.8	10.07	14.33	6.08	8.52	6.38	6.69	12.12	9.08	8.19	8.08	13.04	8.58	9.58	4.48	11.61	12.14	14.88	2.12	3.77	0.0	13.89	19.42	13.83	9.69	5.96	13.9	13.89	11.84	9.63	17.93	15.52	11.21	10.75	16.37	14.85	16.21	14.48	18.17	7.52	13.89	9.44	14.42	6.5	6.8	19.29	16.53	11.88	7.88	15.48
263_24mo	22.26	12.65	17.78	12.47	11.15	0.0	12.86	6.84	17.26	15.78	6.99	16.76	15.12	13.68	6.66	11.43	17.15	14.77	16.88	11.42	8.45	14.74	17.79	21.34	16.64	9.06	13.63	11.63	9.88	13.21	17.45	9.21	8.24	12.31	11.07	13.23	14.65	17.46	26.15	15.92	11.95	77.67	20.57	16.16	73.28	17.78	7.16	12.55	6.23	16.41	15.72	12.24	15.17	16.88	10.44	15.68	12.47	5.47	12.56	17.39	22.23	12.38	23.36	6.5	18.12	67.15	33.84	9.91	12.92	12.84	12.65	12.29	17.9	17.6	10.53	21.78	15.79	12.46	14.95	2.92	20.95	20.85	17.59	12.51	20.75	15.43	8.2	18.15	12.46	11.37	15.74	12.57	21.4	13.47	11.25	18.65	20.07	19.68	14.22	14.58	11.03	13.59	12.37	17.58	23.57	10.66	19.69	9.44	12.37	8.5	12.28	11.58	12.96	5.43	7.52	15.45	20.96	13.99	12.27	20.57	12.45	17.32	17.47	22.75	22.78	11.5	12.38	10.15	17.93	13.05	22.26	22.96	12.57	7.73	17.76	8.37	18.83	14.45	12.22	8.38	10.59	16.38	14.8	7.06	14.55	16.75	15.97	19.91	19.48	8.35	8.18	15.81	9.93	13.7	10.99	8.15	11.33	13.1	11.21	4.03	12.58	8.25	12.87	5.71	6.78	8.75	14.73	13.97	9.72	7.31	7.95	12.48	11.07	8.54	14.43	15.6	16.76	5.19	9.11	11.15	18.8	17.31	11.79	13.29	9.6	13.55	12.45	14.93	8.85	19.39	15.24	18.58	10.66	23.23	22.45	23.13	16.87	18.73	13.02	17.07	13.14	8.12	13.87	10.46	16.9	23.2	14.89	8.17	15.58
501_mother	18.22	0.15	7.98	15.84	8.72	12.86	0.0	7.83	18.78	14.77	5.43	11.23	13.56	9.86	12.26	15.89	19.02	12.41	9.21	8.58	7.01	16.37	17.39	17.27	12.52	0.29	10.8	15.08	10.98	0.23	21.24	9.69	4.7	12.53	14.71	9.8	11.63	14.74	20.62	8.1	0.99	89.31	25.28	14.3	65.15	19.23	9.59	10.47	11.27	13.94	11.37	0.98	7.35	18.22	13.19	14.64	0.15	3.5	0.15	19.34	19.02	11.19	19.36	7.56	8.29	68.92	44.41	10.89	1.32	13.14	9.09	11.78	20.22	20.41	9.47	26.27	15.91	15.84	13.91	6.13	19.82	19.73	20.4	14.28	19.61	13.47	15.35	8.91	15.83	8.72	14.09	0.16	17.93	10.06	8.82	19.91	18.51	15.1	14.34	15.06	1.19	14.19	0.15	20.38	20.5	14.56	20.29	12.09	0.15	8.54	0.74	15.38	14.01	2.74	0.72	15.48	23.35	10.91	11.54	25.64	13.48	18.09	21.63	19.3	19.93	15.98	16.01	5.09	18.74	0.16	19.27	15.73	10.93	2.8	12.11	15.32	13.15	13.87	5.87	15.37	1.15	17.56	17.42	7.66	12.12	17.34	16.79	15.76	20.66	5.87	7.48	12.07	11.3	14.7	15.2	15.29	13.14	12.45	15.7	6.99	0.15	15.4	10.87	9.22	9.51	6.64	15.35	11.88	6.93	5.97	13.23	0.15	12.8	3.04	11.14	14.16	17.34	6.7	8.45	8.72	20.07	23.38	16.09	0.19	1.29	15.44	15.56	13.89	12.35	17.01	12.53	13.58	12.64	18.39	17.33	19.14	17.39	19.36	0.18	15.5	0.16	15.21	0.18	10.24	20.97	18.37	9.32	8.24	10.51
131_father	14.12	8.04	11.14	1.83	6.9	6.84	7.83	0.0	14.84	5.41	3.06	10.39	11.49	11.47	3.56	7.53	15.59	5.55	12.46	4.31	6.06	13.58	9.55	14.26	13.21	5.44	7.64	9.85	3.5	8.0	13.63	5.78	4.19	1.72	6.35	9.4	7.34	16.4	19.77	7.86	7.79	89.0	19.45	13.25	67.54	15.84	3.36	1.86	1.93	5.31	14.6	7.86	8.54	14.49	8.89	9.08	8.17	1.83	8.04	15.85	13.61	4.09	15.6	5.68	11.05	88.14	38.43	4.71	7.46	5.6	5.61	10.98	18.53	18.4	7.83	20.58	11.52	1.83	10.65	1.93	11.21	11.21	18.31	5.4	10.99	11.38	8.06	11.09	1.83	6.35	5.81	8.34	13.23	10.82	6.91	15.41	16.53	15.16	7.29	5.56	9.01	8.64	8.04	18.4	16.64	8.76	15.29	7.42	8.05	1.48	8.02	9.86	4.9	1.72	2.73	5.85	18.61	10.82	1.23	19.29	10.03	14.33	14.44	12.86	12.76	7.63	10.86	5.1	15.01	8.0	16.91	12.95	5.66	3.44	11.4	8.31	10.9	1.94	8.33	8.07	8.54	14.55	13.58	3.89	8.02	14.23	11.81	12.24	16.15	3.62	4.8	11.45	8.13	12.01	10.93	7.65	5.32	7.98	11.37	1.71	8.35	8.11	4.81	2.88	4.54	3.39	5.69	6.56	4.77	4.63	6.55	7.92	10.27	2.34	6.79	9.46	14.23	3.34	5.04	6.9	15.88	3.28	7.46	8.24	5.77	10.97	1.55	10.59	6.32	10.76	12.63	13.28	9.17	15.86	14.13	15.56	13.87	19.83	7.77	12.08	7.99	8.2	7.76	2.13	13.74	15.59	9.74	6.38	11.03
912_7mo	22.4	17.96	24.57	14.92	16.01	17.26	18.78	14.84	0.0	20.98	12.59	13.2	20.77	17.57	18.26	20.26	25.25	20.95	19.18	16.93	12.0	20.41	22.17	19.51	23.37	15.42	16.31	16.54	14.11	16.35	23.51	15.53	10.88	15.59	21.94	15.44	22.28	22.66	22.79	12.06	17.63	83.62	29.36	18.26	84.22	24.55	10.67	14.42	19.81	19.75	18.63	17.71	24.94	0.11	13.08	19.54	17.57	9.45	17.77	25.52	21.87	17.76	23.33	12.72	22.89	73.24	46.64	18.48	11.74	18.73	19.5	14.39	17.07	16.73	16.27	30.48	22.74	14.91	20.95	11.39	25.49	25.36	16.67	17.75	25.22	21.2	15.61	19.75	14.92	15.93	22.91	15.74	24.14	14.05	16.04	27.01	19.03	23.9	21.52	20.64	17.95	19.17	17.51	16.73	24.38	18.85	26.48	14.3	17.54	13.83	17.95	16.86	17.65	14.16	10.36	22.19	34.74	21.21	16.84	29.48	16.33	23.08	21.93	28.85	28.1	20.35	16.84	16.66	0.0	16.87	29.49	21.64	16.45	0.58	21.73	15.95	14.75	17.45	19.2	16.02	17.22	18.55	20.88	12.84	18.75	18.43	19.45	23.74	26.13	13.62	11.81	19.15	14.75	17.58	18.86	15.41	17.05	15.39	18.76	12.93	17.68	15.61	17.34	14.22	11.26	16.01	20.88	16.22	11.14	15.33	16.62	18.15	13.63	12.52	23.3	21.36	18.43	12.41	12.3	16.01	27.51	22.38	21.63	19.14	14.09	24.26	14.64	20.89	13.85	25.29	20.02	24.11	20.81	22.62	21.36	23.32	19.39	31.34	15.01	20.32	16.94	15.49	16.16	14.78	22.23	22.45	11.41	14.81	14.23
836_mother	12.83	14.36	14.46	13.21	12.54	15.78	14.77	5.41	20.98	0.0	12.08	14.02	17.36	15.61	6.49	18.76	18.11	0.06	20.24	0.0	6.44	9.71	12.49	12.71	18.19	12.65	12.38	17.07	11.82	12.38	17.83	13.2	9.88	12.69	16.1	15.47	14.57	21.69	18.17	13.53	13.27	86.43	22.82	14.87	71.4	18.81	9.4	11.77	13.41	0.05	22.06	13.54	16.78	20.53	16.7	18.64	14.24	0.53	14.45	18.22	17.61	5.37	12.94	11.14	14.27	68.32	38.13	2.06	13.33	0.18	0.0	19.54	20.56	20.25	11.41	24.43	22.59	13.21	16.29	7.57	11.92	11.84	20.17	11.44	11.79	17.74	21.09	16.51	13.21	12.93	0.05	14.29	11.83	17.63	12.56	18.78	19.15	22.91	15.13	0.21	12.63	14.87	13.89	20.25	20.44	16.25	19.5	13.32	13.88	7.86	14.9	17.06	11.29	8.06	5.43	0.2	18.28	16.54	7.42	23.21	16.7	17.15	17.45	15.23	15.48	18.87	18.06	11.04	22.15	14.52	21.7	9.56	5.79	8.24	16.49	21.93	10.59	9.75	16.49	22.02	12.32	22.48	17.56	5.69	20.01	22.04	15.54	29.42	19.81	6.82	8.4	16.93	14.02	16.41	15.78	20.65	0.63	15.56	15.49	1.23	14.31	21.16	12.21	8.4	9.28	0.65	0.05	5.97	10.72	7.11	19.71	14.32	0.35	7.2	14.1	15.13	22.04	9.89	0.18	12.54	18.84	17.83	19.33	14.79	10.48	13.92	13.13	16.29	15.96	12.02	24.33	18.29	15.3	13.34	17.99	12.94	22.04	17.23	11.84	18.03	14.53	20.82	12.4	0.17	17.43	13.34	12.0	13.98	17.1
544_father	17.08	5.26	7.72	7.27	6.77	6.99	5.43	3.06	12.59	12.08	0.0	10.06	8.68	10.37	5.91	5.41	14.06	10.35	10.94	7.97	5.84	12.14	8.83	16.06	9.94	3.34	7.82	0.78	4.08	5.57	10.41	4.3	2.09	6.98	7.19	7.17	8.82	10.15	15.5	7.75	5.2	84.19	14.9	10.85	57.61	14.41	0.64	6.48	5.45	11.77	10.28	5.18	9.0	12.18	7.19	9.2	5.02	1.95	5.14	14.27	15.35	6.0	18.19	2.79	7.28	68.93	36.3	6.09	5.22	10.23	8.38	9.39	16.36	16.3	6.33	16.24	10.56	7.27	11.04	1.07	11.77	11.85	16.29	8.09	11.55	8.74	5.88	10.52	7.27	6.51	11.85	5.21	17.16	6.84	6.87	12.0	15.74	10.79	6.51	11.9	5.48	6.81	5.13	16.27	16.35	1.05	12.74	0.04	5.14	4.13	5.14	0.82	7.69	1.14	2.17	11.66	21.59	5.89	5.18	15.03	0.96	8.94	10.48	17.98	17.97	5.49	2.33	3.52	13.19	4.92	21.84	16.94	7.09	2.12	11.68	6.07	11.82	8.08	6.02	6.0	5.41	11.12	8.39	3.6	8.08	10.92	11.83	15.17	12.92	1.95	3.38	8.49	0.6	4.07	4.31	5.7	7.45	7.42	4.58	3.01	5.22	5.88	6.51	1.87	2.26	4.37	12.08	7.97	4.17	4.11	4.37	5.46	6.45	2.23	8.67	10.74	10.93	1.26	3.78	6.77	12.33	15.14	5.38	5.64	3.52	11.66	7.21	10.98	0.97	15.66	10.06	11.66	8.69	17.95	13.91	18.27	10.62	14.96	5.11	13.64	4.92	5.85	5.5	7.11	9.88	17.65	6.65	5.57	7.39
214_mother	15.91	11.7	14.99	15.22	7.42	16.76	11.23	10.39	13.2	14.02	10.06	0.0	11.47	15.77	11.35	14.02	14.04	12.81	17.6	10.33	9.19	14.3	14.54	14.51	16.71	10.34	3.77	14.4	10.01	9.81	14.88	8.34	2.84	14.67	14.87	7.71	15.47	13.83	18.33	7.22	11.22	66.1	17.23	12.59	62.32	13.92	9.69	14.88	14.82	14.02	13.64	11.22	17.59	12.74	11.41	11.28	11.29	5.32	11.56	14.03	19.98	12.52	16.11	7.79	14.93	62.27	46.83	8.57	9.85	12.37	12.06	13.25	18.72	18.82	6.07	18.88	15.46	15.21	20.49	3.1	17.13	17.25	18.75	14.95	16.95	11.73	15.5	13.81	15.21	7.48	14.18	11.54	15.9	11.61	7.45	16.04	19.21	14.98	13.89	13.94	9.83	12.73	11.41	18.8	20.69	14.03	17.23	11.7	11.37	9.84	11.49	14.72	15.6	5.43	7.24	13.82	27.08	9.16	13.54	18.13	14.17	15.49	15.83	23.09	22.68	14.14	15.59	8.99	13.55	11.72	24.67	13.93	11.32	6.6	15.65	16.11	2.74	14.58	12.38	15.89	10.16	12.91	15.74	7.15	12.27	13.11	17.23	20.48	18.38	7.31	4.78	11.16	11.93	14.04	13.46	15.19	11.06	11.96	13.19	9.28	11.54	15.51	9.93	8.44	6.52	7.12	14.36	13.32	10.45	10.68	15.48	11.29	5.18	6.23	16.99	22.46	13.12	4.0	4.63	7.42	16.13	22.94	14.56	11.53	6.72	16.62	15.15	20.47	13.47	21.51	14.41	19.49	13.67	16.08	15.52	16.1	11.66	18.03	10.45	17.24	11.77	15.62	9.46	10.13	14.74	16.06	11.63	12.35	10.72
719_12mo	17.51	13.96	18.59	18.05	8.54	15.12	13.56	11.49	20.77	17.36	8.68	11.47	0.0	17.08	12.33	16.12	12.7	15.15	17.86	12.11	7.53	15.16	14.95	15.59	15.17	9.28	10.86	13.92	12.25	12.78	17.73	10.93	4.84	15.25	13.36	12.05	14.68	18.96	18.84	7.9	13.81	76.42	13.46	12.41	57.69	12.77	10.9	13.02	12.54	17.06	21.32	13.96	20.71	20.16	13.09	11.82	13.96	8.8	13.87	12.88	18.03	13.6	17.78	6.46	18.82	54.86	35.35	9.5	11.57	13.71	15.3	16.64	17.39	17.59	7.38	14.18	14.87	18.05	16.04	6.83	17.29	17.1	17.54	14.71	17.09	0.0	16.11	17.74	18.04	8.29	16.2	14.2	17.62	17.02	8.57	12.26	20.51	18.8	15.02	15.22	11.59	14.96	13.63	17.57	17.46	12.78	12.58	12.85	13.69	10.1	12.46	14.42	14.69	6.56	7.7	15.99	21.54	12.92	13.05	13.74	13.24	15.36	17.75	20.78	20.88	16.25	14.28	11.83	21.47	14.21	27.4	16.64	12.77	9.32	12.47	16.67	7.81	17.49	17.16	16.43	11.29	17.81	15.34	8.38	12.89	17.47	17.46	26.69	13.14	7.16	8.37	0.04	11.11	12.95	13.89	15.74	13.19	14.46	13.91	9.92	13.9	16.17	14.03	9.13	9.74	11.9	15.48	14.41	7.22	10.21	14.26	13.1	9.02	9.06	15.88	18.06	17.47	5.64	1.54	8.54	12.35	27.4	16.8	14.48	10.01	17.83	17.79	15.98	13.84	18.14	19.91	17.04	9.83	17.28	17.04	17.9	17.92	12.97	12.95	14.09	14.23	16.16	13.29	13.5	17.13	17.15	14.54	6.81	18.96
568_mother	14.36	10.07	19.63	18.84	11.61	13.68	9.86	11.47	17.57	15.61	10.37	15.77	17.08	0.0	16.47	17.69	18.84	15.82	15.92	11.47	9.98	14.44	21.14	15.02	12.33	8.25	11.75	17.47	14.68	8.17	26.87	11.62	9.56	15.37	15.89	11.45	17.9	20.66	18.81	13.79	9.85	90.33	24.93	17.59	63.31	19.05	10.56	15.97	14.28	15.1	20.29	10.04	17.93	17.03	17.29	16.38	9.93	9.39	9.92	19.17	4.6	12.44	15.41	11.14	19.54	61.16	40.0	12.05	10.56	16.13	11.56	10.78	0.0	0.06	10.87	26.54	16.95	18.82	12.96	8.46	22.85	22.86	0.06	15.46	22.76	17.34	17.71	13.25	18.83	11.83	15.77	10.57	14.91	16.5	11.68	19.45	3.32	18.29	15.7	15.37	9.16	15.48	9.86	0.06	6.25	17.42	21.37	13.65	9.86	10.33	10.0	18.08	15.44	7.38	6.55	15.36	21.07	13.9	13.93	24.49	16.43	17.2	26.24	17.41	17.55	17.77	16.97	11.41	18.29	10.23	17.52	14.14	12.92	7.71	15.69	18.1	17.09	15.49	15.78	18.18	7.77	19.8	21.99	8.37	15.71	19.37	14.79	23.33	20.29	9.97	8.38	16.95	13.81	17.97	17.96	17.67	10.77	16.26	17.95	8.68	10.13	17.71	12.22	14.02	10.68	9.09	15.0	12.79	5.64	10.65	16.35	10.13	15.95	7.25	18.43	14.57	19.37	9.74	10.77	11.61	19.61	20.41	18.74	10.29	7.77	16.51	18.77	12.95	14.58	17.08	18.49	13.97	14.24	15.33	13.55	15.16	19.43	24.13	8.28	13.95	10.23	17.56	8.61	12.47	26.15	15.31	10.95	9.32	16.61
999_1mo	18.01	12.74	12.94	13.66	12.16	6.66	12.26	3.56	18.26	6.49	5.91	11.35	12.33	16.47	0.0	11.43	15.05	4.44	13.54	4.92	7.59	8.85	11.32	14.79	12.15	9.15	14.37	8.22	10.0	11.56	13.42	7.4	6.78	12.49	8.28	11.49	10.66	14.28	18.34	12.04	11.88	66.57	13.92	13.01	54.31	15.5	5.64	12.24	5.51	6.61	13.54	11.85	13.84	17.45	13.2	14.29	12.18	3.76	12.65	15.34	18.49	8.63	18.25	5.77	12.66	57.85	29.14	6.1	11.5	4.98	3.84	15.53	17.4	17.77	10.12	15.07	16.27	13.66	16.33	1.59	12.13	12.12	17.84	12.94	12.03	12.65	10.01	13.78	13.65	11.65	6.63	11.47	17.01	11.47	12.3	12.97	19.44	15.08	14.15	7.38	10.76	13.44	12.3	17.74	19.87	7.33	11.47	6.65	12.33	6.88	12.24	8.11	14.11	6.95	4.53	7.29	20.61	11.12	9.94	14.71	8.8	12.25	14.08	20.38	20.18	11.43	9.1	8.86	18.76	12.02	23.46	14.82	9.29	8.0	10.16	10.39	11.49	14.37	10.16	10.33	9.99	13.69	11.57	5.11	12.79	13.9	16.22	17.65	10.65	8.22	6.21	10.74	7.09	8.94	7.26	10.17	4.56	13.07	7.09	0.12	12.53	10.21	10.67	2.98	6.21	4.51	7.75	10.65	8.67	5.93	11.94	11.57	4.53	5.61	10.44	14.36	13.91	6.05	4.38	12.16	12.74	17.86	11.76	13.29	8.17	9.23	13.51	16.31	7.86	16.94	15.61	14.59	12.61	18.92	18.43	18.15	14.67	10.36	10.94	10.24	12.12	10.14	11.39	4.87	12.7	18.98	11.7	10.03	12.73
933_12mo	23.39	14.9	16.11	12.35	13.3	11.43	15.89	7.53	20.26	18.76	5.41	14.02	16.12	17.69	11.43	0.0	18.88	16.93	17.26	14.9	8.33	17.74	12.08	20.79	15.61	11.12	14.93	13.14	7.2	13.51	14.58	0.04	4.86	11.95	8.36	13.47	12.53	18.84	22.38	13.87	14.93	96.73	17.74	17.43	77.16	19.61	8.24	10.62	9.95	19.36	14.41	14.95	14.86	20.04	9.79	16.67	14.58	5.5	14.82	19.19	20.72	14.01	24.38	5.33	14.48	79.46	39.55	12.81	12.81	15.5	15.56	16.17	20.61	20.34	10.86	18.89	18.69	12.35	17.29	8.26	16.25	16.24	20.28	13.21	16.08	16.32	8.1	17.18	12.35	13.11	20.57	12.99	24.07	9.97	13.33	17.98	19.67	20.94	13.58	19.27	13.57	12.66	14.57	20.32	20.13	14.06	16.29	11.3	14.55	9.93	14.3	13.37	12.6	8.72	7.54	20.42	31.28	17.03	9.65	17.91	12.87	14.34	13.91	24.34	24.34	0.0	13.55	10.57	21.48	13.81	28.85	24.08	14.8	7.99	14.5	8.39	17.92	13.76	11.38	8.26	13.51	13.51	13.18	8.39	13.37	13.4	18.48	16.97	15.54	3.5	0.71	14.13	11.92	14.43	14.5	7.78	14.51	10.53	14.53	7.94	14.7	8.11	12.79	6.75	6.68	10.67	19.87	16.32	7.9	10.19	8.55	15.37	12.52	5.03	13.18	15.7	13.4	5.73	11.25	13.3	18.22	19.14	0.0	16.28	9.74	21.57	12.19	17.24	10.19	21.41	16.43	16.85	15.45	24.72	22.2	24.36	13.91	18.12	12.93	17.21	13.93	8.07	14.2	12.29	13.36	24.49	11.23	12.86	9.19
116_3mo	16.66	19.26	29.15	24.0	13.8	17.15	19.02	15.59	25.25	18.11	14.06	14.04	12.7	18.84	15.05	18.88	0.0	16.11	25.14	14.37	14.84	15.9	22.76	14.03	17.76	14.74	16.59	20.69	18.44	19.73	25.86	13.44	11.31	21.01	15.15	14.44	21.06	21.72	27.33	12.78	18.76	67.24	15.13	18.2	57.1	0.0	16.31	20.44	15.79	18.91	20.94	18.88	25.78	24.59	20.6	12.24	18.92	8.09	19.18	0.18	17.38	18.22	16.72	10.04	29.32	56.34	38.77	12.0	12.23	15.05	21.94	17.31	16.02	16.91	8.26	16.0	15.34	24.0	18.75	7.19	26.15	26.08	16.91	20.67	25.87	12.88	21.33	24.66	23.99	14.44	19.25	19.66	16.24	16.22	13.92	7.21	19.76	23.62	23.4	16.38	18.74	21.66	18.74	16.9	16.09	20.0	7.05	18.04	18.78	15.52	18.36	21.17	20.81	1.88	15.39	16.34	25.55	19.0	17.86	15.9	21.14	20.78	26.41	24.0	24.18	18.97	20.68	12.47	25.74	19.05	26.45	15.37	17.04	15.99	16.89	21.85	10.47	22.59	21.11	21.87	16.99	20.68	24.27	14.39	13.98	20.38	21.24	27.09	7.25	13.09	8.62	11.93	17.87	14.09	14.98	21.06	11.79	21.64	14.72	13.62	18.99	21.44	12.93	14.07	14.62	16.84	16.77	13.79	10.71	14.0	19.63	18.25	16.52	12.03	22.21	20.44	20.39	10.07	8.5	13.8	6.95	27.41	19.69	20.36	12.12	21.15	23.81	18.68	18.18	21.56	20.87	19.84	3.81	16.96	19.98	16.54	20.62	20.47	18.86	19.06	19.11	21.04	20.42	16.42	25.88	17.12	18.03	4.76	18.47
527_24mo	12.72	12.49	12.49	10.72	9.77	14.77	12.41	5.55	20.95	0.06	10.35	12.81	15.15	15.82	4.44	16.93	16.11	0.0	19.92	0.07	5.64	12.59	9.6	12.85	17.89	10.56	11.02	15.64	9.53	12.61	15.52	11.49	8.1	10.72	15.94	15.13	12.43	22.33	16.09	11.26	11.52	95.19	22.64	14.2	66.79	16.79	8.62	9.27	12.19	0.13	23.31	11.68	15.63	20.44	15.57	17.48	12.52	0.76	12.49	16.25	18.51	4.92	12.89	8.92	12.14	78.48	39.33	1.25	14.17	0.26	0.06	17.41	22.26	22.36	11.55	23.61	22.57	10.72	12.78	6.79	12.0	11.92	22.26	9.68	11.86	15.01	20.45	17.02	10.72	9.77	0.13	12.64	11.82	17.73	9.78	17.26	17.88	22.38	12.22	0.38	12.15	12.72	12.49	22.36	19.31	14.53	17.26	13.17	12.49	6.2	12.45	15.64	9.85	6.78	5.12	0.32	16.15	15.56	8.2	23.7	15.81	18.17	16.17	14.17	13.78	17.07	15.88	9.56	20.95	12.21	19.64	8.26	5.15	5.81	17.54	20.45	11.07	10.57	15.23	20.49	10.87	22.48	18.42	3.87	19.56	21.95	16.59	22.29	18.52	7.1	7.67	14.75	12.91	15.67	14.22	19.87	0.5	13.76	14.22	1.06	12.64	20.54	12.73	5.21	7.57	0.15	0.06	6.36	10.63	6.41	18.21	12.64	0.17	7.74	11.79	13.49	21.95	8.22	0.37	9.77	17.34	13.35	16.81	12.49	9.36	12.76	10.72	12.78	15.26	11.93	24.48	17.99	14.06	13.39	16.72	12.89	21.95	16.3	12.46	16.56	12.21	20.14	12.62	0.14	16.32	13.39	11.78	14.68	18.26
369_24mo	26.0	8.39	12.34	14.31	12.64	16.88	9.21	12.46	19.18	20.24	10.94	17.6	17.86	15.92	13.54	17.26	25.14	19.92	0.0	14.71	13.91	26.33	20.29	25.29	18.14	7.15	14.45	16.07	13.42	10.02	21.54	14.91	10.13	14.63	20.9	11.25	16.15	18.37	21.9	15.58	8.6	96.78	23.07	15.57	87.51	25.56	11.29	12.35	16.77	20.17	12.05	8.84	11.05	19.21	17.43	19.91	8.72	8.31	8.42	25.34	23.95	14.5	27.21	11.18	12.36	76.23	54.89	13.08	13.44	18.33	13.95	19.23	24.7	24.46	12.77	23.45	21.31	14.31	17.46	11.69	23.19	23.08	24.48	21.18	22.94	17.79	19.16	3.24	14.31	12.64	19.72	8.73	26.8	12.36	12.67	22.07	23.67	21.73	17.31	19.24	8.89	16.08	8.39	24.43	25.78	17.59	22.64	14.99	8.4	12.14	9.49	16.42	20.9	6.22	7.51	19.48	26.11	16.29	13.62	23.01	16.82	22.59	21.66	29.99	30.11	17.26	17.19	7.74	19.31	8.6	23.66	25.8	15.06	6.34	14.73	19.21	19.12	16.36	8.21	19.18	9.63	23.36	20.52	12.75	19.07	22.85	21.15	16.91	22.96	8.97	14.43	18.34	15.08	18.0	18.91	18.96	16.95	16.05	19.41	10.83	8.74	19.16	15.81	11.34	14.18	8.81	19.29	19.58	14.69	13.27	17.63	8.73	18.38	6.12	16.15	18.25	22.85	11.01	13.15	12.64	22.16	24.18	17.38	9.15	6.23	19.86	14.17	17.45	13.09	25.72	15.19	19.01	18.14	26.52	18.93	26.96	24.02	22.03	9.13	18.51	8.67	19.12	9.76	14.43	21.27	26.49	11.02	16.0	12.78
861_father	11.66	8.43	9.82	10.05	8.4	11.42	8.58	4.31	16.93	0.0	7.97	10.33	12.11	11.47	4.92	14.9	14.37	0.07	14.71	0.0	5.33	7.81	10.66	11.78	16.52	6.85	9.36	12.22	9.48	8.01	13.94	10.06	6.21	9.63	16.02	12.48	11.68	16.8	14.64	9.51	7.78	76.76	19.45	10.59	56.2	14.88	7.53	8.01	9.56	0.44	16.03	7.88	13.3	16.52	12.47	14.12	8.21	0.68	8.48	14.46	15.74	4.86	11.77	7.8	9.61	56.35	32.61	2.23	9.51	0.19	0.35	16.18	16.45	16.53	9.79	20.83	16.95	10.05	12.76	4.95	11.98	11.97	16.45	10.01	11.92	12.28	14.22	12.89	10.05	8.63	0.94	8.33	10.49	12.69	8.42	14.59	18.43	17.05	12.25	0.59	6.6	12.16	8.17	16.53	18.35	11.46	15.72	9.09	8.17	5.26	8.67	12.38	9.86	4.57	4.04	1.19	16.37	11.37	6.97	20.09	12.02	12.49	12.78	12.83	12.42	15.0	13.05	6.71	17.56	8.26	18.18	9.21	4.67	4.58	13.01	14.8	8.43	9.43	10.98	14.76	7.05	17.2	13.36	4.22	13.95	17.07	13.36	22.32	15.58	5.64	6.44	11.8	9.88	11.94	11.05	13.82	2.72	12.44	10.75	1.31	8.34	14.29	11.93	5.06	5.9	1.8	0.42	4.91	7.83	5.4	12.72	8.34	2.11	6.73	11.52	13.37	17.07	5.93	1.09	8.4	14.65	18.59	16.31	8.53	5.74	9.68	9.92	12.76	12.41	11.37	18.96	18.51	10.89	11.16	12.91	11.77	17.07	12.47	7.88	12.96	8.27	14.07	7.95	1.13	12.82	11.16	8.5	9.97	13.15
144_mother	13.24	8.73	15.4	9.54	5.82	8.45	7.01	6.06	12.0	6.44	5.84	9.19	7.53	9.98	7.59	8.33	14.84	5.64	13.91	5.33	0.0	7.42	13.26	11.82	13.24	5.88	6.44	10.95	1.35	6.87	13.13	4.42	2.98	9.23	5.78	9.04	10.87	18.8	17.3	6.3	8.2	84.56	16.74	11.63	67.06	15.27	5.17	8.84	5.27	6.89	16.47	8.32	11.82	11.6	0.37	8.58	8.5	2.98	8.62	15.06	11.02	5.12	14.6	5.34	15.63	71.37	32.75	6.06	5.33	5.33	6.72	8.41	16.0	16.08	7.7	18.29	9.63	9.54	10.28	2.38	17.62	17.54	16.0	5.79	17.5	7.51	8.23	12.92	9.54	5.91	7.06	8.67	12.24	11.61	5.83	14.88	13.51	13.84	7.97	6.61	8.07	9.85	8.53	16.08	11.21	10.27	15.2	7.98	8.53	4.53	8.28	10.96	6.99	3.31	3.97	7.22	14.82	10.92	8.61	17.06	11.01	13.61	13.96	0.96	0.88	8.43	11.87	7.39	12.34	9.01	18.01	12.19	6.43	5.57	14.26	8.4	9.27	8.45	11.04	8.41	7.82	8.75	12.36	2.77	7.75	8.79	8.33	21.34	15.58	3.45	2.66	7.37	8.4	12.58	12.57	7.91	5.0	1.61	12.76	4.69	8.67	8.23	6.76	5.23	2.12	5.96	6.8	6.71	5.6	6.05	7.66	7.37	5.36	6.18	11.78	11.46	8.79	2.98	3.21	5.82	15.06	13.39	8.46	7.45	6.93	10.28	9.35	10.28	7.14	0.94	14.68	13.32	10.55	14.57	9.83	14.32	7.3	16.75	8.56	8.99	9.01	8.12	6.87	3.78	12.46	14.57	9.5	8.04	12.35
756_father	16.85	16.81	21.74	18.42	14.28	14.74	16.37	13.58	20.41	9.71	12.14	14.3	15.16	14.44	8.85	17.74	15.9	12.59	26.33	7.81	7.42	0.0	19.31	18.29	17.9	12.22	13.38	18.1	13.87	17.75	18.53	13.66	9.96	17.33	17.11	13.6	20.45	17.21	28.67	14.39	15.98	26.33	16.59	14.21	26.38	16.11	13.56	17.86	14.56	9.04	17.79	15.78	23.55	19.71	14.68	14.8	16.35	4.97	16.98	16.08	19.72	16.07	17.48	9.95	22.47	30.99	2.05	5.66	15.93	13.12	11.56	15.8	15.31	15.43	12.68	18.25	17.02	18.42	23.9	10.9	23.93	23.57	15.34	14.81	23.59	15.65	16.58	27.85	18.41	14.9	9.59	16.09	17.38	16.17	14.36	16.13	16.51	19.54	18.12	9.53	16.65	17.13	15.86	15.4	19.56	17.69	18.17	14.44	15.93	14.65	16.94	19.15	14.66	11.63	11.33	9.27	21.17	14.56	15.17	17.17	17.48	15.02	18.04	16.88	17.63	17.99	18.36	15.73	21.41	17.62	24.0	13.74	14.74	12.1	22.94	17.35	17.2	19.3	17.64	17.39	7.64	13.62	16.25	10.87	14.95	14.25	14.32	28.22	18.67	11.11	10.02	14.85	14.76	17.72	16.71	16.11	7.8	15.45	16.21	7.27	15.86	16.6	15.31	9.12	12.15	7.33	9.46	17.95	11.26	8.46	15.7	15.87	7.24	14.66	22.66	29.56	14.25	9.29	4.98	14.28	16.22	26.83	19.54	17.06	9.76	14.51	18.35	23.88	17.64	17.06	18.64	20.47	14.34	17.86	22.71	17.48	14.27	19.32	17.24	17.53	17.54	16.33	17.95	9.53	17.92	17.83	18.73	15.04	18.52
668_1mo	24.6	16.61	10.91	12.3	13.69	17.79	17.39	9.55	22.17	12.49	8.83	14.54	14.95	21.14	11.32	12.08	22.76	9.6	20.29	10.66	13.26	19.31	0.0	24.54	24.51	13.44	16.73	11.55	8.37	18.16	7.26	11.14	4.99	12.61	14.52	18.39	8.29	15.41	18.31	14.76	16.26	96.15	19.67	20.45	82.63	23.61	7.29	10.96	15.89	12.71	19.64	16.63	16.19	21.85	14.35	14.59	16.46	5.89	16.53	23.16	22.58	9.73	25.62	4.85	9.07	95.62	43.16	8.29	11.16	8.9	14.39	17.87	21.56	21.71	14.21	21.0	18.2	12.3	17.53	6.87	0.04	0.04	21.65	13.77	0.0	15.32	14.83	18.21	12.3	13.5	15.1	16.6	24.8	14.63	13.71	20.72	27.2	18.92	11.97	10.97	16.38	11.3	16.18	21.71	22.56	12.22	21.88	9.38	16.22	7.97	16.54	11.55	14.42	5.34	7.89	12.08	29.5	12.25	11.01	20.25	12.57	13.7	8.05	24.46	24.59	12.12	13.21	5.25	23.32	15.71	28.68	24.16	9.51	6.46	10.08	15.3	19.8	11.08	15.51	15.17	15.94	18.46	8.79	10.17	15.89	18.82	24.39	24.52	21.33	6.41	10.3	15.42	12.49	18.73	17.29	14.67	8.02	15.38	17.5	10.26	16.6	15.03	14.71	6.91	10.78	11.68	11.63	8.39	5.18	14.23	15.13	16.66	6.53	0.32	8.25	16.24	18.82	10.04	7.18	13.69	21.09	13.81	12.45	17.51	14.01	22.06	12.21	17.47	13.54	20.81	20.14	24.53	17.81	25.81	18.88	25.69	18.89	16.61	17.05	20.43	15.77	14.86	18.02	10.23	7.37	25.53	14.03	14.09	15.28
199_mother	0.0	18.32	27.85	25.06	14.82	21.34	17.27	14.26	19.51	12.71	16.06	14.51	15.59	15.02	14.79	20.79	14.03	12.85	25.29	11.78	11.82	18.29	24.54	0.0	20.81	15.99	16.84	21.49	16.41	16.76	31.36	11.59	12.87	23.96	20.77	19.49	24.33	28.89	20.54	10.91	17.51	87.6	23.2	20.71	59.22	14.33	13.95	20.62	16.35	13.11	26.01	17.64	26.91	18.99	18.87	15.54	17.84	10.13	18.17	14.07	11.64	19.05	0.0	15.94	27.01	59.57	41.16	10.44	14.49	13.12	18.06	19.07	15.55	15.8	14.57	24.5	16.73	25.04	18.44	10.65	26.78	26.69	15.79	24.57	26.64	15.77	23.54	22.04	25.04	14.97	13.86	17.97	0.05	18.77	14.9	15.61	15.98	21.85	26.98	12.63	16.06	25.54	17.77	15.77	13.03	22.42	16.93	17.22	17.67	14.78	17.53	22.64	24.0	11.06	12.16	13.76	23.1	18.73	20.7	24.14	21.39	21.95	30.06	15.19	14.65	20.87	20.6	15.44	20.27	17.29	22.3	0.0	15.35	11.97	19.82	24.49	10.81	25.99	21.99	24.46	16.53	27.12	30.54	13.81	15.67	26.39	15.51	33.49	16.73	13.22	1.13	15.34	18.89	15.79	15.2	23.5	9.89	18.15	14.8	13.09	18.0	23.61	15.61	13.8	12.46	15.36	12.52	16.42	11.07	16.78	22.92	17.86	15.32	16.19	25.65	19.92	26.41	12.99	7.04	14.82	16.06	27.57	22.37	18.53	12.37	16.0	24.93	18.41	20.94	13.61	28.33	22.05	15.91	0.0	13.62	0.0	26.48	25.51	16.7	16.34	17.41	23.48	16.69	13.56	29.96	0.0	14.08	16.18	20.81
120B_mother	19.01	12.72	23.32	21.26	9.63	16.64	12.52	13.21	23.37	18.19	9.94	16.71	15.17	12.33	12.15	15.61	17.76	17.89	18.14	16.52	13.24	17.9	24.51	20.81	0.0	8.7	11.0	17.16	11.56	12.0	26.5	13.36	10.48	20.73	14.53	5.15	19.31	26.18	19.69	11.93	12.11	91.87	21.19	12.5	59.75	17.95	11.46	18.29	13.48	17.69	22.91	11.99	19.23	22.81	16.49	14.99	12.41	9.54	12.72	18.1	14.67	11.44	20.65	10.31	23.76	74.48	45.86	11.1	11.73	18.04	16.77	13.53	13.9	13.97	11.21	22.21	16.85	21.26	14.81	7.98	26.4	26.48	13.97	18.95	26.12	15.18	14.88	17.05	21.26	9.63	19.62	12.63	17.95	17.38	9.64	16.76	6.68	21.11	17.27	17.54	11.69	17.24	12.72	13.97	14.51	15.37	16.76	14.06	12.72	14.06	11.99	17.18	18.87	8.97	10.79	17.88	22.47	17.41	16.6	21.16	17.85	17.93	27.85	25.18	26.56	15.72	17.66	15.69	23.44	12.59	27.19	18.94	11.77	12.06	15.53	14.9	17.5	21.19	16.51	14.89	11.34	21.22	22.69	10.11	14.0	20.48	17.12	22.77	16.58	9.89	12.2	14.82	14.99	18.38	16.08	14.47	12.84	14.5	16.88	9.52	12.63	14.96	10.65	12.58	9.8	12.23	18.05	14.63	10.0	10.53	12.78	12.63	21.15	8.16	20.47	17.35	20.48	9.04	12.78	9.63	16.89	18.74	15.62	12.51	7.08	20.74	20.93	14.81	12.94	22.59	21.58	0.0	13.77	20.28	15.35	20.34	20.48	23.72	12.72	15.9	12.59	14.63	12.63	15.83	27.25	20.28	12.41	7.45	17.33
792_24mo	17.94	0.48	7.17	11.55	7.44	9.06	0.29	5.44	15.42	12.65	3.34	10.34	9.28	8.25	9.15	11.12	14.74	10.56	7.15	6.85	5.88	12.22	13.44	15.99	8.7	0.0	8.63	10.45	8.06	0.5	14.77	7.54	2.47	9.34	11.48	7.29	9.06	12.45	17.83	7.68	0.92	74.33	15.85	9.36	62.56	15.12	6.01	7.78	9.4	12.67	10.07	0.87	7.33	14.91	9.62	9.68	0.36	2.45	0.37	14.98	16.36	8.28	19.12	4.23	7.42	62.82	35.88	8.15	1.19	10.09	7.24	10.11	15.79	15.95	7.25	17.08	11.07	11.55	11.71	3.81	15.94	15.86	15.89	11.15	15.71	9.35	10.57	7.11	11.55	7.58	12.97	0.48	17.31	8.76	7.45	14.89	15.63	11.71	10.87	11.81	0.81	10.55	0.44	15.95	16.64	9.71	15.25	8.15	0.47	5.59	0.52	10.46	10.56	1.9	0.76	12.78	19.94	8.28	7.82	16.01	10.08	11.78	14.85	21.45	21.74	11.24	11.45	4.02	15.83	0.54	17.24	16.25	8.59	1.74	8.24	10.8	11.13	11.08	5.53	10.83	0.65	12.51	11.7	4.85	8.44	12.68	14.2	16.07	15.4	2.89	5.35	8.82	7.96	12.09	11.51	10.25	10.73	9.8	11.61	5.34	0.4	10.57	8.09	5.84	5.62	5.61	12.53	8.74	4.12	3.16	8.29	0.42	9.27	2.71	9.33	11.55	12.68	3.52	4.99	7.44	15.04	18.93	11.34	0.62	0.8	12.1	11.07	11.71	8.13	17.11	10.84	8.68	9.75	18.4	14.72	18.94	12.9	13.74	0.43	13.17	0.62	10.47	0.45	8.15	14.11	18.4	8.6	6.06	9.44
839_father	16.33	11.93	18.18	17.48	6.38	13.63	10.8	7.64	16.31	12.38	7.82	3.77	10.86	11.75	14.37	14.93	16.59	11.02	14.45	9.36	6.44	13.38	16.73	16.84	11.0	8.63	0.0	14.77	10.78	8.15	24.38	8.62	3.52	14.44	10.94	7.46	13.19	19.89	19.81	7.44	11.51	84.16	16.87	9.41	69.76	15.91	8.44	11.51	11.64	11.88	18.15	11.46	15.35	15.82	12.94	8.89	11.69	6.87	11.84	16.87	15.54	11.34	17.39	6.69	17.46	65.11	43.26	8.92	11.9	10.76	8.88	13.52	16.87	17.49	7.05	18.22	11.88	17.48	14.08	0.18	18.94	18.89	17.48	13.33	18.7	11.09	14.96	14.38	17.47	6.53	13.06	11.53	16.35	13.98	6.47	17.06	13.43	13.6	14.46	12.59	10.26	13.8	11.73	17.47	16.06	14.61	18.1	12.26	11.76	8.09	11.29	15.34	13.92	6.75	5.16	12.0	20.02	11.04	11.65	17.07	14.11	15.14	24.07	21.36	20.44	15.01	15.76	10.17	16.31	10.9	21.79	14.32	11.13	8.02	10.85	15.23	6.83	14.86	13.44	15.22	9.28	16.02	18.05	5.33	9.88	15.96	15.14	21.64	19.0	7.77	6.76	9.85	10.63	15.55	15.5	14.8	9.7	12.48	15.61	7.9	11.77	14.94	6.52	10.87	6.92	7.03	12.8	12.93	10.22	8.26	14.79	10.7	9.97	7.32	14.19	15.27	15.96	2.62	4.12	6.38	17.13	22.22	15.55	11.83	6.53	13.41	17.31	14.02	11.84	19.01	17.16	12.71	12.7	16.18	12.8	17.05	15.83	18.81	9.57	14.74	10.97	14.88	8.8	6.98	22.6	16.32	11.67	8.99	15.88
369_mother	22.95	14.67	13.19	14.26	12.99	11.63	15.08	9.85	16.54	17.07	0.78	14.4	13.92	17.47	8.22	13.14	20.69	15.64	16.07	12.22	10.95	18.1	11.55	21.49	17.16	10.45	14.77	0.0	10.47	14.07	14.01	9.95	6.05	13.65	14.58	10.57	15.93	14.98	17.74	11.18	14.15	91.2	19.84	13.31	69.86	21.04	1.0	12.17	10.82	16.61	16.27	14.22	16.88	16.28	14.3	13.37	14.73	6.47	14.59	21.06	18.1	10.74	23.92	6.67	12.87	68.4	41.03	10.26	11.47	14.0	15.99	15.66	18.07	18.18	12.63	20.24	14.45	14.26	16.21	3.6	14.23	14.24	18.17	16.43	14.02	13.85	11.79	18.15	14.25	12.98	16.16	13.86	23.9	13.07	13.1	18.5	20.73	13.22	13.44	16.0	14.7	12.92	14.67	18.16	19.74	1.4	17.68	0.04	14.69	10.52	14.68	0.0	16.52	6.15	7.19	16.05	26.47	10.7	11.5	20.09	0.16	11.24	13.98	22.92	22.61	13.22	2.04	9.84	16.53	14.64	29.13	24.68	11.35	5.4	15.77	11.83	17.47	15.31	12.41	11.8	13.74	17.12	10.98	9.87	11.41	16.88	17.29	19.77	18.41	6.29	8.88	12.5	0.2	5.32	5.62	11.73	10.99	13.86	5.92	6.78	14.86	11.78	12.52	3.92	8.36	11.16	16.44	11.75	8.26	11.09	10.48	15.07	9.16	5.96	15.63	16.12	16.89	6.08	8.43	12.99	18.65	21.16	13.32	15.71	9.24	17.12	14.1	16.2	2.08	19.39	17.08	18.84	14.73	24.15	20.14	23.75	17.82	20.33	13.5	16.75	14.7	11.73	14.57	14.16	13.94	24.13	10.77	9.45	14.17
501_father	20.26	11.13	12.99	7.26	9.71	9.88	10.98	3.5	14.11	11.82	4.08	10.01	12.25	14.68	10.0	7.2	18.44	9.53	13.42	9.48	1.35	13.87	8.37	16.41	11.56	8.06	10.78	10.47	0.0	7.69	11.31	4.73	2.54	7.11	6.02	9.45	6.43	18.93	16.1	7.83	11.38	83.5	18.16	13.73	65.48	19.1	4.85	6.23	8.4	12.4	13.8	11.52	11.83	13.95	0.89	15.3	11.26	3.78	11.03	18.8	15.32	7.92	21.46	3.56	11.66	80.56	36.44	10.52	7.22	9.61	9.33	12.85	18.1	17.7	10.04	19.1	17.67	7.26	15.78	5.96	11.04	11.03	17.7	7.73	10.82	12.14	6.96	12.08	7.26	9.71	13.02	9.21	20.86	8.67	9.73	17.18	16.88	16.06	10.41	14.1	11.15	10.32	11.13	17.7	15.43	10.95	13.39	8.33	11.13	5.26	11.11	10.48	7.53	7.11	3.06	14.65	26.67	14.51	5.95	18.33	9.84	12.68	11.13	17.38	17.43	7.29	11.89	8.77	14.31	10.16	26.86	19.55	8.18	4.49	6.51	6.96	11.75	7.32	9.9	6.97	9.97	9.58	10.56	3.59	11.66	9.34	12.11	18.18	14.37	2.8	3.4	8.26	8.92	11.7	11.21	6.7	10.16	0.46	11.6	5.41	11.34	7.01	7.34	3.94	3.63	9.26	14.59	7.86	4.08	6.45	7.16	11.35	4.64	2.58	7.25	12.23	9.34	4.82	7.64	9.71	17.28	12.21	7.12	11.4	6.16	20.16	6.86	15.78	7.56	14.68	16.18	11.28	13.2	21.88	17.78	21.24	9.34	17.11	8.1	13.52	10.16	6.86	8.32	5.8	10.65	21.88	7.65	9.24	8.79
802_24mo	15.52	0.18	8.95	13.63	6.05	13.21	0.23	8.0	16.35	12.38	5.57	9.81	12.78	8.17	11.56	13.51	19.73	12.61	10.02	8.01	6.87	17.75	18.16	16.76	12.0	0.5	8.15	14.07	7.69	0.0	19.71	9.54	4.72	13.51	14.84	9.28	12.8	17.02	21.02	7.44	1.2	97.25	26.84	13.36	75.5	20.01	7.07	10.98	11.2	11.87	11.8	1.18	8.23	15.95	10.07	15.11	0.14	3.59	0.18	20.01	16.47	8.25	16.97	8.47	9.36	83.45	45.02	9.1	1.22	12.74	8.68	12.09	17.43	17.71	8.96	28.04	16.52	13.63	11.85	4.99	19.84	19.93	17.62	13.39	19.63	12.66	12.73	9.09	13.63	6.05	12.34	0.32	14.01	10.56	6.05	20.76	16.79	15.98	13.27	12.15	1.39	13.25	0.18	17.71	19.87	13.06	20.63	10.65	0.18	8.16	0.29	14.08	13.09	2.58	0.84	12.87	24.11	11.41	11.03	27.13	14.36	17.06	20.25	19.0	19.92	13.61	15.21	5.23	16.28	0.24	15.56	14.21	8.28	2.01	11.69	12.69	12.47	13.37	6.47	12.75	0.77	15.56	18.01	7.58	13.02	15.62	12.7	12.45	21.04	5.84	7.27	12.24	11.7	15.86	14.07	12.43	11.54	9.58	14.72	5.97	0.32	12.79	11.07	7.27	6.7	4.63	12.71	11.04	6.6	6.18	10.49	0.32	13.29	3.15	12.24	13.75	15.62	5.62	7.29	6.05	20.95	14.46	13.43	0.0	0.78	12.66	13.24	11.85	10.52	16.6	13.72	12.06	11.96	15.52	15.83	16.68	15.62	21.47	0.18	15.58	0.24	12.57	0.0	10.3	19.49	15.52	9.48	7.54	9.98
806_mother	33.68	20.67	10.36	12.84	19.94	17.45	21.24	13.63	23.51	17.83	10.41	14.88	17.73	26.87	13.42	14.58	25.86	15.52	21.54	13.94	13.13	18.53	7.26	31.36	26.5	14.77	24.38	14.01	11.31	19.71	0.0	13.36	3.71	13.65	20.33	16.91	13.49	19.87	23.41	16.05	20.11	69.28	28.08	22.58	77.33	27.11	9.78	13.23	21.05	17.72	19.47	20.09	16.56	23.3	14.02	22.67	20.74	7.55	20.59	26.43	28.11	14.52	35.0	4.94	10.33	77.05	41.65	12.25	12.71	13.61	18.86	22.09	22.07	22.15	17.86	29.06	23.46	12.84	21.33	14.09	10.8	10.84	22.07	13.88	10.68	17.59	13.8	20.43	12.84	19.94	16.75	18.67	36.03	17.2	19.97	28.15	30.24	21.6	12.09	17.66	18.53	11.61	20.58	22.15	28.66	12.79	26.83	13.17	20.61	12.07	20.57	14.1	13.69	8.6	11.39	18.97	36.05	18.22	12.24	28.51	14.07	14.92	1.07	27.4	27.45	14.63	15.36	10.8	23.51	21.32	32.06	37.61	14.01	8.65	19.2	13.91	24.13	13.99	15.39	13.8	17.78	18.77	1.46	12.48	18.39	19.34	24.47	25.97	26.87	2.79	12.46	15.63	12.85	21.02	18.48	13.52	17.87	15.43	18.93	13.82	20.57	13.85	21.8	1.7	14.09	17.12	18.09	10.26	7.06	13.73	12.27	20.73	8.13	7.38	14.96	18.86	19.34	8.89	11.54	19.94	28.32	20.13	14.74	22.01	15.09	28.24	12.72	21.33	15.52	25.13	23.57	28.3	19.14	35.11	29.14	34.79	20.43	20.3	18.64	22.61	21.4	13.73	20.02	15.22	1.01	35.11	18.18	15.89	17.83
933_24mo	10.84	9.94	15.0	10.54	7.16	9.21	9.69	5.78	15.53	13.2	4.3	8.34	10.93	11.62	7.4	0.04	13.44	11.49	14.91	10.06	4.42	13.66	11.14	11.59	13.36	7.54	8.62	9.95	4.73	9.54	13.36	0.0	3.36	10.42	6.76	10.36	10.75	15.84	15.29	8.92	10.45	91.99	14.97	15.34	58.31	14.1	5.16	9.05	7.14	13.32	13.64	10.6	13.38	15.09	7.19	11.48	9.93	2.83	9.82	13.7	14.21	9.17	12.13	3.82	13.44	68.15	36.43	7.04	7.59	11.65	11.7	10.62	16.45	16.45	6.13	15.97	14.15	10.54	11.48	4.71	14.97	15.12	16.37	10.61	14.78	10.77	4.98	13.59	10.53	7.16	14.03	10.18	10.93	7.44	7.19	13.2	15.25	16.88	9.77	12.74	9.9	9.75	9.95	16.42	14.08	10.59	13.62	7.34	9.91	7.13	9.84	10.13	10.6	4.17	4.83	13.49	22.52	12.28	8.88	15.11	10.22	11.22	12.84	16.94	16.83	0.13	9.8	6.04	15.64	8.5	23.34	10.12	8.96	4.32	11.85	5.18	13.74	11.48	9.01	4.99	10.04	10.74	13.2	5.47	10.85	10.77	12.4	15.34	13.37	2.31	0.14	10.54	9.29	11.5	10.14	4.72	7.79	7.05	10.62	4.18	10.2	5.04	8.69	3.37	3.17	6.54	13.11	11.7	4.9	8.22	6.3	10.16	8.61	2.82	11.52	12.63	10.77	3.77	6.05	7.16	13.36	16.43	0.09	10.1	7.64	15.52	10.3	11.47	7.77	15.63	13.02	14.87	9.81	12.22	12.42	11.87	10.78	16.56	9.34	12.55	8.55	5.07	9.36	8.81	12.3	12.21	5.84	8.4	6.34
327_father	11.87	4.67	7.41	6.68	2.25	8.24	4.7	4.19	10.88	9.88	2.09	2.84	4.84	9.56	6.78	4.86	11.31	8.1	10.13	6.21	2.98	9.96	4.99	12.87	10.48	2.47	3.52	6.05	2.54	4.72	3.71	3.36	0.0	6.37	6.44	4.75	5.69	10.02	12.86	2.69	4.39	84.13	13.14	10.18	59.73	11.54	3.16	5.39	7.62	9.54	10.32	4.53	8.72	10.52	5.0	6.1	4.65	2.23	4.54	11.54	11.52	4.87	13.29	0.9	7.32	67.98	34.08	4.86	2.42	8.45	7.5	8.57	13.78	13.84	3.91	14.58	7.86	6.68	9.75	2.52	7.71	7.81	13.77	6.58	7.48	4.88	6.29	7.93	6.68	2.25	9.92	4.96	11.63	6.23	2.25	11.68	14.04	8.86	5.49	9.17	3.88	5.33	4.45	13.84	12.83	5.27	12.5	4.04	4.5	4.08	4.19	6.2	6.34	1.54	1.96	9.47	20.11	5.41	4.7	13.42	6.57	8.31	4.01	15.01	14.94	5.0	7.55	2.82	11.33	4.99	19.73	9.87	5.17	2.15	8.72	6.45	6.85	6.58	5.98	6.44	4.52	8.54	2.4	3.55	6.0	8.78	10.45	16.15	12.78	0.9	2.12	4.62	4.75	9.28	8.13	6.03	6.39	4.71	8.52	3.79	4.82	6.29	5.6	0.54	3.05	4.55	9.81	6.48	2.19	3.83	4.72	4.81	3.9	1.62	7.11	10.75	8.78	0.43	1.87	2.25	12.08	13.37	5.27	5.0	3.81	12.08	6.39	9.69	5.1	13.58	10.99	12.13	6.86	13.39	11.87	13.29	8.78	12.25	4.36	10.51	4.94	6.21	4.74	5.97	3.47	13.17	5.89	4.57	7.01
214_3mo	24.7	13.24	14.91	0.0	11.44	12.31	12.53	1.72	15.59	12.69	6.98	14.67	15.25	15.37	12.49	11.95	21.01	10.72	14.63	9.63	9.23	17.33	12.61	23.96	20.73	9.34	14.44	13.65	7.11	13.51	13.65	10.42	6.37	0.0	13.23	14.05	7.14	19.33	26.19	13.48	12.68	80.9	21.08	16.41	66.99	21.87	5.25	0.0	13.37	12.83	19.55	12.84	13.53	15.55	11.84	18.97	12.96	5.42	13.15	21.21	25.3	6.14	26.02	6.81	13.85	80.46	49.8	10.12	11.88	9.61	9.16	14.81	21.57	21.69	11.65	22.09	22.54	0.0	15.63	7.94	15.09	15.08	21.62	7.5	14.98	15.47	11.23	17.78	0.0	10.85	14.05	13.12	26.48	15.08	11.48	16.83	23.01	25.61	8.74	12.46	14.2	10.19	12.88	21.66	24.92	16.58	18.03	10.83	12.85	1.36	12.93	13.97	6.89	5.55	6.28	12.63	31.02	16.75	0.31	20.67	13.47	20.06	13.66	23.21	23.38	12.03	14.3	7.55	15.87	11.86	25.97	24.78	8.1	5.52	17.43	11.69	19.65	0.32	14.35	11.51	13.46	14.04	12.25	5.37	17.95	13.53	19.77	22.65	18.16	6.14	10.05	14.74	12.93	14.93	16.44	10.93	11.2	12.78	16.48	7.07	13.12	11.23	14.25	7.41	7.81	7.88	12.43	7.49	6.52	8.93	11.19	12.65	11.08	4.9	7.96	13.87	13.53	6.94	7.55	11.44	16.77	12.53	12.84	13.62	10.71	22.3	0.37	15.57	9.03	19.54	15.96	22.2	15.22	24.87	22.94	25.65	13.13	21.2	13.33	23.13	11.9	11.34	13.27	4.49	12.49	24.95	14.52	15.58	16.24
819_mother	19.23	14.37	20.65	13.35	8.51	11.07	14.71	6.35	21.94	16.1	7.19	14.87	13.36	15.89	8.28	8.36	15.15	15.94	20.9	16.02	5.78	17.11	14.52	20.77	14.53	11.48	10.94	14.58	6.02	14.84	20.33	6.76	6.44	13.23	0.0	12.8	10.47	18.98	20.63	11.63	14.98	98.71	17.69	19.22	64.16	15.52	7.97	10.69	6.9	15.97	19.41	15.17	16.29	21.37	10.51	14.53	14.72	8.62	14.37	15.42	15.99	12.74	21.0	5.54	18.87	85.82	40.39	9.39	14.72	16.37	15.57	15.45	21.42	21.15	7.63	18.83	15.66	13.35	15.84	7.16	14.94	15.04	21.05	12.21	14.72	13.23	7.89	19.69	13.35	8.51	18.36	14.82	17.4	12.98	8.52	15.08	19.0	20.49	14.58	16.11	14.09	14.56	14.27	21.15	18.03	15.84	14.96	11.49	14.32	10.23	14.41	14.65	12.0	8.44	8.19	17.22	25.94	15.65	10.13	17.92	14.89	14.5	20.53	17.57	17.93	8.51	15.06	10.81	22.2	12.92	24.67	18.72	11.96	9.39	12.42	7.95	16.03	13.3	14.58	7.9	13.01	16.5	17.57	8.57	12.43	16.18	12.51	16.74	15.06	5.41	5.67	13.33	14.34	16.61	14.47	7.83	9.72	9.88	15.26	6.63	14.67	8.08	10.55	6.0	6.61	10.12	16.37	17.15	9.56	11.62	11.12	14.67	15.27	6.25	10.93	15.78	16.18	6.65	9.07	8.51	15.27	12.58	8.4	14.79	11.66	19.12	12.95	15.84	11.09	15.19	15.32	14.6	11.16	20.65	17.24	20.7	16.18	23.71	14.37	14.46	12.87	7.88	14.84	10.42	19.8	20.65	11.4	10.51	13.05
276_father	19.21	9.53	15.05	14.47	8.45	13.23	9.8	9.4	15.44	15.47	7.17	7.71	12.05	11.45	11.49	13.47	14.44	15.13	11.25	12.48	9.04	13.6	18.39	19.49	5.15	7.29	7.46	10.57	9.45	9.28	16.91	10.36	4.75	14.05	12.8	0.0	14.81	17.72	16.53	9.89	9.08	78.82	15.09	10.31	57.99	14.69	6.93	12.65	12.42	15.5	14.56	9.29	12.99	15.38	12.22	13.16	9.53	7.99	9.42	14.77	16.59	10.54	20.33	6.29	15.74	65.31	42.41	8.81	9.79	14.77	12.88	14.59	15.69	15.71	6.71	16.11	15.07	14.47	15.86	5.47	21.66	21.72	15.7	15.14	21.4	12.36	13.05	9.46	14.47	8.52	15.77	9.76	18.46	12.64	8.55	12.05	13.6	16.73	12.81	15.35	9.22	11.72	9.37	15.7	17.69	10.74	12.06	8.55	9.39	9.4	9.84	10.3	15.26	4.74	7.03	16.6	23.04	11.18	12.45	14.84	10.69	10.93	17.61	22.72	23.19	13.56	11.64	8.46	15.91	10.25	23.1	19.38	9.5	6.83	12.4	13.26	13.5	14.5	10.28	13.29	9.38	15.96	16.63	6.75	12.32	16.36	14.76	22.12	13.07	6.19	8.52	12.09	9.16	11.82	12.23	12.8	13.69	11.8	12.64	9.46	9.76	13.03	8.01	7.6	6.66	9.93	15.8	10.68	9.91	7.72	12.17	9.53	11.24	7.18	15.51	16.0	16.37	4.34	6.96	8.45	12.21	23.51	13.38	9.65	5.33	15.62	14.27	15.85	8.34	20.49	16.07	5.11	11.32	19.24	13.81	20.14	15.87	18.44	9.09	15.21	10.24	12.86	9.29	9.92	16.65	19.23	8.22	8.07	12.61
131_mother	24.59	12.21	12.09	7.13	10.96	14.65	11.63	7.34	22.28	14.57	8.82	15.47	14.68	17.9	10.66	12.53	21.06	12.43	16.15	11.68	10.87	20.45	8.29	24.33	19.31	9.06	13.19	15.93	6.43	12.8	13.49	10.75	5.69	7.14	10.47	14.81	0.0	18.39	24.57	13.83	12.74	90.96	19.75	18.47	68.75	21.82	8.51	6.92	13.46	14.62	18.11	12.66	11.57	21.88	13.04	17.89	12.18	7.31	12.12	21.36	24.04	6.84	25.77	4.28	11.14	89.58	44.85	8.36	12.41	11.88	11.16	18.3	25.62	25.01	11.24	20.71	21.26	7.13	15.74	10.8	8.1	8.11	24.94	8.84	8.01	14.56	12.56	15.64	7.13	10.68	15.45	12.38	25.72	12.87	10.99	17.95	24.74	24.3	9.34	14.06	11.01	10.03	12.13	25.01	24.19	16.54	18.51	13.35	12.15	5.14	12.13	16.34	9.79	6.04	7.13	14.1	26.8	17.28	7.07	19.66	16.38	19.14	13.44	22.36	22.27	12.65	17.27	7.22	22.87	11.41	26.18	23.87	8.28	6.55	6.23	12.53	17.81	6.42	12.63	12.57	11.34	15.75	11.36	7.69	16.97	16.05	19.85	19.18	19.1	6.62	9.49	14.77	14.86	18.28	17.53	12.43	12.67	13.04	17.86	8.33	12.26	12.7	14.73	7.08	10.31	8.25	14.19	11.73	7.7	10.52	12.27	11.89	13.69	3.21	0.12	15.09	16.05	7.6	8.7	10.96	18.52	13.59	12.92	12.13	10.42	21.32	7.0	15.69	12.94	20.29	15.5	20.64	14.65	25.42	20.6	26.17	15.39	17.01	12.95	20.8	11.4	12.48	12.88	7.65	12.92	24.83	13.75	13.26	14.41
789_7mo	28.77	13.87	11.73	21.49	18.09	17.46	14.74	16.4	22.66	21.69	10.15	13.83	18.96	20.66	14.28	18.84	21.72	22.33	18.37	16.8	18.8	17.21	15.41	28.89	26.18	12.45	19.89	14.98	18.93	17.02	19.87	15.84	10.02	19.33	18.98	17.72	18.39	0.0	20.89	16.67	13.83	77.33	26.61	22.98	64.98	22.04	14.36	18.77	17.19	21.99	7.89	14.04	15.66	22.04	22.23	17.72	13.83	4.59	13.91	22.15	26.46	19.21	29.78	11.0	11.23	65.82	50.41	14.95	9.97	19.89	20.31	19.63	20.49	19.91	16.14	28.14	20.21	21.49	21.44	9.65	17.76	17.58	19.85	22.47	17.61	19.24	19.74	18.8	21.48	18.15	22.87	14.21	29.8	7.8	18.18	25.15	31.48	18.13	19.27	20.49	15.46	17.77	13.57	19.88	27.95	14.72	27.75	12.82	13.55	15.68	15.06	14.87	22.38	7.48	11.46	19.71	32.62	7.57	17.54	26.75	13.72	16.63	19.15	29.74	30.48	18.91	15.52	8.29	23.94	13.83	29.96	31.34	19.6	8.48	19.48	20.15	23.8	22.58	7.55	20.23	12.49	17.43	17.28	16.86	17.22	17.44	26.91	12.27	27.19	12.39	15.49	20.21	12.94	19.56	19.15	19.61	14.88	23.66	19.15	13.35	13.8	19.74	19.76	12.9	17.01	9.07	20.39	18.59	9.05	16.16	19.76	13.82	14.47	3.48	18.63	23.07	17.45	13.56	12.97	18.09	25.64	27.62	19.62	14.73	11.06	18.73	21.23	21.38	15.14	27.42	3.49	27.43	19.36	28.98	21.74	30.0	18.12	24.26	15.43	23.18	13.93	19.54	16.79	20.22	19.43	28.57	13.17	17.4	8.86
839_mother	19.7	21.16	20.28	27.03	21.2	26.15	20.62	19.77	22.79	18.17	15.5	18.33	18.84	18.81	18.34	22.38	27.33	16.09	21.9	14.64	17.3	28.67	18.31	20.54	19.69	17.83	19.81	17.74	16.1	21.02	23.41	15.29	12.86	26.19	20.63	16.53	24.57	20.89	0.0	16.07	20.96	112.77	28.33	21.68	64.8	27.79	15.77	22.94	21.2	17.87	26.26	21.21	26.3	22.46	23.31	20.35	21.49	14.49	21.16	27.82	12.97	19.76	20.73	13.12	20.23	83.53	51.51	12.79	21.0	19.29	21.51	26.11	18.3	18.7	19.03	29.22	24.63	27.03	21.63	13.55	19.58	19.48	18.62	24.53	19.46	18.89	26.55	20.02	27.03	21.2	17.71	21.52	18.41	17.52	21.22	25.16	18.87	21.46	26.56	18.94	21.93	27.09	21.18	18.7	15.53	18.5	24.3	16.16	21.22	17.66	22.16	17.73	25.26	11.42	14.26	18.93	23.57	15.58	23.03	28.61	17.03	14.38	24.07	24.59	24.44	22.48	18.27	13.91	22.69	21.38	29.34	19.94	20.35	12.82	18.17	26.61	22.91	26.09	20.07	26.59	19.57	30.12	24.8	12.67	19.82	29.8	21.23	27.43	24.97	10.48	11.56	17.55	15.71	24.86	25.86	26.0	16.01	19.67	26.49	19.39	21.56	26.61	18.46	13.38	14.72	16.41	19.08	21.08	13.45	20.11	25.67	20.78	10.5	12.68	24.09	22.27	29.8	15.13	13.05	21.2	25.38	28.4	22.35	20.72	15.25	21.79	27.01	21.63	19.43	21.53	27.1	19.07	21.69	20.47	4.39	20.51	28.91	25.86	21.11	13.76	21.36	26.39	20.61	19.1	24.12	20.47	3.66	17.81	18.06
907_mother	13.09	9.16	14.41	13.6	6.09	15.92	8.1	7.86	12.06	13.53	7.75	7.22	7.9	13.79	12.04	13.87	12.78	11.26	15.58	9.51	6.3	14.39	14.76	10.91	11.93	7.68	7.44	11.18	7.83	7.44	16.05	8.92	2.69	13.48	11.63	9.89	13.83	16.67	16.07	0.0	8.81	79.73	16.87	11.69	51.5	12.36	6.91	11.92	12.69	13.22	17.73	9.11	15.52	11.64	10.1	9.19	9.3	6.13	8.92	12.78	16.81	9.9	13.26	6.8	14.55	57.68	33.7	8.92	7.71	10.84	10.53	11.95	19.65	19.28	7.46	17.68	11.63	13.6	15.44	3.9	16.6	16.45	19.26	13.58	16.38	7.81	15.52	14.25	13.6	6.09	13.31	9.44	13.24	13.56	6.2	12.49	16.9	10.78	15.2	13.58	8.56	15.86	9.16	19.25	16.29	10.91	13.29	8.35	9.18	7.39	8.54	11.64	14.1	3.99	4.81	13.6	21.08	6.91	11.29	17.54	11.31	13.18	16.69	17.22	17.65	13.97	12.12	8.45	12.24	9.53	24.09	10.03	10.45	4.62	14.23	15.77	4.63	14.54	12.13	15.54	8.99	14.91	15.05	5.66	9.75	14.67	15.18	23.1	15.01	6.4	5.13	7.63	9.15	10.92	10.99	15.31	9.56	9.51	11.05	8.73	9.44	15.5	7.51	7.37	5.1	7.71	13.46	11.33	7.81	9.24	13.43	8.62	4.92	6.94	15.33	16.79	14.68	3.88	3.7	6.09	12.56	22.77	14.29	8.69	6.91	13.81	13.65	15.43	10.51	15.47	17.95	13.62	11.34	12.96	13.41	13.26	13.75	15.07	8.37	14.68	9.52	15.63	7.16	8.69	15.94	12.95	10.77	9.3	14.88
861_12mo	19.92	0.88	8.42	15.52	9.62	11.95	0.99	7.79	17.63	13.27	5.2	11.22	13.81	9.85	11.88	14.93	18.76	11.52	8.6	7.78	8.2	15.98	16.26	17.51	12.11	0.92	11.51	14.15	11.38	1.2	20.11	10.45	4.39	12.68	14.98	9.08	12.74	13.83	20.96	8.81	0.0	89.86	23.31	12.91	79.94	18.93	9.38	10.32	11.37	13.69	11.2	0.0	8.25	17.14	12.46	13.72	0.87	3.23	0.88	19.04	18.82	10.97	20.95	7.79	8.74	74.59	43.17	10.31	0.06	11.32	8.5	11.41	19.33	19.3	9.57	24.74	14.87	15.52	14.39	5.25	18.35	18.28	19.24	14.0	18.16	13.98	15.06	8.46	15.52	9.26	14.26	0.99	18.67	10.69	9.64	19.65	18.4	15.71	14.47	13.33	0.04	13.57	0.86	19.3	20.38	13.4	20.29	11.64	0.86	8.22	1.5	14.16	13.47	2.8	1.33	14.24	24.73	10.49	10.29	23.61	13.46	17.75	19.64	23.15	23.55	15.01	15.73	5.19	18.46	0.93	19.49	17.78	11.33	2.81	12.46	15.36	11.79	13.56	6.66	15.42	1.57	17.19	15.45	7.69	11.74	17.29	18.28	16.8	19.99	5.27	8.2	13.03	10.75	14.82	14.97	14.76	12.09	13.27	15.03	7.2	0.96	15.1	10.64	9.26	9.33	6.5	13.75	11.42	7.66	5.65	12.38	1.0	12.88	3.61	12.18	13.63	17.29	6.2	7.53	9.62	19.88	21.81	15.23	1.02	0.13	14.89	15.05	14.35	11.41	18.7	11.98	11.57	13.48	20.05	17.9	20.8	17.76	18.82	0.99	16.18	1.01	14.93	1.15	9.63	19.51	20.0	10.21	8.57	11.23
178_mother	87.09	90.01	92.74	81.0	92.8	77.67	89.31	89.0	83.62	86.43	84.19	66.1	76.42	90.33	66.57	96.73	67.24	95.19	96.78	76.76	84.56	26.33	96.15	87.6	91.87	74.33	84.16	91.2	83.5	97.25	69.28	91.99	84.13	80.9	98.71	78.82	90.96	77.33	112.77	79.73	89.86	0.0	73.16	84.29	21.3	67.01	84.15	94.04	80.43	86.21	71.05	89.78	92.62	82.31	77.99	68.9	89.96	57.24	89.39	67.87	87.49	97.06	86.06	73.11	102.0	35.32	30.21	81.06	65.92	90.22	92.73	86.18	69.41	69.31	92.05	74.1	69.81	81.0	99.18	71.06	116.82	117.45	69.41	78.76	115.81	75.34	79.23	96.23	81.0	92.93	81.57	90.3	91.83	73.18	92.89	72.96	86.93	78.19	79.73	85.85	104.17	80.25	89.87	69.31	79.86	80.07	72.41	87.02	89.92	91.04	85.32	91.5	78.23	76.86	94.76	86.8	64.35	76.22	93.2	72.31	92.65	74.36	70.35	86.78	88.21	97.31	91.7	89.13	83.47	98.25	62.52	93.42	96.6	90.07	99.67	79.16	80.64	89.14	74.76	79.22	36.87	68.73	71.56	83.89	66.18	72.88	83.82	73.09	74.94	103.43	83.83	75.57	81.77	81.37	77.1	78.22	83.54	85.36	77.82	81.96	90.04	79.13	80.69	69.05	84.8	73.1	87.26	81.29	54.07	62.83	69.97	89.88	69.75	88.09	97.7	114.63	72.88	74.18	78.24	92.8	72.87	73.39	96.89	90.29	72.96	69.47	79.69	99.18	90.53	95.62	79.65	91.7	74.64	86.54	87.81	86.03	72.88	66.2	96.94	77.58	98.2	78.77	97.31	84.13	69.96	86.54	102.77	74.33	87.46
276_7mo	22.08	24.25	29.08	22.88	14.92	20.57	25.28	19.45	29.36	22.82	14.9	17.23	13.46	24.93	13.92	17.74	15.13	22.64	23.07	19.45	16.74	16.59	19.67	23.2	21.19	15.85	16.87	19.84	18.16	26.84	28.08	14.97	13.14	21.08	17.69	15.09	19.75	26.61	28.33	16.87	23.31	73.16	0.0	14.6	56.29	15.41	17.65	18.37	20.33	23.47	25.9	23.14	27.17	28.95	21.69	11.0	23.8	14.67	24.18	15.3	22.42	21.18	22.28	4.97	27.16	51.33	36.16	9.2	21.05	19.71	25.87	25.21	22.0	22.19	12.66	0.0	14.13	22.88	25.7	11.7	22.99	22.89	22.18	21.09	22.87	13.84	20.21	25.26	22.88	14.93	24.71	23.98	22.98	20.2	15.03	10.24	26.85	22.76	21.72	20.87	21.98	20.16	23.64	22.18	22.31	22.54	9.31	19.56	23.72	18.49	23.52	19.89	21.0	14.15	19.72	21.71	25.41	19.67	15.86	0.0	19.9	13.65	27.26	30.29	30.38	17.86	20.62	17.68	30.31	22.71	31.45	23.47	20.01	16.62	14.88	20.63	15.03	23.08	24.01	20.65	20.27	24.34	27.53	14.75	12.13	23.81	24.73	30.55	10.08	13.6	12.57	14.18	20.17	13.59	14.94	20.08	13.76	21.32	14.81	16.23	23.68	20.25	13.37	16.29	17.09	19.35	21.06	21.88	16.11	16.38	21.21	23.9	22.07	14.05	20.67	29.35	23.82	12.25	11.14	14.92	10.28	32.57	17.89	26.1	11.52	22.39	22.81	25.62	17.58	28.55	25.5	23.6	14.5	22.53	20.08	22.5	25.16	18.2	24.79	19.14	22.73	20.04	27.56	19.3	27.67	22.28	18.92	16.97	23.59
502_mother	20.37	13.86	20.98	16.34	9.41	16.16	14.3	13.25	18.26	14.87	10.85	12.59	12.41	17.59	13.01	17.43	18.2	14.2	15.57	10.59	11.63	14.21	20.45	20.71	12.5	9.36	9.41	13.31	13.73	13.36	22.58	15.34	10.18	16.41	19.22	10.31	18.47	22.98	21.68	11.69	12.91	84.29	14.6	0.0	70.54	18.78	9.45	14.28	14.2	15.11	19.52	13.08	19.88	18.26	15.1	9.54	13.4	8.3	13.92	18.53	20.39	12.58	21.63	9.63	21.66	60.35	46.94	10.52	14.2	12.71	14.12	15.64	19.73	19.76	11.13	15.3	13.22	16.34	15.81	6.18	23.77	23.84	19.76	19.48	23.53	12.57	16.95	17.8	16.33	9.62	16.61	13.53	20.28	16.16	9.44	15.39	18.29	18.27	19.27	13.81	13.28	17.54	13.48	19.73	20.95	14.61	16.18	12.44	13.49	11.92	13.16	13.42	19.47	7.9	11.51	14.16	18.85	14.84	12.86	14.29	14.25	15.35	22.78	24.19	24.14	17.51	14.14	13.48	18.78	14.07	24.36	20.65	11.96	9.74	17.04	17.42	13.15	18.19	15.98	17.45	12.38	18.72	19.01	10.71	11.36	18.84	17.74	26.79	16.71	12.96	13.81	12.84	12.23	15.53	16.0	16.67	12.89	15.25	16.0	8.52	13.53	17.01	10.43	11.33	10.12	12.05	13.98	14.9	12.74	11.42	15.7	13.51	15.11	11.04	19.58	18.69	18.84	9.48	8.33	9.41	15.49	26.63	18.18	14.3	8.33	16.63	16.23	15.8	11.39	21.17	21.22	14.52	14.05	20.85	18.57	21.43	19.93	22.35	13.71	17.03	14.16	16.79	14.04	13.37	22.35	20.83	12.64	13.01	18.26
128_3mo	62.21	80.15	78.62	80.25	68.65	73.28	65.15	67.54	84.22	71.4	57.61	62.32	57.69	63.31	54.31	77.16	57.1	66.79	87.51	56.2	67.06	26.38	82.63	59.22	59.75	62.56	69.76	69.86	65.48	75.5	77.33	58.31	59.73	66.99	64.16	57.99	68.75	64.98	64.8	51.5	79.94	21.3	56.29	70.54	0.0	60.34	53.59	70.29	62.77	72.21	81.27	78.81	90.57	82.24	78.9	57.46	78.81	54.15	79.64	57.71	54.4	98.64	61.9	51.73	83.53	31.25	22.08	61.57	81.2	86.9	74.7	75.91	70.44	69.21	65.92	56.65	61.66	80.25	73.2	66.77	83.05	83.54	69.29	75.51	82.19	57.44	81.74	75.42	80.25	69.32	66.44	86.38	66.34	61.51	68.74	51.85	65.12	61.08	65.69	70.74	104.55	74.16	80.19	69.1	50.32	75.87	50.25	63.03	80.09	63.14	74.18	77.11	72.18	63.58	73.58	69.67	49.1	53.53	74.66	56.16	63.42	52.58	70.5	71.73	73.66	77.52	72.45	74.82	86.03	83.22	56.29	58.12	82.72	70.21	81.44	82.31	76.08	73.64	75.87	81.74	41.32	70.9	72.56	66.46	51.07	71.24	65.04	62.72	51.02	59.76	53.95	48.99	59.7	61.14	69.58	81.07	65.7	62.88	68.4	62.37	79.04	81.22	58.0	58.43	68.86	59.91	70.74	99.38	46.05	48.26	68.0	84.84	63.2	70.81	81.42	93.9	71.32	63.3	64.01	68.65	51.03	80.72	85.22	72.0	51.77	54.57	79.23	73.03	85.31	75.1	74.57	59.01	60.45	66.14	56.85	61.14	63.63	53.79	83.95	55.12	83.4	81.5	73.28	79.61	76.01	66.9	63.28	60.75	68.41
116_12mo	17.0	19.45	29.72	24.9	14.17	17.78	19.23	15.84	24.55	18.81	14.41	13.92	12.77	19.05	15.5	19.61	0.0	16.79	25.56	14.88	15.27	16.11	23.61	14.33	17.95	15.12	15.91	21.04	19.1	20.01	27.11	14.1	11.54	21.87	15.52	14.69	21.82	22.04	27.79	12.36	18.93	67.01	15.41	18.78	60.34	0.0	16.56	20.65	16.16	18.86	21.22	19.05	26.21	23.94	21.07	11.01	19.09	8.32	19.37	0.07	16.66	19.14	17.04	10.36	29.63	56.89	39.12	12.39	11.79	15.64	23.17	17.46	15.91	16.81	8.64	16.3	14.16	24.9	19.25	7.06	27.23	27.1	16.8	21.46	26.94	12.96	21.59	24.55	24.89	14.84	19.94	19.85	16.64	16.56	14.29	7.32	19.76	22.74	24.15	16.88	18.98	22.14	18.91	16.79	15.42	20.44	7.19	18.32	18.96	16.17	18.5	21.55	21.56	2.18	15.66	16.83	25.04	18.64	18.68	16.24	21.52	21.08	27.53	23.94	24.07	19.7	21.03	12.73	25.0	19.25	26.73	15.37	17.76	16.21	16.77	22.15	9.07	23.87	21.48	22.17	17.11	20.91	24.73	15.14	12.49	20.58	21.24	27.55	7.38	14.03	9.07	11.99	18.24	13.87	14.87	21.37	12.02	22.17	14.6	14.21	19.17	21.64	12.93	14.64	14.84	17.62	17.27	14.38	10.7	14.78	20.24	18.43	17.4	12.71	23.06	21.12	20.59	10.35	8.45	14.17	7.07	28.2	20.46	20.6	12.64	21.04	24.7	19.18	18.43	21.39	21.15	20.09	3.91	16.85	19.27	16.86	20.85	20.77	19.07	18.7	19.31	21.36	20.72	16.73	27.01	17.01	18.47	4.59	18.82
710_24mo	15.13	9.83	8.62	5.91	7.59	7.16	9.59	3.36	10.67	9.4	0.64	9.69	10.9	10.56	5.64	8.24	16.31	8.62	11.29	7.53	5.17	13.56	7.29	13.95	11.46	6.01	8.44	1.0	4.85	7.07	9.78	5.16	3.16	5.25	7.97	6.93	8.51	14.36	15.77	6.91	9.38	84.15	17.65	9.45	53.59	16.56	0.0	4.83	5.76	9.05	13.33	9.45	9.76	10.47	8.93	10.97	9.8	3.46	9.74	16.65	11.28	4.24	16.3	4.15	8.53	63.79	37.26	6.72	6.77	8.65	7.95	10.16	13.82	13.84	7.76	18.33	11.76	5.91	8.86	2.43	9.97	10.05	13.76	6.8	9.74	10.79	6.58	11.06	5.91	7.59	8.77	8.65	15.75	8.77	7.56	13.85	12.74	10.81	6.77	9.68	9.95	6.76	9.84	13.81	13.81	1.63	12.28	0.49	9.84	3.98	9.09	0.86	6.75	3.84	2.78	9.68	21.37	8.6	4.36	17.9	1.16	9.19	10.18	14.0	13.87	8.33	0.83	6.9	10.72	9.91	18.82	15.9	4.97	2.37	12.2	6.6	11.19	5.62	7.82	6.59	9.35	13.38	7.98	4.5	7.96	13.05	9.09	12.35	13.22	3.43	3.99	8.61	0.57	4.63	4.81	6.33	7.32	8.28	5.18	2.69	9.99	6.58	6.87	2.43	3.52	5.27	10.08	6.72	3.66	5.22	5.41	9.99	7.17	3.51	7.96	9.41	13.05	2.58	4.93	7.59	14.01	4.47	8.4	9.97	5.24	13.46	5.53	8.86	0.65	12.67	13.46	13.32	9.87	16.48	15.08	16.09	13.05	18.18	7.49	12.23	9.91	6.49	7.69	5.94	9.71	16.46	6.67	6.0	9.39
214_father	21.89	10.82	12.42	0.0	9.85	12.55	10.47	1.86	14.42	11.77	6.48	14.88	13.02	15.97	12.24	10.62	20.44	9.27	12.35	8.01	8.84	17.86	10.96	20.62	18.29	7.78	11.51	12.17	6.23	10.98	13.23	9.05	5.39	0.0	10.69	12.65	6.92	18.77	22.94	11.92	10.32	94.04	18.37	14.28	70.29	20.65	4.83	0.0	11.65	11.86	18.13	10.42	11.62	14.43	11.53	13.83	10.68	5.53	10.72	20.64	20.53	5.81	23.17	5.94	12.33	82.5	45.07	9.12	11.26	8.73	8.57	13.84	23.73	23.83	11.24	18.83	16.28	0.0	13.23	7.68	12.75	12.83	23.76	8.19	12.65	12.87	11.83	13.76	0.0	9.85	12.27	10.95	23.12	13.96	9.88	15.46	20.87	19.04	8.86	11.82	11.37	10.16	10.82	23.8	20.16	13.8	15.95	10.07	10.79	1.93	10.57	12.39	7.51	4.45	5.82	12.22	24.46	14.08	0.29	18.46	12.43	18.21	13.14	20.8	20.74	10.71	13.17	7.49	14.4	10.83	24.95	19.31	7.68	4.72	15.56	12.03	15.75	0.23	12.26	11.85	11.26	14.54	10.83	5.48	13.02	14.09	17.64	20.24	16.56	5.72	8.14	12.77	11.09	13.71	14.99	11.52	9.4	10.77	15.4	6.53	10.95	11.83	9.73	5.77	7.24	7.54	11.78	7.95	6.87	7.78	9.87	10.96	11.31	5.03	8.0	11.95	14.09	5.52	7.09	9.85	15.62	12.11	11.07	10.86	8.69	19.42	0.36	13.22	8.26	17.13	15.32	19.7	13.78	22.95	18.93	22.9	13.72	19.39	11.17	19.93	10.87	11.94	10.75	4.22	12.42	22.93	12.17	12.8	14.38
102_mother	16.45	11.65	17.82	13.84	10.32	6.23	11.27	1.93	19.81	13.41	5.45	14.82	12.54	14.28	5.51	9.95	15.79	12.19	16.77	9.56	5.27	14.56	15.89	16.35	13.48	9.4	11.64	10.82	8.4	11.2	21.05	7.14	7.62	13.37	6.9	12.42	13.46	17.19	21.2	12.69	11.37	80.43	20.33	14.2	62.77	16.16	5.76	11.65	0.0	13.04	16.22	11.63	14.14	19.38	11.34	13.16	11.51	6.09	11.55	16.04	17.1	11.97	17.61	8.47	17.76	64.28	42.34	8.95	14.85	12.34	9.96	13.29	21.21	21.59	8.12	21.6	14.29	13.84	15.78	2.73	18.84	18.88	21.52	14.06	18.61	12.76	10.79	16.15	13.83	10.08	13.2	11.85	15.75	12.8	10.35	16.08	17.5	15.23	14.76	12.61	10.76	14.63	11.4	21.56	18.92	10.41	17.22	8.27	11.4	8.62	12.31	11.24	14.0	5.35	6.17	12.77	18.58	11.12	10.49	20.8	11.08	16.4	20.61	14.95	14.49	10.04	11.65	9.76	20.26	11.56	21.9	14.28	11.72	8.86	15.71	11.05	16.1	13.87	12.09	11.02	9.84	16.92	18.41	7.76	11.27	16.94	13.19	17.91	17.94	8.68	5.2	12.17	8.73	12.72	11.65	10.56	6.59	11.08	11.84	2.33	11.86	10.84	8.27	1.71	6.66	4.96	13.21	17.43	10.25	8.19	9.4	11.59	11.09	6.66	13.18	15.45	16.94	4.97	6.39	10.32	16.5	16.56	10.42	12.08	7.69	10.98	13.68	15.71	7.96	14.22	15.14	14.96	10.08	17.9	16.87	17.61	16.95	23.26	10.66	12.87	11.57	10.73	11.14	8.26	20.25	17.63	11.58	9.46	14.19
981_father	13.14	14.93	14.88	13.33	13.17	16.41	13.94	5.31	19.75	0.05	11.77	14.02	17.06	15.1	6.61	19.36	18.91	0.13	20.17	0.44	6.89	9.04	12.71	13.11	17.69	12.67	11.88	16.61	12.4	11.87	17.72	13.32	9.54	12.83	15.97	15.5	14.62	21.99	17.87	13.22	13.69	86.21	23.47	15.11	72.21	18.86	9.05	11.86	13.04	0.0	23.34	13.77	16.95	19.38	17.11	16.57	14.49	0.58	15.02	19.02	16.38	5.4	13.29	10.47	14.82	63.92	38.92	1.97	13.19	0.25	0.06	19.89	19.15	19.67	11.23	25.02	21.32	13.33	17.33	7.87	12.23	12.15	19.6	11.38	12.09	17.42	19.46	16.43	13.33	12.62	0.0	14.6	12.65	18.03	13.2	18.47	17.95	22.0	14.74	0.3	13.27	15.15	14.43	19.67	18.94	16.41	20.08	12.99	14.43	7.94	15.36	17.26	11.43	8.12	5.81	0.25	18.09	15.32	8.25	24.29	16.05	16.98	17.86	14.58	14.48	19.47	17.37	11.0	20.1	14.36	21.54	9.41	5.53	8.94	16.6	20.16	9.14	10.38	16.94	20.22	12.24	21.17	17.19	5.66	18.0	20.81	14.66	28.75	20.35	7.49	8.63	16.31	13.68	15.96	15.38	19.07	0.65	15.61	14.95	1.28	14.6	19.52	12.35	8.33	9.3	0.56	0.05	6.05	10.3	7.34	20.05	13.99	0.47	7.51	14.45	15.68	20.81	9.34	0.28	13.17	18.4	18.31	20.72	14.94	11.17	13.81	13.33	17.26	16.36	11.88	24.6	19.57	15.44	12.97	16.45	12.97	20.81	17.34	11.73	16.87	14.36	19.23	11.89	0.18	17.36	13.29	12.65	13.85	18.2
679_3mo	27.09	10.73	11.69	18.83	17.23	15.72	11.37	14.6	18.63	22.06	10.28	13.64	21.32	20.29	13.54	14.41	20.94	23.31	12.05	16.03	16.47	17.79	19.64	26.01	22.91	10.07	18.15	16.27	13.8	11.8	19.47	13.64	10.32	19.55	19.41	14.56	18.11	7.89	26.26	17.73	11.2	71.05	25.9	19.52	81.27	21.22	13.33	18.13	16.22	23.34	0.0	11.32	10.88	18.3	15.75	19.31	10.73	0.21	10.77	21.19	29.85	17.39	28.0	12.4	12.2	78.87	51.0	15.97	10.42	20.74	17.54	17.47	23.82	23.13	15.66	27.52	21.45	18.83	20.09	10.58	22.55	22.46	23.07	20.42	22.33	21.75	15.79	11.8	18.83	17.15	23.51	10.75	27.03	0.95	17.26	25.7	29.94	21.47	18.84	21.55	11.68	17.19	10.5	23.13	31.61	15.31	26.56	13.45	10.51	14.39	11.02	16.28	20.58	6.18	9.88	21.52	33.93	12.78	16.84	25.91	17.31	21.81	18.74	32.52	33.49	14.4	17.42	7.91	19.83	11.56	27.06	28.51	18.63	8.24	20.41	16.13	20.25	20.89	0.0	16.19	9.4	14.47	16.79	14.67	18.16	14.97	23.41	9.24	26.02	10.72	13.13	21.85	14.37	18.78	16.85	15.54	17.62	16.86	16.87	10.61	10.76	15.84	17.21	10.76	13.03	6.22	21.52	21.95	9.68	12.64	14.8	10.62	17.11	4.02	17.91	20.66	14.97	11.28	15.33	17.23	26.1	22.45	14.63	11.28	7.42	18.37	18.53	20.03	14.11	28.53	6.96	22.46	18.33	27.73	25.15	28.05	15.36	24.23	11.77	25.18	11.63	15.66	12.4	17.52	18.79	27.49	10.46	16.32	0.64
861_7mo	19.96	0.87	8.28	15.63	9.66	12.24	0.98	7.86	17.71	13.54	5.18	11.22	13.96	10.04	11.85	14.95	18.88	11.68	8.84	7.88	8.32	15.78	16.63	17.64	11.99	0.87	11.46	14.22	11.52	1.18	20.09	10.6	4.53	12.84	15.17	9.29	12.66	14.04	21.21	9.11	0.0	89.78	23.14	13.08	78.81	19.05	9.45	10.42	11.63	13.77	11.32	0.0	8.34	17.24	12.71	13.88	0.86	3.23	0.88	19.15	18.87	11.0	20.98	7.7	8.58	74.42	42.72	10.51	0.0	11.83	8.51	11.42	19.39	19.44	9.56	24.56	15.32	15.63	14.34	5.22	18.73	18.63	19.38	13.98	18.52	14.16	15.11	8.78	15.63	9.3	14.36	0.98	18.64	10.64	9.67	19.49	18.37	15.73	14.63	13.45	0.04	13.69	0.86	19.44	20.39	13.48	20.1	11.66	0.86	8.3	1.49	14.23	13.41	2.94	1.33	14.2	24.88	10.8	10.52	23.46	13.55	17.91	19.63	23.31	24.0	15.02	15.78	5.38	18.51	0.92	19.57	17.73	11.4	2.9	12.38	15.41	12.29	13.6	6.63	15.47	1.46	17.2	15.5	7.6	11.9	17.3	18.07	16.78	19.87	5.26	8.3	12.96	10.91	14.77	14.93	14.82	12.1	13.47	15.09	7.24	0.95	15.15	10.83	9.38	9.33	6.41	14.02	11.91	7.66	5.79	12.54	0.99	13.02	3.71	12.18	13.62	17.3	6.33	7.9	9.66	19.72	21.66	15.21	1.0	0.12	14.92	15.17	14.29	11.37	18.82	12.14	11.46	13.5	20.12	18.13	20.84	17.77	18.8	0.99	16.47	0.99	14.99	1.13	9.76	19.46	20.07	10.2	8.81	11.16
421_father	26.61	7.15	5.73	13.51	13.73	15.17	7.35	8.54	24.94	16.78	9.0	17.59	20.71	17.93	13.84	14.86	25.78	15.63	11.05	13.3	11.82	23.55	16.19	26.91	19.23	7.33	15.35	16.88	11.83	8.23	16.56	13.38	8.72	13.53	16.29	12.99	11.57	15.66	26.3	15.52	8.25	92.62	27.17	19.88	90.57	26.21	9.76	11.62	14.14	16.95	10.88	8.34	0.0	24.51	17.06	19.79	7.27	6.67	7.18	26.03	28.06	11.47	27.9	10.17	5.97	94.69	50.49	10.93	14.01	14.73	11.83	16.88	33.24	32.74	13.01	28.28	20.56	13.51	12.91	11.0	19.39	19.3	32.65	15.72	19.24	20.6	16.56	11.54	13.51	13.73	16.94	7.39	25.59	11.16	13.75	25.65	27.44	19.4	12.31	16.94	8.29	12.3	7.15	32.74	30.16	15.82	25.54	13.99	7.15	8.08	7.37	16.89	15.61	3.52	4.9	17.98	28.98	13.88	11.73	26.94	17.15	21.46	16.62	23.95	24.48	14.85	17.89	4.0	25.24	7.68	21.91	24.51	11.36	5.08	19.63	16.5	20.18	14.12	5.67	16.58	7.71	22.1	14.49	11.85	16.5	22.29	21.39	16.67	26.8	8.7	12.77	20.71	15.02	19.0	16.9	16.3	14.89	15.74	17.23	9.29	7.4	16.62	14.01	8.08	12.87	8.02	16.76	13.75	11.75	9.11	14.89	7.41	18.01	5.3	11.17	13.2	22.29	10.56	12.89	13.73	25.83	20.59	14.75	7.39	5.55	18.49	13.29	12.91	13.72	21.23	12.31	19.31	18.4	27.51	23.92	27.63	22.29	23.35	8.06	23.99	7.68	16.39	8.23	10.73	16.36	27.51	14.21	16.31	12.36
912_12mo	21.71	17.48	24.25	15.05	15.51	16.88	18.22	14.49	0.11	20.53	12.18	12.74	20.16	17.03	17.45	20.04	24.59	20.44	19.21	16.52	11.6	19.71	21.85	18.99	22.81	14.91	15.82	16.28	13.95	15.95	23.3	15.09	10.52	15.55	21.37	15.38	21.88	22.04	22.46	11.64	17.14	82.31	28.95	18.26	82.24	23.94	10.47	14.43	19.38	19.38	18.3	17.24	24.51	0.0	12.88	18.94	17.11	8.78	17.29	24.92	21.69	17.19	22.67	12.3	22.62	71.87	45.96	17.66	11.17	18.26	19.1	13.89	16.71	16.4	15.71	30.19	22.16	15.05	20.43	10.68	25.09	25.0	16.39	17.4	24.86	20.54	15.01	19.44	15.04	15.4	22.48	15.47	23.35	13.7	15.63	26.66	18.66	23.49	20.89	20.29	17.39	18.63	17.04	16.38	23.88	18.31	26.4	14.04	17.05	13.3	17.44	16.64	17.29	13.59	10.02	21.58	34.08	20.62	16.76	29.13	16.27	23.06	21.72	28.25	27.51	20.12	16.6	16.16	0.11	16.39	28.87	20.88	15.89	0.13	21.37	15.35	14.4	17.42	18.78	15.39	16.66	18.06	20.87	12.48	18.29	17.92	19.36	23.36	26.03	13.14	11.41	18.66	14.79	17.53	18.34	14.95	16.46	15.2	18.26	12.38	17.21	15.0	16.86	13.67	10.76	15.45	20.31	15.72	10.62	14.67	16.01	17.64	13.01	12.11	22.9	21.02	17.93	11.88	11.76	15.51	27.16	22.24	21.44	18.61	13.83	23.63	14.83	20.36	13.67	25.22	19.44	23.59	20.17	22.1	20.7	22.66	18.89	30.74	14.69	19.76	16.48	14.88	15.78	14.45	21.97	21.92	11.05	14.26	13.81
144_12mo	23.04	13.04	19.23	11.39	11.99	10.44	13.19	8.89	13.08	16.7	7.19	11.41	13.09	17.29	13.2	9.79	20.6	15.57	17.43	12.47	0.37	14.68	14.35	18.87	16.49	9.62	12.94	14.3	0.89	10.07	14.02	7.19	5.0	11.84	10.51	12.22	13.04	22.23	23.31	10.1	12.46	77.99	21.69	15.1	78.9	21.07	8.93	11.53	11.34	17.11	15.75	12.71	17.06	12.88	0.0	16.34	12.92	6.6	12.95	20.88	19.43	11.81	24.25	7.78	19.2	78.23	41.51	14.13	8.72	14.56	14.01	11.37	17.82	17.72	12.02	23.06	19.74	11.39	18.66	7.15	18.95	18.95	17.66	9.65	18.76	13.34	9.1	17.16	11.38	11.74	17.11	10.97	24.48	12.43	12.03	22.63	19.35	20.88	13.51	17.41	11.8	12.4	12.7	17.7	19.49	13.94	20.96	12.34	12.68	8.94	12.91	14.56	9.24	9.42	6.76	17.39	31.89	19.17	10.31	22.15	14.6	17.91	13.01	23.92	24.02	9.87	15.88	13.62	13.64	13.51	28.17	22.29	12.04	7.42	14.36	9.27	14.26	11.96	14.29	9.29	11.49	10.18	12.42	4.98	14.3	9.82	13.81	21.48	21.34	5.22	5.43	9.13	11.64	16.28	15.25	8.9	13.06	1.34	15.23	7.56	12.98	9.14	11.19	5.45	4.79	11.73	18.01	12.82	7.61	6.91	7.54	13.23	4.85	6.84	14.22	16.35	9.82	4.78	10.1	11.99	23.02	16.49	9.99	13.91	8.61	22.51	11.27	18.6	10.05	21.17	18.95	17.64	15.27	24.77	22.78	24.23	10.25	20.91	10.22	18.37	13.64	9.01	10.78	10.06	13.1	24.49	12.56	11.32	12.47
418_24mo	16.57	14.61	19.35	21.15	9.14	15.68	14.64	9.08	19.54	18.64	9.2	11.28	11.82	16.38	14.29	16.67	12.24	17.48	19.91	14.12	8.58	14.8	14.59	15.54	14.99	9.68	8.89	13.37	15.3	15.11	22.67	11.48	6.1	18.97	14.53	13.16	17.89	17.72	20.35	9.19	13.72	68.9	11.0	9.54	57.46	11.01	10.97	13.83	13.16	16.57	19.31	13.88	19.79	18.94	16.34	0.0	14.18	10.29	14.51	12.34	18.53	17.11	16.85	4.66	17.29	48.96	29.78	10.62	15.46	15.37	18.12	14.59	20.16	20.25	8.47	11.78	4.24	21.15	17.9	5.51	17.49	17.34	20.19	19.66	17.43	11.97	14.82	19.99	21.13	9.34	19.11	14.75	17.01	14.57	9.21	11.59	18.92	4.55	20.69	16.28	13.11	18.82	14.2	20.23	18.45	13.43	12.94	11.06	14.23	11.3	13.85	13.83	19.56	7.42	9.08	18.02	21.39	2.61	14.66	11.52	12.51	8.3	22.1	22.66	21.83	16.76	13.72	10.23	20.13	12.93	23.98	13.61	14.72	8.69	15.96	15.4	8.19	23.3	16.16	15.26	11.05	19.58	17.26	9.71	3.44	18.93	19.27	27.39	14.06	11.4	8.53	12.17	11.73	12.32	11.64	14.7	10.38	16.99	11.31	10.12	14.19	14.81	0.89	11.55	8.06	12.75	16.21	16.92	12.43	9.99	16.95	14.31	9.87	10.23	19.53	20.56	18.94	6.64	7.1	9.14	11.64	28.92	17.61	15.56	7.45	15.63	21.1	17.89	14.55	21.53	20.93	16.99	12.65	16.17	18.67	16.85	20.1	18.28	14.51	19.28	13.0	14.85	15.67	11.44	22.46	16.15	14.48	12.94	18.35
142_1mo	20.21	0.0	7.33	15.83	9.9	12.47	0.15	8.17	17.57	14.24	5.02	11.29	13.96	9.93	12.18	14.58	18.92	12.52	8.72	8.21	8.5	16.35	16.46	17.84	12.41	0.36	11.69	14.73	11.26	0.14	20.74	9.93	4.65	12.96	14.72	9.53	12.18	13.83	21.49	9.3	0.87	89.96	23.8	13.4	78.81	19.09	9.8	10.68	11.51	14.49	10.73	0.86	7.27	17.11	12.92	14.18	0.0	2.96	0.0	19.19	19.03	11.15	21.23	7.92	7.59	74.46	44.96	11.33	1.16	12.71	9.21	11.4	19.69	19.73	9.57	25.26	15.8	15.83	14.44	5.61	18.59	18.64	19.67	14.12	18.38	14.16	15.25	8.68	15.83	9.54	15.18	0.17	18.8	9.86	9.91	19.93	18.58	16.11	14.66	14.23	1.0	13.81	0.0	19.73	20.62	13.97	20.54	12.1	0.0	8.49	0.69	14.74	13.66	2.42	0.66	14.99	24.93	10.97	11.03	24.11	14.03	18.13	20.31	23.54	24.24	14.65	15.92	4.64	18.37	0.14	19.27	17.75	11.77	2.29	11.89	15.56	12.7	14.08	5.85	15.62	0.73	17.0	16.39	7.84	12.17	17.11	18.09	16.04	20.25	5.78	7.6	12.77	11.26	15.28	15.44	14.95	12.52	13.24	15.57	7.5	0.16	15.29	11.23	9.71	9.39	6.25	14.8	12.09	7.26	5.85	12.65	0.14	13.17	3.26	11.65	13.83	17.11	6.63	8.22	9.9	20.17	22.17	14.84	0.15	0.68	14.96	15.36	14.39	11.69	19.12	11.91	11.81	13.28	20.38	18.23	21.09	17.56	18.58	0.0	16.46	0.21	15.12	0.18	10.19	20.21	20.32	10.23	9.08	10.3
756_mother	9.84	3.06	3.24	5.74	5.89	5.47	3.5	1.83	9.45	0.53	1.95	5.32	8.8	9.39	3.76	5.5	8.09	0.76	8.31	0.68	2.98	4.97	5.89	10.13	9.54	2.45	6.87	6.47	3.78	3.59	7.55	2.83	2.23	5.42	8.62	7.99	7.31	4.59	14.49	6.13	3.23	57.24	14.67	8.3	54.15	8.32	3.46	5.53	6.09	0.58	0.21	3.23	6.67	8.78	6.6	10.29	2.96	0.0	3.09	8.21	15.58	3.67	10.05	3.15	3.28	53.56	36.59	0.92	3.58	1.33	0.33	6.49	12.38	12.41	5.35	16.29	13.74	5.88	11.41	1.1	7.6	7.68	12.32	4.84	7.33	8.88	6.4	6.95	5.74	6.08	0.58	3.08	8.37	1.46	5.92	10.4	13.84	13.26	6.1	0.91	4.08	5.83	2.93	12.39	18.34	5.28	11.53	3.58	2.94	3.26	3.32	6.56	4.75	1.22	1.19	0.69	19.14	5.57	3.3	15.69	6.36	9.9	7.45	14.11	14.38	5.72	7.8	2.02	9.78	3.25	18.99	8.15	3.94	1.62	10.1	6.61	6.72	5.25	0.22	6.47	3.08	7.88	8.15	2.12	10.41	7.95	10.83	9.2	11.85	1.35	1.85	8.32	4.43	6.42	4.67	5.92	1.38	7.09	4.56	0.86	3.08	6.27	5.76	1.81	2.1	0.78	1.11	4.19	3.86	1.98	5.97	3.08	1.22	1.08	7.31	12.49	7.96	2.01	0.15	5.89	10.49	10.98	5.76	3.14	2.28	7.74	5.66	11.4	5.68	13.11	5.29	12.69	5.88	10.6	11.34	10.2	7.9	9.74	3.46	11.68	3.25	6.11	3.5	1.84	7.14	10.58	4.85	4.33	0.36
142_3mo	20.64	0.0	7.42	15.68	10.02	12.56	0.15	8.04	17.77	14.45	5.14	11.56	13.87	9.92	12.65	14.82	19.18	12.49	8.42	8.48	8.62	16.98	16.53	18.17	12.72	0.37	11.84	14.59	11.03	0.18	20.59	9.82	4.54	13.15	14.37	9.42	12.12	13.91	21.16	8.92	0.88	89.39	24.18	13.92	79.64	19.37	9.74	10.72	11.55	15.02	10.77	0.88	7.18	17.29	12.95	14.51	0.0	3.09	0.0	19.47	19.55	11.14	21.69	7.84	7.68	74.59	44.75	11.12	1.16	12.28	9.1	11.68	20.23	20.16	9.75	25.11	15.92	15.68	14.75	5.78	18.33	18.24	20.1	14.5	18.12	13.81	15.57	8.31	15.68	9.47	15.05	0.17	19.42	10.08	10.04	20.43	19.16	16.14	14.5	14.55	1.03	13.91	0.0	20.16	21.19	13.82	20.5	12.3	0.0	8.62	0.7	14.59	13.92	2.32	0.76	15.31	24.52	10.93	10.91	24.54	14.19	18.46	20.64	23.45	23.88	14.9	16.11	4.55	18.14	0.14	19.03	18.48	11.95	2.09	11.83	15.53	12.04	13.94	5.87	15.59	0.75	17.33	16.78	8.11	12.64	17.42	18.51	14.61	20.72	5.7	7.5	13.09	11.36	15.62	15.4	15.27	12.91	13.04	15.77	7.4	0.17	15.62	11.24	9.55	9.62	6.18	14.92	11.74	7.25	5.84	12.49	0.14	13.02	3.14	11.58	13.88	17.42	6.44	8.18	10.02	20.69	21.88	14.74	0.19	0.7	15.26	15.21	14.71	11.92	18.83	11.68	12.11	13.26	20.71	17.9	21.55	17.93	19.06	0.0	16.72	0.21	15.44	0.18	10.12	20.64	20.65	10.2	9.04	10.27
116_7mo	16.81	19.54	29.47	24.29	14.04	17.39	19.34	15.85	25.52	18.22	14.27	14.03	12.88	19.17	15.34	19.19	0.18	16.25	25.34	14.46	15.06	16.08	23.16	14.07	18.1	14.98	16.87	21.06	18.8	20.01	26.43	13.7	11.54	21.21	15.42	14.77	21.36	22.15	27.82	12.78	19.04	67.87	15.3	18.53	57.71	0.07	16.65	20.64	16.04	19.02	21.19	19.15	26.03	24.92	20.88	12.34	19.19	8.21	19.47	0.0	17.18	18.63	16.83	10.39	29.65	56.72	39.01	12.27	12.25	15.16	22.31	17.6	16.01	16.89	8.6	16.17	15.42	24.29	19.07	7.35	26.63	26.46	16.83	21.0	26.27	13.06	21.65	25.01	24.29	14.7	19.39	19.85	16.36	16.57	14.07	7.34	19.95	23.74	23.82	16.33	19.11	21.86	19.02	16.89	16.1	20.48	7.1	18.4	19.06	15.87	18.62	21.48	21.12	2.19	15.68	16.58	25.63	19.37	18.02	16.06	21.41	21.09	26.89	24.01	24.23	19.26	21.04	12.79	26.04	19.35	26.72	15.51	17.36	16.28	16.91	22.32	10.39	22.8	21.44	22.26	17.29	20.85	24.59	14.75	13.93	20.64	21.51	27.42	7.29	13.64	8.81	12.17	17.97	14.05	15.08	21.44	11.98	21.98	14.81	13.94	19.27	21.49	13.19	14.4	14.96	17.37	16.99	13.91	10.73	14.46	19.93	18.55	17.07	12.45	22.51	20.67	20.64	10.43	8.7	14.04	7.09	27.79	19.98	20.68	12.26	21.27	23.85	19.02	18.44	21.5	21.29	20.22	3.95	17.06	20.11	16.65	20.85	20.5	19.09	18.95	19.41	21.65	20.69	16.68	26.08	17.23	18.49	4.77	18.83
121_mother	12.81	19.71	25.81	26.28	16.2	22.23	19.02	13.61	21.87	17.61	15.35	19.98	18.03	4.6	18.49	20.72	17.38	18.51	23.95	15.74	11.02	19.72	22.58	11.64	14.67	16.36	15.54	18.1	15.32	16.47	28.11	14.21	11.52	25.3	15.99	16.59	24.04	26.46	12.97	16.81	18.82	87.49	22.42	20.39	54.4	16.66	11.28	20.53	17.1	16.38	29.85	18.87	28.06	21.69	19.43	18.53	19.03	15.58	19.55	17.18	0.0	18.55	12.63	13.43	23.94	53.54	41.19	13.47	17.96	18.84	20.49	21.5	6.5	6.55	13.62	23.73	18.46	26.28	17.74	12.48	23.69	23.62	6.49	25.12	23.64	18.35	23.34	20.28	26.28	16.67	18.53	19.3	12.87	20.12	16.14	14.37	4.58	18.7	27.42	17.11	17.09	26.55	19.12	6.55	0.19	19.51	15.42	13.58	19.16	13.47	19.9	18.54	24.48	12.65	10.76	19.06	22.78	13.59	21.32	22.96	17.76	12.88	26.4	18.1	17.1	20.82	16.69	16.12	22.65	17.85	24.28	11.35	16.17	13.51	17.47	23.95	13.71	27.05	25.89	24.16	15.72	24.82	25.8	11.55	17.22	24.69	15.63	34.96	15.16	12.75	8.38	17.78	16.02	17.52	16.79	22.73	13.32	16.96	16.2	13.75	19.3	23.37	12.41	15.16	10.75	15.81	17.08	19.62	8.92	18.58	22.82	19.29	12.59	14.36	26.2	18.63	24.64	12.75	10.06	16.2	14.38	27.02	22.06	19.82	13.36	20.29	26.12	17.79	19.81	17.05	30.09	16.57	19.02	12.26	10.88	12.63	23.95	22.22	16.74	15.18	17.82	23.16	16.47	13.57	27.53	12.26	11.33	17.28	21.02
128_father	19.78	11.24	11.93	7.17	9.2	12.38	11.19	4.09	17.76	5.37	6.0	12.52	13.6	12.44	8.63	14.01	18.22	4.92	14.5	4.86	5.12	16.07	9.73	19.05	11.44	8.28	11.34	10.74	7.92	8.25	14.52	9.17	4.87	6.14	12.74	10.54	6.84	19.21	19.76	9.9	10.97	97.06	21.18	12.58	98.64	19.14	4.24	5.81	11.97	5.4	17.39	11.0	11.47	17.19	11.81	17.11	11.15	3.67	11.14	18.63	18.55	0.0	20.7	5.59	10.83	85.85	45.19	4.54	9.22	4.52	3.93	16.05	15.6	16.03	9.26	22.03	19.62	7.17	11.49	7.16	10.73	10.77	15.95	5.61	10.58	13.5	10.46	13.45	7.17	8.55	6.11	10.21	18.99	13.4	9.22	19.18	16.35	21.81	6.64	5.8	9.68	6.95	11.24	16.03	21.33	10.7	17.88	8.61	11.25	2.81	10.79	10.74	5.6	6.09	3.57	6.07	26.41	15.71	3.9	21.23	11.99	14.79	14.99	18.56	18.42	14.09	11.88	7.73	17.6	9.97	22.04	18.99	0.0	4.48	10.73	10.5	13.45	5.8	11.96	10.47	10.54	13.6	14.9	2.56	16.3	13.31	15.4	19.36	18.24	2.76	6.55	12.09	10.66	13.69	11.32	10.16	5.46	12.4	11.72	3.74	11.38	10.45	11.81	5.54	5.25	4.33	5.77	0.0	5.5	6.95	10.39	11.04	6.71	3.23	5.99	9.32	13.31	4.55	3.52	9.2	19.39	12.64	14.03	11.84	6.61	17.63	6.78	11.44	8.03	16.16	16.23	11.68	12.25	19.36	17.46	20.54	14.01	18.85	8.32	17.7	10.06	10.35	8.84	3.72	14.42	19.36	10.55	10.56	14.11
199_12mo	0.0	21.81	29.83	29.85	16.58	23.36	19.36	15.6	23.33	12.94	18.19	16.11	17.78	15.41	18.25	24.38	16.72	12.89	27.21	11.77	14.6	17.48	25.62	0.0	20.65	19.12	17.39	23.92	21.46	16.97	35.0	12.13	13.29	26.02	21.0	20.33	25.77	29.78	20.73	13.26	20.95	86.06	22.28	21.63	61.9	17.04	16.3	23.17	17.61	13.29	28.0	20.98	27.9	22.67	24.25	16.85	21.23	10.05	21.69	16.83	12.63	20.7	0.0	16.29	29.16	54.61	40.35	11.39	15.98	13.52	18.06	21.1	16.42	16.46	15.21	23.3	17.81	29.85	19.04	11.03	26.84	26.76	16.4	24.64	26.72	17.99	27.1	22.66	29.83	16.79	14.0	21.33	0.04	21.39	16.58	15.99	16.1	22.43	27.5	13.62	19.13	26.59	21.25	16.44	14.11	24.51	17.15	20.2	21.18	15.19	20.0	24.99	25.72	13.29	12.86	14.8	21.8	19.56	21.92	22.72	22.32	21.83	32.45	17.63	17.37	24.45	22.83	18.19	24.52	21.04	23.65	0.15	17.48	16.03	20.17	27.96	11.65	26.68	23.34	27.95	18.92	29.4	28.85	14.21	16.49	29.22	17.59	34.18	17.22	13.51	1.34	17.47	19.48	16.88	19.35	26.86	12.25	23.21	18.78	15.21	21.27	27.16	15.94	18.09	14.99	16.48	13.64	16.36	12.18	18.84	26.34	20.16	17.08	16.66	26.96	20.79	29.22	14.0	8.52	16.58	16.38	31.25	25.94	20.55	13.42	15.51	29.37	19.03	23.67	15.34	29.29	22.34	17.62	0.0	13.82	0.0	28.53	24.78	19.39	17.12	21.23	27.04	17.46	13.59	33.53	0.0	14.87	17.31	21.9
432_father	14.62	7.97	7.94	6.87	5.59	6.5	7.56	5.68	12.72	11.14	2.79	7.79	6.46	11.14	5.77	5.33	10.04	8.92	11.18	7.8	5.34	9.95	4.85	15.94	10.31	4.23	6.69	6.67	3.56	8.47	4.94	3.82	0.9	6.81	5.54	6.29	4.28	11.0	13.12	6.8	7.79	73.11	4.97	9.63	51.73	10.36	4.15	5.94	8.47	10.47	12.4	7.7	10.17	12.3	7.78	4.66	7.92	3.15	7.84	10.39	13.43	5.59	16.29	0.0	7.84	60.0	28.2	3.88	5.29	8.82	10.04	9.29	12.08	12.18	5.69	5.99	6.78	6.86	11.08	4.01	5.65	5.71	12.1	6.29	5.53	6.34	5.17	9.01	6.86	5.59	10.39	8.14	14.96	7.28	5.61	8.99	14.67	8.74	6.01	10.47	6.93	6.2	7.87	12.16	14.99	5.83	9.29	4.6	7.92	4.57	7.42	6.83	6.1	2.52	4.2	10.86	16.65	5.94	5.47	5.02	6.95	5.65	5.17	17.18	16.99	5.49	7.86	4.17	12.7	8.1	19.21	12.67	6.12	3.45	5.89	5.2	9.35	7.78	7.5	5.18	6.78	11.2	4.54	3.66	4.64	11.29	11.87	16.94	10.14	1.52	3.52	6.34	5.31	8.14	6.68	5.01	6.23	7.15	7.2	4.62	7.98	5.29	5.22	1.13	4.41	6.76	10.66	7.33	3.28	4.05	5.06	7.98	5.78	2.57	4.98	12.28	11.29	1.54	3.13	5.59	9.16	13.96	5.55	8.16	4.67	13.52	6.88	11.08	6.12	16.22	12.11	12.1	4.84	16.24	11.22	16.15	11.3	8.92	8.25	11.04	8.05	5.09	8.52	6.65	4.82	16.22	6.74	3.09	8.47
679_24mo	28.12	7.65	0.0	13.83	17.01	18.12	8.29	11.05	22.89	14.27	7.28	14.93	18.82	19.54	12.66	14.48	29.32	12.14	12.36	9.61	15.63	22.47	9.07	27.01	23.76	7.42	17.46	12.87	11.66	9.36	10.33	13.44	7.32	13.85	18.87	15.74	11.14	11.23	20.23	14.55	8.74	102.0	27.16	21.66	83.53	29.63	8.53	12.33	17.76	14.82	12.2	8.58	5.97	22.62	19.2	17.29	7.59	3.28	7.68	29.65	23.94	10.83	29.16	7.84	0.0	100.24	48.3	9.52	9.59	11.9	12.47	18.32	28.82	28.38	15.85	28.29	18.98	13.83	19.34	8.96	10.44	10.27	28.31	15.87	10.29	18.75	19.42	10.69	13.83	16.46	15.01	7.7	28.16	11.61	17.04	28.02	29.22	15.36	12.27	14.14	9.38	12.47	7.66	28.38	25.98	12.07	27.9	10.77	7.66	10.88	8.19	12.82	15.31	1.67	6.1	14.23	28.14	9.29	12.06	27.83	13.49	16.88	10.94	23.12	23.41	14.48	14.33	1.54	23.55	7.77	24.5	27.41	12.7	2.17	15.81	19.34	21.15	13.88	5.96	19.45	7.79	24.07	10.53	13.07	14.53	23.95	24.98	18.1	28.02	7.5	13.03	18.47	12.12	20.65	18.61	19.07	11.42	17.59	19.18	11.64	7.71	19.47	16.51	7.91	14.9	8.45	14.28	11.22	9.14	11.97	16.96	8.34	11.51	2.68	10.71	19.09	23.95	11.86	10.11	17.01	28.55	19.22	14.34	8.14	6.25	18.51	13.68	19.28	14.12	19.67	14.42	23.85	19.8	29.53	20.77	29.26	24.06	19.56	8.81	20.87	7.76	19.24	9.37	12.73	10.32	29.22	13.41	14.32	12.2
999_24mo	55.28	74.59	93.82	82.42	69.28	67.15	68.92	88.14	73.24	68.32	68.93	62.27	54.86	61.16	57.85	79.46	56.34	78.48	76.23	56.35	71.37	30.99	95.62	59.57	74.48	62.82	65.11	68.4	80.56	83.45	77.05	68.15	67.98	80.46	85.82	65.31	89.58	65.82	83.53	57.68	74.59	35.32	51.33	60.35	31.25	56.89	63.79	82.5	64.28	63.92	78.87	74.42	94.69	71.87	78.23	48.96	74.46	53.56	74.59	56.72	53.54	85.85	54.61	60.0	100.24	0.0	33.71	51.8	66.55	77.93	91.22	72.39	51.0	51.07	67.44	51.24	49.48	82.42	65.46	52.5	113.93	114.84	51.14	86.5	112.3	54.57	76.79	85.92	82.29	69.18	62.28	80.53	60.2	69.44	69.55	51.33	61.92	63.07	73.42	57.13	96.78	73.27	74.59	50.92	54.74	72.45	58.2	67.8	74.59	65.76	73.9	74.46	86.2	60.21	77.5	56.43	43.34	57.77	91.55	53.44	71.0	60.6	77.93	57.78	59.87	79.69	68.43	70.13	73.04	77.65	50.97	55.95	75.09	67.62	79.81	77.27	69.68	99.22	80.18	76.79	50.17	70.49	85.64	72.97	50.19	73.84	65.48	74.82	57.97	75.45	58.33	58.0	68.32	60.2	61.37	76.78	50.78	73.96	61.3	59.9	74.59	76.49	68.63	59.35	68.53	60.17	56.59	85.71	50.26	71.05	71.19	74.59	60.93	80.94	108.24	90.25	73.94	62.05	49.73	69.28	51.33	82.03	87.7	74.32	54.67	48.47	81.65	65.38	74.15	68.15	66.72	73.69	58.75	55.52	52.02	54.85	74.04	58.11	83.58	53.32	77.65	76.47	83.39	78.66	77.47	55.4	80.21	68.73	85.99
679_father	40.09	44.75	48.4	50.0	41.31	33.84	44.41	38.43	46.64	38.13	36.3	46.83	35.35	40.0	29.14	39.55	38.77	39.33	54.89	32.61	32.75	2.05	43.16	41.16	45.86	35.88	43.26	41.03	36.44	45.02	41.65	36.43	34.08	49.8	40.39	42.41	44.85	50.41	51.51	33.7	43.17	30.21	36.16	46.94	22.08	39.12	37.26	45.07	42.34	38.92	51.0	42.72	50.49	45.96	41.51	29.78	44.96	36.59	44.75	39.01	41.19	45.19	40.35	28.2	48.3	33.71	0.0	33.11	40.9	38.46	43.32	43.76	41.23	39.68	41.4	37.34	29.11	50.0	49.94	31.62	46.43	46.15	39.56	44.21	46.11	35.18	44.29	49.85	50.0	41.31	37.64	44.58	41.21	49.5	41.38	39.02	46.8	39.35	48.84	38.85	42.36	48.34	44.65	39.68	38.39	38.33	38.94	39.38	44.72	42.06	42.56	41.14	44.61	34.28	38.11	38.61	39.01	36.88	40.97	34.47	41.5	33.55	41.75	35.62	35.87	39.78	41.89	40.61	47.94	44.86	38.56	36.17	45.94	36.26	38.76	44.04	37.49	51.32	44.96	44.29	27.83	39.9	40.23	36.62	27.8	43.94	37.18	55.56	39.06	33.31	31.8	35.99	39.05	39.31	36.92	43.79	31.53	38.8	37.35	36.7	44.41	44.29	38.37	30.1	36.0	42.57	38.08	46.66	38.76	33.69	42.46	44.4	37.38	39.92	46.64	49.83	43.94	33.25	31.27	41.31	39.26	53.56	39.83	45.0	34.31	33.3	49.41	49.94	41.21	34.67	54.41	45.96	34.76	41.23	45.2	40.31	43.94	34.25	44.75	37.19	44.82	43.8	45.32	38.35	41.94	41.23	44.66	32.47	49.15
303_mother	11.19	11.13	9.77	12.04	8.05	9.91	10.89	4.71	18.48	2.06	6.09	8.57	9.5	12.05	6.1	12.81	12.0	1.25	13.08	2.23	6.06	5.66	8.29	10.44	11.1	8.15	8.92	10.26	10.52	9.1	12.25	7.04	4.86	10.12	9.39	8.81	8.36	14.95	12.79	8.92	10.31	81.06	9.2	10.52	61.57	12.39	6.72	9.12	8.95	1.97	15.97	10.51	10.93	17.66	14.13	10.62	11.33	0.92	11.12	12.27	13.47	4.54	11.39	3.88	9.52	51.8	33.11	0.0	8.98	1.1	1.78	14.0	13.41	13.54	6.01	9.74	13.91	12.04	12.28	4.28	7.0	6.98	13.6	7.01	7.07	9.52	10.65	11.52	12.03	7.54	2.38	11.19	10.68	12.12	8.18	9.94	15.02	14.49	8.23	2.06	9.63	8.17	11.12	13.52	14.44	9.18	9.9	8.3	11.15	4.55	10.34	10.64	7.89	5.27	5.0	2.17	14.72	9.53	6.13	9.55	9.81	8.01	12.34	16.94	17.06	12.81	11.31	7.7	18.64	10.83	19.64	8.63	4.82	5.26	8.19	10.65	8.47	9.1	9.53	10.67	9.09	14.85	10.58	2.7	12.25	14.97	15.22	19.44	11.18	4.86	5.23	9.93	7.73	9.69	9.1	10.86	1.66	13.09	9.09	1.46	11.41	10.91	6.28	6.44	6.9	1.74	2.01	3.24	5.42	5.76	11.29	10.91	1.43	3.84	8.46	12.62	14.98	4.37	1.36	8.05	10.0	16.68	12.99	11.61	4.86	10.25	12.11	12.2	9.82	14.4	15.71	13.53	9.13	11.82	11.07	11.41	15.54	7.8	9.29	11.88	10.93	10.69	9.71	1.47	12.13	11.77	7.56	8.07	13.35
861_mother	15.63	1.16	9.25	11.58	7.9	12.92	1.32	7.46	11.74	13.33	5.22	9.85	11.57	10.56	11.5	12.81	12.23	14.17	13.44	9.51	5.33	15.93	11.16	14.49	11.73	1.19	11.9	11.47	7.22	1.22	12.71	7.59	2.42	11.88	14.72	9.79	12.41	9.97	21.0	7.71	0.06	65.92	21.05	14.2	81.2	11.79	6.77	11.26	14.85	13.19	10.42	0.0	14.01	11.17	8.72	15.46	1.16	3.58	1.16	12.25	17.96	9.22	15.98	5.29	9.59	66.55	40.9	8.98	0.0	13.7	12.57	10.66	14.17	14.27	8.88	22.05	16.35	11.58	15.62	5.33	13.25	13.31	14.17	10.98	13.03	11.42	11.88	12.08	11.58	7.9	13.5	1.22	14.09	9.66	7.92	16.61	14.98	15.4	12.52	13.18	0.09	11.61	1.09	14.27	21.62	10.4	16.14	9.52	1.09	8.11	1.99	11.54	10.78	2.91	2.02	13.13	31.75	8.97	9.64	22.23	11.72	12.67	13.37	26.69	27.7	13.03	13.67	5.83	11.74	1.2	18.02	11.1	10.32	2.38	11.39	11.84	10.09	12.77	8.82	11.9	1.43	10.0	13.12	6.59	14.21	9.96	16.01	9.59	16.84	3.85	4.24	11.51	9.6	11.9	9.54	11.52	9.6	9.62	9.61	7.59	1.16	11.96	10.45	5.08	6.28	4.09	13.66	10.85	6.13	6.37	8.99	1.16	4.97	2.28	12.37	16.06	9.96	3.8	5.72	7.9	16.69	10.72	12.7	1.25	0.33	16.43	11.28	15.62	10.56	21.6	10.78	10.83	9.76	15.85	18.66	15.98	10.79	13.77	1.35	19.97	1.27	11.7	1.21	10.69	13.04	15.85	10.99	8.71	9.38
577A_mother	13.41	12.29	12.19	9.42	9.2	12.84	13.14	5.6	18.73	0.18	10.23	12.37	13.71	16.13	4.98	15.5	15.05	0.26	18.33	0.19	5.33	13.12	8.9	13.12	18.04	10.09	10.76	14.0	9.61	12.74	13.61	11.65	8.45	9.61	16.37	14.77	11.88	19.89	19.29	10.84	11.32	90.22	19.71	12.71	86.9	15.64	8.65	8.73	12.34	0.25	20.74	11.83	14.73	18.26	14.56	15.37	12.71	1.33	12.28	15.16	18.84	4.52	13.52	8.82	11.9	77.93	38.46	1.1	13.7	0.0	0.42	16.87	19.78	19.4	10.58	20.51	19.37	9.42	13.85	6.39	11.1	10.91	19.32	8.97	10.99	13.59	17.19	17.26	9.42	9.2	0.24	12.61	12.49	17.74	9.22	17.14	20.57	21.32	11.25	0.16	11.12	10.89	12.3	19.4	21.96	13.13	17.63	12.39	12.3	6.08	11.66	13.99	8.91	6.26	5.41	0.33	15.95	14.61	7.44	20.11	15.52	17.39	14.16	16.45	16.74	15.61	15.92	9.13	19.04	12.45	18.72	9.33	4.89	6.25	15.67	17.25	10.4	10.2	14.46	17.21	10.7	19.19	15.99	3.84	18.83	19.0	16.64	20.32	18.9	7.15	7.9	14.82	12.56	15.27	12.66	16.72	0.78	13.84	12.85	1.18	12.63	17.26	12.27	5.54	7.53	0.52	0.48	5.5	10.54	6.54	15.87	12.72	0.57	6.97	11.04	14.15	19.0	7.46	0.42	9.2	17.21	11.45	15.53	13.36	9.06	12.42	9.52	13.85	13.56	13.25	21.7	18.51	13.0	14.06	18.11	13.52	20.45	14.35	12.25	16.82	12.58	17.01	13.48	0.13	14.19	14.06	13.25	14.55	18.84
568_father	16.69	9.1	12.83	9.8	8.04	12.65	9.09	5.61	19.5	0.0	8.38	12.06	15.3	11.56	3.84	15.56	21.94	0.06	13.95	0.35	6.72	11.56	14.39	18.06	16.77	7.24	8.88	15.99	9.33	8.68	18.86	11.7	7.5	9.16	15.57	12.88	11.16	20.31	21.51	10.53	8.5	92.73	25.87	14.12	74.7	23.17	7.95	8.57	9.96	0.06	17.54	8.51	11.83	19.1	14.01	18.12	9.21	0.33	9.1	22.31	20.49	3.93	18.06	10.04	12.47	91.22	43.32	1.78	12.57	0.42	0.0	15.83	21.16	21.26	11.31	27.05	22.46	9.8	11.89	5.41	16.53	16.46	21.16	9.55	16.37	15.18	15.75	13.21	9.8	8.04	0.99	9.19	15.82	15.23	8.05	22.61	20.84	22.52	10.1	0.3	7.86	10.17	9.1	21.26	23.58	15.48	22.64	12.9	9.1	6.42	8.76	16.0	9.22	5.73	3.09	0.29	18.43	15.84	7.72	26.2	16.52	20.87	19.41	13.99	13.6	15.65	17.56	8.5	19.5	8.77	15.63	14.74	4.24	5.0	16.24	15.8	14.2	9.68	11.16	15.77	7.39	18.68	18.28	5.33	19.43	18.57	15.27	15.4	22.8	7.34	9.45	15.32	13.69	18.24	16.6	15.37	1.71	13.77	17.12	0.8	9.21	15.81	13.79	6.76	7.7	0.41	0.18	5.63	9.29	5.63	14.72	9.21	8.8	5.16	10.63	13.67	18.57	8.19	2.61	8.04	22.8	12.23	15.58	9.23	6.37	10.3	9.49	11.89	11.97	12.04	16.79	17.13	14.65	16.94	17.3	17.77	18.57	22.84	9.1	15.59	8.78	15.6	9.24	2.6	19.02	16.94	11.94	12.23	15.3
421_mother	20.01	11.77	18.88	17.23	11.62	12.29	11.78	10.98	14.39	19.54	9.39	13.25	16.64	10.78	15.53	16.17	17.31	17.41	19.23	16.18	8.41	15.8	17.87	19.07	13.53	10.11	13.52	15.66	12.85	12.09	22.09	10.62	8.57	14.81	15.45	14.59	18.3	19.63	26.11	11.95	11.41	86.18	25.21	15.64	75.91	17.46	10.16	13.84	13.29	19.89	17.47	11.42	16.88	13.89	11.37	14.59	11.4	6.49	11.68	17.6	21.5	16.05	21.1	9.29	18.32	72.39	43.76	14.0	10.66	16.87	15.83	0.0	15.2	15.21	9.9	26.81	17.95	17.23	16.38	7.07	21.76	21.81	15.15	12.99	21.5	16.94	11.44	19.37	17.23	11.36	21.47	12.03	20.03	15.32	11.64	20.74	14.32	21.59	14.45	17.19	11.89	13.69	11.5	15.21	22.81	15.33	23.25	13.69	11.51	9.77	11.22	15.67	13.28	8.5	6.62	19.14	25.92	15.34	15.41	25.54	15.52	22.77	21.65	25.27	25.88	16.25	15.5	12.09	15.15	11.27	24.24	19.79	15.28	6.65	18.65	11.73	15.93	16.48	14.56	11.72	10.57	18.7	20.44	8.19	16.56	17.96	19.92	23.97	23.41	8.19	7.94	17.36	13.83	17.07	16.58	11.13	12.99	14.57	16.6	9.95	11.58	11.49	12.22	11.93	8.3	11.84	17.62	14.86	7.81	11.57	11.41	11.36	11.76	10.59	17.83	15.71	17.96	8.25	9.78	11.62	21.08	20.46	16.46	11.88	9.99	18.6	16.77	16.33	13.32	22.21	17.28	13.92	14.35	21.52	20.25	21.0	18.39	26.61	12.33	20.34	11.34	11.39	12.7	12.54	21.5	21.37	15.26	14.3	17.25
568_24mo	16.47	20.41	28.88	21.17	15.63	17.9	20.22	18.53	17.07	20.56	16.36	18.72	17.39	0.0	17.4	20.61	16.02	22.26	24.7	16.45	16.0	15.31	21.56	15.55	13.9	15.79	16.87	18.07	18.1	17.43	22.07	16.45	13.78	21.57	21.42	15.69	25.62	20.49	18.3	19.65	19.33	69.41	22.0	19.73	70.44	15.91	13.82	23.73	21.21	19.15	23.82	19.39	33.24	16.71	17.82	20.16	19.69	12.38	20.23	16.01	6.5	15.6	16.42	12.08	28.82	51.0	41.23	13.41	14.17	19.78	21.16	15.2	0.0	0.0	12.41	23.4	20.85	21.16	16.12	11.56	22.42	22.26	0.0	20.05	22.35	17.71	19.63	22.61	21.16	16.04	19.7	19.79	16.96	19.35	15.61	16.04	0.18	24.14	21.21	17.57	18.75	19.32	19.74	0.0	6.72	17.69	18.17	15.12	19.77	14.26	19.65	18.9	20.82	11.76	13.93	17.6	22.6	16.87	20.69	22.62	19.44	16.2	21.51	26.08	26.05	20.72	18.02	18.13	17.63	20.46	24.42	16.58	15.56	12.93	18.36	20.31	17.26	21.77	27.58	20.28	14.36	17.04	22.06	11.05	21.47	17.07	17.31	27.68	17.34	15.32	10.72	19.17	16.56	19.31	17.5	19.26	11.92	19.73	16.94	12.3	19.79	19.64	15.58	15.81	11.97	12.99	17.2	14.51	6.24	15.0	18.46	19.56	9.61	11.47	28.4	17.14	17.07	11.99	11.06	15.63	16.04	22.01	22.38	21.8	14.6	22.02	21.46	16.11	18.57	24.45	23.34	16.19	16.16	16.38	15.62	16.41	17.47	19.86	17.18	18.37	20.56	19.58	18.28	17.21	21.89	16.36	15.53	14.45	20.31
568_7mo	16.5	20.34	28.44	21.29	16.28	17.6	20.41	18.4	16.73	20.25	16.3	18.82	17.59	0.06	17.77	20.34	16.91	22.36	24.46	16.53	16.08	15.43	21.71	15.8	13.97	15.95	17.49	18.18	17.7	17.71	22.15	16.45	13.84	21.69	21.15	15.71	25.01	19.91	18.7	19.28	19.3	69.31	22.19	19.76	69.21	16.81	13.84	23.83	21.59	19.67	23.13	19.44	32.74	16.4	17.72	20.25	19.73	12.41	20.16	16.89	6.55	16.03	16.46	12.18	28.38	51.07	39.68	13.54	14.27	19.4	21.26	15.21	0.0	0.0	12.49	23.58	21.5	21.29	17.06	11.64	22.55	22.4	0.0	19.73	22.49	17.9	20.22	21.97	21.29	15.99	20.24	19.88	17.01	19.25	16.26	16.04	0.18	24.97	21.29	17.5	18.92	19.31	19.69	0.0	6.79	17.8	18.03	15.21	19.72	14.1	19.78	18.99	20.9	11.72	14.02	17.68	22.9	16.81	20.28	22.41	20.12	16.28	21.18	26.18	26.35	20.44	18.69	18.01	17.72	20.6	24.62	16.68	16.04	12.84	18.14	20.89	17.32	21.88	26.97	20.86	14.56	16.98	21.42	10.97	21.55	17.15	17.37	27.21	17.35	15.42	10.76	19.26	16.5	20.02	18.13	19.81	11.82	19.33	17.61	12.17	19.88	20.2	15.85	15.87	12.04	13.07	16.98	14.95	6.32	14.89	18.27	19.73	9.71	11.32	28.0	17.21	17.15	12.09	10.92	16.28	15.98	22.09	21.97	21.74	14.48	21.96	21.42	17.0	18.63	24.53	22.5	16.19	16.25	16.45	15.87	16.36	17.54	19.66	17.25	18.36	20.69	20.15	18.53	16.81	21.96	16.55	15.58	14.56	20.17
865_father	14.03	9.85	16.04	13.97	3.23	10.53	9.47	7.83	16.27	11.41	6.33	6.07	7.38	10.87	10.12	10.86	8.26	11.55	12.77	9.79	7.7	12.68	14.21	14.57	11.21	7.25	7.05	12.63	10.04	8.96	17.86	6.13	3.91	11.65	7.63	6.71	11.24	16.14	19.03	7.46	9.57	92.05	12.66	11.13	65.92	8.64	7.76	11.24	8.12	11.23	15.66	9.56	13.01	15.71	12.02	8.47	9.57	5.35	9.75	8.6	13.62	9.26	15.21	5.69	15.85	67.44	41.4	6.01	8.88	10.58	11.31	9.9	12.41	12.49	0.0	13.77	11.13	13.97	12.65	4.03	16.88	16.94	12.43	11.57	16.65	7.35	12.78	12.93	13.97	3.3	11.67	10.01	13.58	11.62	3.23	10.23	12.91	16.16	9.79	10.32	7.33	9.2	9.65	12.47	14.26	12.37	11.66	10.81	9.67	7.97	8.85	13.04	12.04	2.42	6.52	10.46	20.3	11.22	10.36	12.83	11.9	13.86	17.8	20.69	20.48	10.94	12.99	7.44	16.67	9.67	18.88	13.24	8.95	6.18	12.56	13.07	10.48	12.81	11.67	13.04	8.77	15.29	15.72	6.95	9.36	15.2	14.19	18.53	12.81	6.71	4.96	7.31	9.73	13.34	13.54	12.49	8.26	12.4	13.68	6.35	9.73	12.79	7.42	7.59	7.69	7.49	10.6	9.46	8.11	7.54	11.84	9.38	10.45	4.65	12.48	15.42	15.21	4.18	3.95	3.23	10.38	19.02	11.4	9.94	6.25	15.33	13.72	12.65	9.59	18.33	14.18	12.68	5.67	15.28	12.55	14.98	15.23	18.52	9.47	13.79	9.74	12.69	9.57	8.59	17.01	15.26	10.6	5.36	12.34
276_12mo	23.19	25.17	30.18	23.29	16.06	21.78	26.27	20.58	30.48	24.43	16.24	18.88	14.18	26.54	15.07	18.89	16.0	23.61	23.45	20.83	18.29	18.25	21.0	24.5	22.21	17.08	18.22	20.24	19.1	28.04	29.06	15.97	14.58	22.09	18.83	16.11	20.71	28.14	29.22	17.68	24.74	74.1	0.0	15.3	56.65	16.3	18.33	18.83	21.6	25.02	27.52	24.56	28.28	30.19	23.06	11.78	25.26	16.29	25.11	16.17	23.73	22.03	23.3	5.99	28.29	51.24	37.34	9.74	22.05	20.51	27.05	26.81	23.4	23.58	13.77	0.0	15.05	23.29	27.18	12.9	23.99	23.88	23.51	22.76	23.87	14.21	21.59	26.37	23.28	15.86	25.4	25.49	24.3	21.88	16.11	10.5	28.61	23.61	22.71	22.0	23.63	21.53	25.08	23.54	23.79	23.42	9.44	20.5	25.17	19.87	25.02	20.29	22.65	15.38	20.96	22.93	26.03	21.13	16.38	0.0	20.76	14.47	28.86	31.36	31.55	19.02	21.38	18.98	30.68	23.69	32.56	25.13	21.32	17.47	15.64	21.56	15.73	23.59	25.15	21.61	21.71	25.9	29.26	16.02	13.21	25.15	25.59	30.07	10.38	14.85	13.55	15.07	21.01	13.89	15.45	21.33	14.82	22.21	15.53	17.16	25.12	21.64	14.38	17.18	18.5	20.52	22.27	22.7	17.11	18.01	22.02	25.4	23.23	15.11	21.73	30.4	25.15	13.05	12.02	16.06	10.54	33.62	18.74	27.11	12.62	23.51	23.15	27.1	18.3	28.75	26.41	24.59	15.06	23.65	20.69	23.56	26.58	19.01	25.84	19.99	23.7	21.4	28.75	20.48	29.39	23.35	19.97	17.68	24.69
789_1mo	17.73	16.02	20.92	24.24	11.28	15.79	15.91	11.52	22.74	22.59	10.56	15.46	14.87	16.95	16.27	18.69	15.34	22.57	21.31	16.95	9.63	17.02	18.2	16.73	16.85	11.07	11.88	14.45	17.67	16.52	23.46	14.15	7.86	22.54	15.66	15.07	21.26	20.21	24.63	11.63	14.87	69.81	14.13	13.22	61.66	14.16	11.76	16.28	14.29	21.32	21.45	15.32	20.56	22.16	19.74	4.24	15.8	13.74	15.92	15.42	18.46	19.62	17.81	6.78	18.98	49.48	29.11	13.91	16.35	19.37	22.46	17.95	20.85	21.5	11.13	15.05	0.0	24.24	19.68	7.68	21.61	21.41	21.44	23.45	21.55	15.11	18.19	22.4	24.24	11.82	23.87	16.52	17.97	17.05	11.26	14.98	19.25	0.0	22.79	19.35	12.94	21.18	15.56	21.49	18.44	15.01	17.07	12.09	15.6	13.43	15.29	14.87	23.45	9.2	11.25	21.12	23.23	0.19	16.6	14.81	14.57	9.66	23.3	19.98	19.42	18.78	15.58	11.24	23.22	14.13	22.85	14.88	17.2	11.34	19.32	18.93	11.99	26.74	17.87	18.75	12.39	22.81	16.03	12.93	0.55	22.39	20.92	30.22	17.78	13.76	10.79	15.84	13.0	14.09	13.38	17.89	12.0	19.63	13.26	12.01	15.89	18.17	6.02	12.18	11.56	15.6	19.53	20.62	15.11	13.21	18.76	15.45	13.23	12.83	22.78	22.91	22.39	8.38	10.13	11.28	14.85	29.49	19.65	17.38	8.88	17.23	24.04	19.62	15.4	19.0	23.67	19.16	15.06	16.94	21.21	17.64	23.77	18.86	15.53	19.07	14.21	18.28	16.91	14.5	23.09	17.12	17.39	16.24	20.91
214_24mo	28.62	15.76	14.9	0.0	14.16	12.46	15.84	1.83	14.91	13.21	7.27	15.21	18.05	18.82	13.66	12.35	24.0	10.72	14.31	10.05	9.54	18.42	12.3	25.04	21.26	11.55	17.48	14.26	7.26	13.63	12.84	10.54	6.68	0.0	13.35	14.47	7.13	21.49	27.03	13.6	15.52	81.0	22.88	16.34	80.25	24.9	5.91	0.0	13.84	13.33	18.83	15.63	13.51	15.05	11.39	21.15	15.83	5.88	15.68	24.29	26.28	7.17	29.85	6.86	13.83	82.42	50.0	12.04	11.58	9.42	9.8	17.23	21.16	21.29	13.97	23.29	24.24	0.0	17.68	9.47	14.19	14.19	21.23	7.71	14.09	17.93	11.47	18.27	0.0	13.42	14.05	13.87	30.98	15.52	14.2	20.2	23.8	25.67	11.0	14.09	16.86	12.08	15.76	21.28	25.93	16.37	18.15	12.73	15.74	1.93	15.78	14.56	7.08	8.81	6.41	14.4	35.35	20.16	0.28	22.55	13.91	20.74	13.25	25.8	26.01	12.43	14.76	10.7	14.72	14.62	28.75	30.33	9.33	5.81	17.06	11.65	18.57	0.31	14.46	11.49	15.85	14.3	12.44	5.59	18.75	13.83	20.45	20.3	18.9	6.24	10.17	15.3	13.37	15.44	16.71	11.21	13.4	12.31	17.12	7.47	15.9	11.48	14.3	7.78	8.87	9.45	14.37	7.57	6.59	9.39	10.85	15.68	10.42	4.85	7.95	13.69	13.83	7.37	10.37	14.16	20.22	12.05	12.84	16.99	11.08	26.15	0.36	17.62	9.06	20.83	17.56	22.33	17.47	29.06	27.25	29.57	14.18	23.34	13.26	23.95	14.73	11.57	13.87	4.49	12.16	29.05	15.38	16.81	16.39
257_24mo	18.11	14.88	18.81	17.68	11.89	14.95	13.91	10.65	20.95	16.29	11.04	20.49	16.04	12.96	16.33	17.29	18.75	12.78	17.46	12.76	10.28	23.9	17.53	18.44	14.81	11.71	14.08	16.21	15.78	11.85	21.33	11.48	9.75	15.63	15.84	15.86	15.74	21.44	21.63	15.44	14.39	99.18	25.7	15.81	73.2	19.25	8.86	13.23	15.78	17.33	20.09	14.34	12.91	20.43	18.66	17.9	14.44	11.41	14.75	19.07	17.74	11.49	19.04	11.08	19.34	65.46	49.94	12.28	15.62	13.85	11.89	16.38	16.12	17.06	12.65	27.18	19.68	17.68	0.0	11.12	19.52	19.57	17.01	11.7	19.41	16.25	18.07	17.94	17.68	12.11	17.22	14.9	17.46	16.52	11.91	19.3	15.97	23.58	13.43	14.93	13.29	14.04	14.58	17.05	19.15	15.0	21.19	14.04	14.61	0.04	14.05	16.65	12.51	8.16	2.32	15.88	18.11	17.36	11.97	25.25	16.74	19.67	21.42	22.62	22.72	17.36	16.39	11.6	21.03	14.45	22.18	16.87	11.48	9.76	17.98	18.42	18.72	14.48	16.45	18.49	12.84	20.85	20.45	6.25	19.62	21.18	18.85	23.51	20.24	5.79	8.7	16.71	12.96	18.49	18.11	17.88	9.31	18.74	18.0	8.57	14.68	18.12	15.83	10.79	8.43	9.78	14.55	12.41	4.11	12.73	15.92	13.52	14.71	9.16	15.39	0.0	21.19	8.11	9.04	11.89	19.09	19.91	18.18	15.26	10.96	13.04	17.54	0.0	13.52	21.07	19.85	16.51	15.82	18.2	16.71	18.51	21.83	23.86	12.37	19.37	14.52	17.93	12.49	10.6	20.78	18.55	13.11	15.96	18.31
859_mother	10.81	5.78	9.03	9.47	2.42	2.92	6.13	1.93	11.39	7.57	1.07	3.1	6.83	8.46	1.59	8.26	7.19	6.79	11.69	4.95	2.38	10.9	6.87	10.65	7.98	3.81	0.18	3.6	5.96	4.99	14.09	4.71	2.52	7.94	7.16	5.47	10.8	9.65	13.55	3.9	5.25	71.06	11.7	6.18	66.77	7.06	2.43	7.68	2.73	7.87	10.58	5.22	11.0	10.68	7.15	5.51	5.61	1.1	5.78	7.35	12.48	7.16	11.03	4.01	8.96	52.5	31.62	4.28	5.33	6.39	5.41	7.07	11.56	11.64	4.03	12.9	7.68	9.47	11.12	0.0	9.13	9.19	11.56	9.55	8.91	6.96	7.21	9.99	9.47	2.44	8.09	5.54	9.29	8.07	2.42	10.96	13.0	7.33	10.07	7.07	4.89	8.98	5.6	11.64	16.22	2.75	10.94	2.45	5.6	4.24	5.37	3.6	9.62	1.64	2.33	7.06	15.77	3.53	5.75	12.27	3.8	9.22	14.21	15.89	15.72	8.39	5.18	5.06	11.84	5.8	17.02	9.5	7.49	2.58	7.28	7.49	1.81	8.47	6.1	7.44	4.34	12.25	11.65	2.92	5.68	12.2	11.5	12.93	11.46	3.91	2.41	7.2	2.33	3.86	2.57	6.89	3.87	7.66	2.55	0.49	5.71	7.21	3.45	0.71	2.8	1.57	7.44	8.15	4.89	3.34	5.98	5.71	2.5	2.05	9.71	11.74	12.2	0.75	2.35	2.42	11.03	11.22	8.62	6.13	2.53	6.04	8.88	11.12	4.07	11.47	11.25	8.22	5.69	11.03	12.34	11.03	13.19	9.88	5.08	8.89	5.91	7.15	5.38	5.46	13.76	11.03	7.25	3.33	9.51
668_24mo	25.72	18.34	12.51	14.19	15.76	20.95	19.82	11.21	25.49	11.92	11.77	17.13	17.29	22.85	12.13	16.25	26.15	12.0	23.19	11.98	17.62	23.93	0.04	26.78	26.4	15.94	18.94	14.23	11.04	19.84	10.8	14.97	7.71	15.09	14.94	21.66	8.1	17.76	19.58	16.6	18.35	116.82	22.99	23.77	83.05	27.23	9.97	12.75	18.84	12.23	22.55	18.73	19.39	25.09	18.95	17.49	18.59	7.6	18.33	26.63	23.69	10.73	26.84	5.65	10.44	113.93	46.43	7.0	13.25	11.1	16.53	21.76	22.42	22.55	16.88	23.99	21.61	14.19	19.52	9.13	0.0	0.04	22.47	15.73	0.04	17.19	17.18	20.73	14.19	15.23	14.72	18.76	24.73	17.52	15.78	23.44	29.26	21.54	16.72	10.88	17.61	15.88	18.33	22.55	24.47	15.07	24.13	12.61	18.35	10.49	18.5	14.23	16.4	7.17	10.45	11.67	32.69	14.83	12.39	23.49	15.85	14.11	11.59	26.78	27.01	16.34	16.36	6.78	26.12	17.2	28.59	26.55	10.41	8.05	9.48	17.24	21.73	12.89	17.97	17.18	18.88	23.31	10.27	12.86	18.57	23.48	25.63	22.48	24.23	8.32	13.44	17.95	15.93	23.34	20.56	17.13	9.3	19.35	21.18	12.61	18.76	17.43	16.63	9.46	14.96	13.08	11.22	10.72	8.34	17.14	18.77	19.06	9.53	0.91	7.89	18.13	23.48	13.14	9.75	15.76	23.94	10.02	16.37	19.42	16.18	24.65	14.1	19.45	16.98	22.74	23.42	26.47	19.53	27.26	19.65	26.95	24.2	17.42	18.75	23.47	17.29	17.27	19.73	12.0	11.28	26.9	15.91	16.05	17.54
668_7mo	25.66	18.25	12.32	14.19	15.74	20.85	19.73	11.21	25.36	11.84	11.85	17.25	17.1	22.86	12.12	16.24	26.08	11.92	23.08	11.97	17.54	23.57	0.04	26.69	26.48	15.86	18.89	14.24	11.03	19.93	10.84	15.12	7.81	15.08	15.04	21.72	8.11	17.58	19.48	16.45	18.28	117.45	22.89	23.84	83.54	27.1	10.05	12.83	18.88	12.15	22.46	18.63	19.3	25.0	18.95	17.34	18.64	7.68	18.24	26.46	23.62	10.77	26.76	5.71	10.27	114.84	46.15	6.98	13.31	10.91	16.46	21.81	22.26	22.4	16.94	23.88	21.41	14.19	19.57	9.19	0.04	0.0	22.32	15.81	0.0	17.01	17.37	20.69	14.19	15.22	14.48	18.66	24.95	17.59	15.76	23.37	29.36	21.47	16.83	10.68	17.33	15.81	18.24	22.4	24.4	14.97	24.04	12.6	18.28	10.5	18.4	14.15	16.31	7.28	10.54	11.45	32.18	14.68	12.47	23.38	15.72	13.99	11.48	26.57	26.79	16.32	16.25	6.88	25.98	17.28	28.59	26.71	10.41	8.07	9.43	17.44	21.61	12.9	17.96	17.39	18.76	23.35	10.19	12.96	18.55	23.51	25.52	22.45	24.15	8.35	13.55	17.97	16.03	23.4	20.56	17.33	9.28	19.44	21.23	12.58	18.66	17.56	16.73	9.54	15.04	13.07	11.01	10.71	8.4	17.21	18.91	18.98	9.43	1.06	7.9	18.19	23.51	13.1	9.62	15.74	23.86	10.08	16.32	19.5	16.11	24.56	14.09	19.51	17.01	22.46	23.31	26.56	19.61	27.05	19.57	26.87	24.23	17.4	18.64	23.6	17.35	17.53	19.82	12.05	11.16	26.71	15.81	16.0	17.6
568_3mo	16.5	20.28	28.36	21.23	16.22	17.59	20.4	18.31	16.67	20.17	16.29	18.75	17.54	0.06	17.84	20.28	16.91	22.26	24.48	16.45	16.0	15.34	21.65	15.79	13.97	15.89	17.48	18.17	17.7	17.62	22.07	16.37	13.77	21.62	21.05	15.7	24.94	19.85	18.62	19.26	19.24	69.41	22.18	19.76	69.29	16.8	13.76	23.76	21.52	19.6	23.07	19.38	32.65	16.39	17.66	20.19	19.67	12.32	20.1	16.83	6.49	15.95	16.4	12.1	28.31	51.14	39.56	13.6	14.17	19.32	21.16	15.15	0.0	0.0	12.43	23.51	21.44	21.23	17.01	11.56	22.47	22.32	0.0	19.65	22.41	17.84	20.15	21.97	21.23	15.93	20.16	19.82	16.93	19.18	16.19	16.04	0.18	24.89	21.2	17.43	18.84	19.3	19.63	0.0	6.78	17.73	18.03	15.14	19.66	14.03	19.71	18.92	20.82	11.65	13.93	17.62	22.92	16.74	20.2	22.35	20.11	16.2	21.12	26.11	26.33	20.39	18.68	17.94	17.65	20.54	24.55	16.68	15.98	12.77	18.14	20.82	17.23	21.77	26.88	20.8	14.48	16.97	21.33	10.89	21.47	17.09	17.31	27.14	17.36	15.32	10.68	19.19	16.42	19.95	18.07	19.74	11.75	19.39	17.55	12.1	19.82	20.19	15.75	15.81	11.97	12.99	16.92	14.87	6.24	14.8	18.21	19.66	9.7	11.24	27.93	17.14	17.09	12.03	10.85	16.22	15.99	22.01	21.91	21.66	14.4	21.9	21.34	16.99	18.57	24.45	22.43	16.21	16.18	16.39	15.88	16.3	17.46	19.65	17.18	18.36	20.63	20.09	18.43	16.73	21.89	16.49	15.49	14.45	20.08
263_mother	23.15	14.6	16.83	7.71	10.71	12.51	14.28	5.4	17.75	11.44	8.09	14.95	14.71	15.46	12.94	13.21	20.67	9.68	21.18	10.01	5.79	14.81	13.77	24.57	18.95	11.15	13.33	16.43	7.73	13.39	13.88	10.61	6.58	7.5	12.21	15.14	8.84	22.47	24.53	13.58	14.0	78.76	21.09	19.48	75.51	21.46	6.8	8.19	14.06	11.38	20.42	13.98	15.72	17.4	9.65	19.66	14.12	4.84	14.5	21.0	25.12	5.61	24.64	6.29	15.87	86.5	44.21	7.01	10.98	8.97	9.55	12.99	20.05	19.73	11.57	22.76	23.45	7.71	11.7	9.55	15.73	15.81	19.65	0.0	15.52	15.16	9.58	19.03	7.71	11.0	12.7	14.19	22.6	14.31	10.73	19.93	23.13	26.48	8.16	11.14	14.74	8.08	14.16	19.73	26.14	16.58	20.54	12.63	14.19	3.7	14.52	16.45	0.14	7.45	6.51	11.41	25.29	18.95	6.05	21.06	16.22	17.33	14.03	22.54	22.71	13.32	17.56	10.54	18.67	13.77	25.1	21.61	6.72	6.44	18.18	9.87	19.59	6.39	16.2	9.82	13.42	11.89	12.78	0.1	20.19	11.55	16.26	25.0	20.45	5.12	8.57	14.54	14.56	18.03	16.64	9.27	8.19	11.78	16.58	6.53	14.19	9.63	14.63	7.63	4.43	8.51	11.21	7.24	5.54	9.26	10.0	14.22	9.43	5.32	9.72	14.62	11.55	6.26	6.76	10.71	20.12	13.2	13.47	14.66	10.96	19.37	7.51	11.7	11.88	21.79	19.04	19.02	14.6	22.99	19.13	24.33	11.55	21.96	13.21	23.22	13.75	9.42	13.37	6.7	13.76	22.99	12.76	13.74	15.32
668_12mo	25.59	18.13	12.36	14.09	15.53	20.75	19.61	10.99	25.22	11.79	11.55	16.95	17.09	22.76	12.03	16.08	25.87	11.86	22.94	11.92	17.5	23.59	0.0	26.64	26.12	15.71	18.7	14.02	10.82	19.63	10.68	14.78	7.48	14.98	14.72	21.4	8.01	17.61	19.46	16.38	18.16	115.81	22.87	23.53	82.19	26.94	9.74	12.65	18.61	12.09	22.33	18.52	19.24	24.86	18.76	17.43	18.38	7.33	18.12	26.27	23.64	10.58	26.72	5.53	10.29	112.3	46.11	7.07	13.03	10.99	16.37	21.5	22.35	22.49	16.65	23.87	21.55	14.09	19.41	8.91	0.04	0.0	22.41	15.52	0.0	17.01	17.12	20.52	14.09	15.01	14.6	18.55	24.59	17.37	15.56	23.21	29.18	21.46	16.56	10.74	17.46	15.65	18.12	22.49	24.42	14.85	23.88	12.39	18.17	10.38	18.27	14.02	16.2	6.95	10.19	11.4	32.64	14.73	12.3	23.37	15.62	13.98	11.44	26.89	27.12	16.18	16.14	6.68	25.84	17.0	28.44	26.28	10.25	7.83	9.42	17.2	21.5	12.77	17.75	17.12	18.62	23.2	10.24	12.76	18.53	23.37	25.39	22.28	23.99	8.06	13.2	17.77	15.72	23.07	20.33	17.06	9.24	19.13	20.95	12.39	18.55	17.36	16.54	9.26	14.7	12.86	11.09	10.6	8.26	16.98	18.55	18.86	9.29	0.7	7.89	18.03	23.37	12.92	9.54	15.53	23.7	9.86	16.18	19.21	16.06	24.42	13.98	19.35	16.75	22.72	23.21	26.19	19.32	27.0	19.62	26.82	24.09	17.33	18.53	23.39	17.07	17.21	19.51	11.85	11.05	26.65	15.77	15.78	17.27
719_24mo	17.71	13.9	18.52	17.93	8.55	15.43	13.47	11.38	21.2	17.74	8.74	11.73	0.0	17.34	12.65	16.32	12.88	15.01	17.79	12.28	7.51	15.65	15.32	15.77	15.18	9.35	11.09	13.85	12.14	12.66	17.59	10.77	4.88	15.47	13.23	12.36	14.56	19.24	18.89	7.81	13.98	75.34	13.84	12.57	57.44	12.96	10.79	12.87	12.76	17.42	21.75	14.16	20.6	20.54	13.34	11.97	14.16	8.88	13.81	13.06	18.35	13.5	17.99	6.34	18.75	54.57	35.18	9.52	11.42	13.59	15.18	16.94	17.71	17.9	7.35	14.21	15.11	17.93	16.25	6.96	17.19	17.01	17.84	15.16	17.01	0.0	16.29	17.63	17.92	8.21	16.1	14.41	17.99	17.38	8.58	12.41	20.91	18.7	14.91	15.49	11.87	15.2	13.81	17.88	17.76	12.7	12.48	13.02	13.86	10.2	12.61	14.35	15.11	6.55	7.59	16.27	21.58	13.1	12.9	14.13	13.39	15.6	18.06	20.52	20.62	16.44	14.44	11.97	21.4	14.12	27.42	17.0	13.05	9.24	12.39	16.54	7.69	17.3	17.05	16.29	11.38	18.13	15.87	8.55	13.09	17.76	17.8	25.1	13.34	7.03	8.25	0.04	11.17	13.09	13.83	15.91	13.39	14.36	14.05	9.84	14.09	16.3	13.91	9.05	9.84	11.86	15.75	14.28	7.09	10.35	14.27	13.26	8.91	8.96	15.75	17.99	17.76	5.56	1.49	8.55	12.5	27.42	16.71	14.38	10.11	18.1	17.67	16.19	13.99	18.01	19.83	17.06	9.84	17.59	17.05	18.12	18.25	13.12	12.87	14.06	14.17	16.34	13.17	13.38	17.43	17.45	14.43	6.83	18.87
220_7mo	25.82	15.66	19.51	11.48	14.33	8.2	15.35	8.06	15.61	21.09	5.88	15.5	16.11	17.71	10.01	8.1	21.33	20.45	19.16	14.22	8.23	16.58	14.83	23.54	14.88	10.57	14.96	11.79	6.96	12.73	13.8	4.98	6.29	11.23	7.89	13.05	12.56	19.74	26.55	15.52	15.06	79.23	20.21	16.95	81.74	21.59	6.58	11.83	10.79	19.46	15.79	15.11	16.56	15.01	9.1	14.82	15.25	6.4	15.57	21.65	23.34	10.46	27.1	5.17	19.42	76.79	44.29	10.65	11.88	17.19	15.75	11.44	19.63	20.22	12.78	21.59	18.19	11.47	18.07	7.21	17.18	17.37	20.15	9.58	17.12	16.29	0.0	19.87	11.48	13.84	19.77	14.16	27.32	12.74	14.42	20.44	20.98	21.98	11.2	18.42	13.08	11.78	15.3	20.19	23.36	10.5	20.65	9.79	15.28	7.9	14.99	12.0	9.72	8.34	8.84	18.94	33.57	16.55	10.26	20.63	12.44	17.32	14.79	29.28	29.15	8.18	12.41	12.5	15.54	15.18	28.85	27.72	12.32	8.52	15.01	0.0	17.9	13.04	11.97	0.0	13.69	8.92	12.03	5.05	13.73	8.41	16.92	19.9	20.26	5.1	5.23	14.25	10.58	13.96	12.38	0.07	14.32	9.53	12.54	7.14	15.39	0.11	11.88	5.92	2.45	9.8	19.11	13.82	7.07	8.67	4.08	14.84	10.09	5.23	12.66	17.06	8.42	2.51	11.06	14.33	20.48	16.98	8.67	16.44	10.16	20.61	11.3	18.01	7.99	27.07	16.32	16.82	13.91	26.82	22.47	26.76	8.72	18.5	12.96	22.16	15.3	0.04	13.46	12.85	13.0	26.85	14.01	10.16	13.35
208_father	21.49	8.31	11.24	18.27	12.82	18.15	8.91	11.09	19.75	16.51	10.52	13.81	17.74	13.25	13.78	17.18	24.66	17.02	3.24	12.89	12.92	27.85	18.21	22.04	17.05	7.11	14.38	18.15	12.08	9.09	20.43	13.59	7.93	17.78	19.69	9.46	15.64	18.8	20.02	14.25	8.46	96.23	25.26	17.8	75.42	24.55	11.06	13.76	16.15	16.43	11.8	8.78	11.54	19.44	17.16	19.99	8.68	6.95	8.31	25.01	20.28	13.45	22.66	9.01	10.69	85.92	49.85	11.52	12.08	17.26	13.21	19.37	22.61	21.97	12.93	26.37	22.4	18.27	17.94	9.99	20.73	20.69	21.97	19.03	20.52	17.63	19.87	0.0	18.27	12.2	16.94	8.76	20.83	9.99	12.84	23.23	21.34	21.75	16.82	16.98	7.99	16.1	8.32	21.97	24.08	16.66	22.54	14.47	8.32	11.98	9.18	18.16	18.76	4.82	6.36	17.7	24.44	15.44	14.65	25.23	18.76	18.63	20.32	26.91	26.26	17.28	20.14	6.14	20.55	8.26	20.35	20.32	14.25	4.92	13.19	19.93	17.47	17.82	7.06	19.9	9.23	24.61	19.64	11.73	17.63	24.59	20.76	13.36	22.69	6.95	12.39	17.15	14.79	20.74	18.61	19.58	14.82	15.21	19.21	10.99	8.77	19.93	13.53	9.55	12.79	7.71	17.42	19.02	12.25	11.81	17.7	9.02	17.91	4.67	15.38	18.64	24.59	10.34	11.82	12.82	23.66	18.56	17.26	8.82	4.89	17.27	17.95	17.88	15.43	24.08	16.41	16.49	16.85	21.21	15.39	22.65	24.59	23.69	8.47	16.13	8.26	19.81	8.89	13.31	20.41	21.03	9.26	12.71	9.76
214_7mo	28.62	15.76	14.9	0.0	14.16	12.46	15.83	1.83	14.92	13.21	7.27	15.21	18.04	18.83	13.65	12.35	23.99	10.72	14.31	10.05	9.54	18.41	12.3	25.04	21.26	11.55	17.47	14.25	7.26	13.63	12.84	10.53	6.68	0.0	13.35	14.47	7.13	21.48	27.03	13.6	15.52	81.0	22.88	16.33	80.25	24.89	5.91	0.0	13.83	13.33	18.83	15.63	13.51	15.04	11.38	21.13	15.83	5.74	15.68	24.29	26.28	7.17	29.83	6.86	13.83	82.29	50.0	12.03	11.58	9.42	9.8	17.23	21.16	21.29	13.97	23.28	24.24	0.0	17.68	9.47	14.19	14.19	21.23	7.71	14.09	17.92	11.48	18.27	0.0	13.42	14.05	13.87	30.98	15.52	14.2	20.19	23.8	25.65	10.99	14.15	16.86	12.08	15.76	21.27	25.91	16.37	18.15	12.72	15.74	1.93	15.78	14.56	7.08	8.82	6.41	14.39	35.35	20.14	0.28	22.55	13.91	20.74	13.25	25.78	25.99	12.43	14.76	10.7	14.72	14.62	28.73	30.33	9.33	5.82	17.06	11.65	18.57	0.31	14.46	11.49	15.85	14.34	12.44	5.59	18.75	13.83	20.44	20.3	18.9	6.24	10.17	15.29	13.37	15.43	16.7	11.21	13.4	12.3	17.11	7.46	15.9	11.48	14.3	7.77	8.87	9.45	14.39	7.57	6.59	9.39	10.85	15.68	10.41	4.85	7.95	13.69	13.83	7.37	10.37	14.16	20.21	12.05	12.84	16.99	11.08	26.15	0.4	17.62	9.06	20.83	17.56	22.37	17.46	29.1	27.23	29.59	14.18	23.33	13.26	23.95	14.73	11.57	13.87	4.49	12.16	29.07	15.38	16.81	16.39
865_mother	15.74	9.57	16.67	13.42	0.0	11.37	8.72	6.35	15.93	12.93	6.51	7.48	8.29	11.83	11.65	13.11	14.44	9.77	12.64	8.63	5.91	14.9	13.5	14.97	9.63	7.58	6.53	12.98	9.71	6.05	19.94	7.16	2.25	10.85	8.51	8.52	10.68	18.15	21.2	6.09	9.26	92.93	14.93	9.62	69.32	14.84	7.59	9.85	10.08	12.62	17.15	9.3	13.73	15.4	11.74	9.34	9.54	6.08	9.47	14.7	16.67	8.55	16.79	5.59	16.46	69.18	41.31	7.54	7.9	9.2	8.04	11.36	16.04	15.99	3.3	15.86	11.82	13.42	12.11	2.44	15.23	15.22	15.93	11.0	15.01	8.21	13.84	12.2	13.42	0.0	12.28	9.38	15.3	14.31	0.0	14.07	14.0	13.61	11.72	12.34	8.1	11.45	9.57	15.97	16.34	12.69	14.3	11.08	9.59	5.31	8.8	13.38	12.31	4.68	3.65	12.33	20.9	10.77	8.86	15.14	12.08	15.49	21.09	20.64	20.86	13.19	14.07	9.36	15.97	9.37	23.18	14.68	8.59	6.69	11.24	14.03	8.62	10.09	12.29	13.85	8.88	14.69	17.21	4.15	9.78	14.62	15.94	19.05	15.69	5.54	4.47	7.54	9.62	13.06	13.9	13.65	8.7	11.67	14.45	6.8	9.68	13.84	5.94	8.52	6.51	6.73	12.42	7.87	8.09	8.32	12.54	8.75	9.58	4.48	11.61	12.14	14.62	2.15	3.82	0.0	14.23	19.42	13.35	9.08	5.69	13.94	13.19	12.11	9.79	17.93	15.11	11.21	10.75	16.77	14.85	16.58	14.18	18.61	7.52	14.03	9.44	13.93	6.5	6.8	19.82	16.75	12.12	7.88	14.91
981_24mo	13.91	14.96	15.04	14.05	13.19	15.74	14.09	5.81	22.91	0.05	11.85	14.18	16.2	15.77	6.63	20.57	19.25	0.13	19.72	0.94	7.06	9.59	15.1	13.86	19.62	12.97	13.06	16.16	13.02	12.34	16.75	14.03	9.92	14.05	18.36	15.77	15.45	22.87	17.71	13.31	14.26	81.57	24.71	16.61	66.44	19.94	8.77	12.27	13.2	0.0	23.51	14.36	16.94	22.48	17.11	19.11	15.18	0.58	15.05	19.39	18.53	6.11	14.0	10.39	15.01	62.28	37.64	2.38	13.5	0.24	0.99	21.47	19.7	20.24	11.67	25.4	23.87	14.05	17.22	8.09	14.72	14.48	20.16	12.7	14.6	16.1	19.77	16.94	14.05	12.28	0.0	15.13	13.61	18.64	13.24	18.97	21.1	23.58	15.08	0.35	13.86	15.83	14.98	20.22	21.25	15.86	19.86	12.95	14.97	8.21	15.71	16.76	12.47	8.23	5.99	0.88	18.26	16.68	9.34	25.28	16.1	17.17	17.43	14.52	14.21	20.66	17.36	11.43	22.57	14.58	21.6	11.15	5.31	8.91	16.88	19.75	10.45	11.63	16.87	19.8	13.21	22.34	17.7	5.7	20.19	21.91	15.18	26.84	20.86	6.89	9.12	15.69	13.69	16.01	14.97	19.4	2.72	16.17	14.97	1.17	15.16	19.84	14.37	7.99	9.52	2.04	0.05	5.79	10.09	7.63	18.79	14.59	0.5	8.64	15.13	15.52	21.91	9.13	0.28	13.19	18.91	20.67	21.23	15.12	11.11	14.33	14.05	17.16	17.13	12.09	24.55	21.28	15.14	13.17	16.9	13.71	21.92	16.94	12.07	17.38	14.59	19.54	12.36	0.81	16.99	13.49	12.52	13.63	18.1
907_7mo	20.29	0.17	7.44	13.87	9.79	12.57	0.16	8.34	15.74	14.29	5.21	11.54	14.2	10.57	11.47	12.99	19.66	12.64	8.73	8.33	8.67	16.09	16.6	17.97	12.63	0.48	11.53	13.86	9.21	0.32	18.67	10.18	4.96	13.12	14.82	9.76	12.38	14.21	21.52	9.44	0.99	90.3	23.98	13.53	86.38	19.85	8.65	10.95	11.85	14.6	10.75	0.98	7.39	15.47	10.97	14.75	0.17	3.08	0.17	19.85	19.3	10.21	21.33	8.14	7.7	80.53	44.58	11.19	1.22	12.61	9.19	12.03	19.79	19.88	10.01	25.49	16.52	13.87	14.9	5.54	18.76	18.66	19.82	14.19	18.55	14.41	14.16	8.76	13.87	9.38	15.13	0.0	18.9	10.11	9.81	20.7	18.89	16.32	14.84	13.96	1.21	13.88	0.17	19.88	20.88	13.05	20.66	11.03	0.17	8.64	0.82	13.86	13.72	2.59	0.91	14.73	25.54	11.45	11.12	24.34	14.27	18.34	18.53	23.46	24.15	13.06	15.08	4.9	16.37	0.22	19.7	18.03	10.77	2.47	11.94	14.45	12.64	14.0	5.95	14.51	0.87	16.11	16.48	8.03	12.34	16.28	16.92	16.22	20.4	5.89	7.93	12.98	11.48	15.53	14.63	13.86	13.15	11.39	14.81	7.31	0.0	14.21	11.29	8.8	8.14	6.04	14.54	12.12	7.65	5.9	11.58	0.0	12.88	3.35	11.82	13.97	16.28	6.69	8.13	9.79	20.92	20.1	13.2	0.31	0.84	15.06	13.59	14.85	10.84	18.95	11.85	12.1	13.86	20.42	18.34	21.14	16.66	18.65	0.16	16.73	0.29	14.04	0.27	10.4	18.29	20.41	10.36	9.18	10.43
199_7mo	0.04	19.43	28.55	30.98	15.02	21.4	17.93	13.23	24.14	11.83	17.16	15.9	17.62	14.91	17.01	24.07	16.24	11.82	26.8	10.49	12.24	17.38	24.8	0.05	17.95	17.31	16.35	23.9	20.86	14.01	36.03	10.93	11.63	26.48	17.4	18.46	25.72	29.8	18.41	13.24	18.67	91.83	22.98	20.28	66.34	16.64	15.75	23.12	15.75	12.65	27.03	18.64	25.59	23.35	24.48	17.01	18.8	8.37	19.42	16.36	12.87	18.99	0.04	14.96	28.16	60.2	41.21	10.68	14.09	12.49	15.82	20.03	16.96	17.01	13.58	24.3	17.97	30.98	17.46	9.29	24.73	24.95	16.93	22.6	24.59	17.99	27.32	20.83	30.98	15.3	13.61	18.9	0.0	21.09	15.02	16.43	15.72	22.7	27.53	13.09	17.33	26.62	18.86	17.01	14.62	22.84	16.94	20.35	18.78	14.46	17.44	23.91	24.16	11.57	10.43	14.79	22.64	19.3	19.6	23.3	22.27	20.43	33.36	18.2	18.04	24.15	22.68	17.5	25.63	18.66	21.33	0.24	17.11	15.46	18.42	28.38	10.58	24.58	21.75	28.37	17.05	29.08	30.06	12.22	16.23	29.34	17.38	31.68	17.0	10.78	0.57	17.35	18.74	17.29	19.63	27.03	11.35	23.27	18.9	13.66	18.93	27.37	13.44	16.66	13.33	14.37	13.19	14.8	12.47	15.6	25.57	17.59	16.32	13.93	25.72	17.63	29.34	12.17	7.44	15.02	16.81	27.0	24.82	18.05	11.36	14.8	30.31	17.51	22.16	14.49	29.47	18.49	16.51	0.05	14.31	0.04	28.81	24.95	16.42	17.09	18.87	27.25	14.53	11.63	34.63	0.04	12.57	15.24	20.32
839_7mo	20.38	10.24	11.7	15.52	14.16	13.47	10.06	10.82	14.05	17.63	6.84	11.61	17.02	16.5	11.47	9.97	16.22	17.73	12.36	12.69	11.61	16.17	14.63	18.77	17.38	8.76	13.98	13.07	8.67	10.56	17.2	7.44	6.23	15.08	12.98	12.64	12.87	7.8	17.52	13.56	10.69	73.18	20.2	16.16	61.51	16.56	8.77	13.96	12.8	18.03	0.95	10.64	11.16	13.7	12.43	14.57	9.86	1.46	10.08	16.57	20.12	13.4	21.39	7.28	11.61	69.44	49.5	12.12	9.66	17.74	15.23	15.32	19.35	19.25	11.62	21.88	17.05	15.52	16.52	8.07	17.52	17.59	19.18	14.31	17.37	17.38	12.74	9.99	15.52	14.31	18.64	10.11	21.09	0.0	14.19	19.42	20.33	17.63	14.45	18.09	11.14	14.35	9.97	19.25	21.74	12.26	19.56	10.04	9.99	10.07	10.68	13.06	14.67	5.19	7.4	17.9	27.01	10.17	13.53	20.54	13.23	16.41	16.86	25.72	25.62	10.06	14.02	6.81	14.84	10.37	25.46	19.17	15.15	6.29	16.65	13.03	16.56	16.08	0.88	13.08	8.54	11.16	16.68	8.89	13.48	11.77	17.65	9.11	19.28	6.35	6.51	15.82	10.55	14.18	13.59	12.38	12.53	12.22	13.7	8.47	10.11	12.74	11.56	7.4	7.9	4.58	18.28	19.43	6.56	10.38	11.99	9.93	13.01	2.08	12.86	17.02	11.77	7.0	10.75	14.16	19.9	17.24	9.93	10.06	6.9	16.25	15.46	16.46	10.11	24.66	7.05	18.23	13.7	21.4	15.32	21.44	11.33	21.79	10.95	19.18	10.35	12.55	10.77	12.86	16.84	21.14	6.03	13.5	0.42
865_7mo	15.69	10.13	17.24	14.2	0.0	11.25	8.82	6.91	16.04	12.56	6.87	7.45	8.57	11.68	12.3	13.33	13.92	9.78	12.67	8.42	5.83	14.36	13.71	14.9	9.64	7.45	6.47	13.1	9.73	6.05	19.97	7.19	2.25	11.48	8.52	8.55	10.99	18.18	21.22	6.2	9.64	92.89	15.03	9.44	68.74	14.29	7.56	9.88	10.35	13.2	17.26	9.67	13.75	15.63	12.03	9.21	9.91	5.92	10.04	14.07	16.14	9.22	16.58	5.61	17.04	69.55	41.38	8.18	7.92	9.22	8.05	11.64	15.61	16.26	3.23	16.11	11.26	14.2	11.91	2.42	15.78	15.76	16.19	10.73	15.56	8.58	14.42	12.84	14.2	0.0	13.24	9.81	15.02	14.19	0.0	13.98	13.66	13.29	11.76	11.91	8.53	11.87	9.94	16.26	16.01	12.71	14.55	10.86	9.96	5.24	9.28	13.4	12.0	4.61	3.66	12.07	20.94	10.55	8.87	15.13	12.71	15.16	21.01	20.62	20.93	13.41	14.57	9.18	16.01	9.39	23.17	14.54	9.22	7.31	11.26	14.84	8.63	10.1	12.31	14.72	9.07	14.9	17.28	4.19	9.54	14.92	15.68	20.75	15.46	5.54	4.95	7.45	9.41	13.64	14.58	14.11	8.51	11.79	14.86	6.81	10.09	14.45	6.09	8.54	6.39	6.7	12.15	9.1	8.22	8.09	13.13	8.59	9.71	4.48	11.63	12.15	14.92	2.13	3.78	0.0	13.93	19.38	13.85	9.71	5.97	13.94	13.82	11.94	9.64	17.94	15.57	11.23	10.77	16.35	14.9	16.2	14.51	18.25	7.53	13.9	9.45	14.5	6.5	6.81	19.32	16.53	11.9	7.89	15.51
183_12mo	15.83	20.5	27.88	20.2	13.93	18.65	19.91	15.41	27.01	18.78	12.0	16.04	12.26	19.45	12.97	17.98	7.21	17.26	22.07	14.59	14.88	16.13	20.72	15.61	16.76	14.89	17.06	18.5	17.18	20.76	28.15	13.2	11.68	16.83	15.08	12.05	17.95	25.15	25.16	12.49	19.65	72.96	10.24	15.39	51.85	7.32	13.85	15.46	16.08	18.47	25.7	19.49	25.65	26.66	22.63	11.59	19.93	10.4	20.43	7.34	14.37	19.18	15.99	8.99	28.02	51.33	39.02	9.94	16.61	17.14	22.61	20.74	16.04	16.04	10.23	10.5	14.98	20.2	19.3	10.96	23.44	23.37	16.04	19.93	23.21	12.41	20.44	23.23	20.19	14.07	18.97	20.7	16.43	19.42	13.98	0.0	18.55	24.58	23.08	17.36	18.34	21.54	19.87	16.02	13.19	20.82	0.0	16.55	19.91	14.85	19.39	19.27	20.28	7.87	16.4	17.72	21.05	19.37	13.89	10.53	17.18	16.99	26.85	22.34	22.25	18.11	17.79	15.9	28.53	20.65	29.96	15.04	17.82	15.56	13.9	21.07	11.67	18.25	22.31	21.03	16.6	23.2	22.98	14.03	12.73	22.56	19.68	31.43	0.0	12.14	8.96	11.38	15.59	10.81	14.08	20.23	12.22	20.29	13.74	13.98	19.85	20.5	13.27	13.84	15.51	17.87	17.77	18.28	9.98	14.91	18.79	19.9	21.11	13.38	19.63	21.66	22.57	10.14	9.37	13.93	0.0	31.66	19.09	20.88	11.54	19.45	19.91	19.23	16.2	20.0	24.77	18.08	7.02	17.0	17.91	16.33	23.13	18.65	20.7	15.52	20.7	20.32	21.41	17.29	26.95	16.61	16.42	9.21	21.65
789_father	15.01	19.31	29.89	23.8	13.69	20.07	18.51	16.53	19.03	19.15	15.74	19.21	20.51	3.32	19.44	19.67	19.76	17.88	23.67	18.43	13.51	16.51	27.2	15.98	6.68	15.63	13.43	20.73	16.88	16.79	30.24	15.25	14.04	23.01	19.0	13.6	24.74	31.48	18.87	16.9	18.4	86.93	26.85	18.29	65.12	19.76	12.74	20.87	17.5	17.95	29.94	18.37	27.44	18.66	19.35	18.92	18.58	13.84	19.16	19.95	4.58	16.35	16.1	14.67	29.22	61.92	46.8	15.02	14.98	20.57	20.84	14.32	0.18	0.18	12.91	28.61	19.25	23.8	15.97	13.0	29.26	29.36	0.18	23.13	29.18	20.91	20.98	21.34	23.8	14.0	21.1	18.89	15.72	20.33	13.66	18.55	0.0	23.68	22.34	18.21	18.64	21.93	18.79	0.18	4.78	21.7	19.84	16.8	18.79	14.52	19.43	21.49	22.87	13.62	13.28	20.53	22.31	20.16	21.59	26.56	20.54	20.59	29.73	19.49	19.63	19.77	19.33	18.36	19.59	18.41	25.69	14.23	14.2	12.98	21.34	21.55	19.09	23.44	25.92	21.61	16.84	24.17	27.91	12.32	18.22	23.55	17.69	33.98	19.2	12.82	11.32	20.23	18.76	21.46	20.29	20.72	14.44	18.26	20.27	12.24	18.89	20.95	14.69	18.62	12.16	17.31	18.27	16.62	7.44	17.78	20.54	18.9	20.39	14.64	26.85	19.28	23.55	14.56	14.05	13.69	18.65	23.78	21.01	19.38	14.66	24.11	23.68	15.97	19.38	20.2	28.17	7.86	19.25	16.04	12.25	15.84	23.56	30.15	16.59	15.53	18.41	20.84	16.84	16.29	29.53	16.04	13.02	14.8	20.16
789_mother	21.59	16.22	16.88	25.67	13.25	19.68	15.1	15.16	23.9	22.91	10.79	14.98	18.8	18.29	15.08	20.94	23.62	22.38	21.73	17.05	13.84	19.54	18.92	21.85	21.11	11.71	13.6	13.22	16.06	15.98	21.6	16.88	8.86	25.61	20.49	16.73	24.3	18.13	21.46	10.78	15.71	78.19	22.76	18.27	61.08	22.74	10.81	19.04	15.23	22.0	21.47	15.73	19.4	23.49	20.88	4.55	16.11	13.26	16.14	23.74	18.7	21.81	22.43	8.74	15.36	63.07	39.35	14.49	15.4	21.32	22.52	21.59	24.14	24.97	16.16	23.61	0.0	25.67	23.58	7.33	21.54	21.47	24.89	26.48	21.46	18.7	21.98	21.75	25.65	13.61	23.58	16.32	22.7	17.63	13.29	24.58	23.68	0.0	25.02	21.92	15.63	25.74	16.22	24.93	20.63	13.75	25.77	10.78	16.23	17.86	16.83	13.59	26.35	9.1	10.81	23.89	23.82	0.13	20.64	23.67	14.05	11.42	22.17	18.21	17.54	21.03	14.95	10.49	23.49	14.22	24.18	19.85	19.21	10.25	21.97	22.02	18.06	28.61	16.42	22.0	13.48	27.53	16.39	17.22	0.21	26.99	22.16	27.73	26.78	14.33	14.06	18.41	13.14	18.94	17.38	21.68	14.08	18.75	17.72	14.17	16.32	21.97	9.85	10.86	14.9	17.24	22.07	22.6	15.23	14.85	21.04	15.74	14.97	11.27	24.72	27.4	26.99	12.04	12.94	13.25	24.73	29.26	21.54	16.34	9.88	16.59	25.62	23.5	16.63	18.5	23.35	22.62	19.25	22.2	20.6	22.35	27.01	26.17	15.93	18.97	14.22	21.92	15.93	18.15	21.79	22.26	16.91	15.1	19.96
748_mother	26.14	14.59	13.3	11.0	11.72	14.22	14.34	7.29	21.52	15.13	6.51	13.89	15.02	15.7	14.15	13.58	23.4	12.22	17.31	12.25	7.97	18.12	11.97	26.98	17.27	10.87	14.46	13.44	10.41	13.27	12.09	9.77	5.49	8.74	14.58	12.81	9.34	19.27	26.56	15.2	14.47	79.73	21.72	19.27	65.69	24.15	6.77	8.86	14.76	14.74	18.84	14.63	12.31	20.89	13.51	20.69	14.66	6.1	14.5	23.82	27.42	6.64	27.5	6.01	12.27	73.42	48.84	8.23	12.52	11.25	10.1	14.45	21.21	21.29	9.79	22.71	22.79	11.0	13.43	10.07	16.72	16.83	21.2	8.16	16.56	14.91	11.2	16.82	10.99	11.72	15.08	14.84	27.53	14.45	11.76	23.08	22.34	25.02	0.0	13.61	13.63	0.0	14.59	21.25	27.81	13.1	24.01	11.45	14.6	5.62	14.36	13.61	7.78	7.6	6.64	13.71	30.79	17.38	7.81	21.66	13.01	18.94	12.79	24.56	25.08	13.57	14.58	9.44	21.59	13.86	24.2	27.07	7.7	6.22	19.98	11.18	21.37	8.64	13.39	11.2	13.19	15.29	12.82	5.78	19.28	14.86	21.41	19.8	24.26	4.41	9.56	14.49	11.73	14.37	13.39	10.93	11.16	14.36	14.03	7.38	14.77	11.16	16.18	7.41	8.11	7.81	13.95	5.44	6.29	11.04	11.44	14.78	11.04	4.14	10.29	14.04	14.86	7.15	7.27	11.72	23.26	17.68	13.58	14.68	8.61	22.58	10.77	13.42	9.41	23.43	14.64	19.56	17.01	25.83	21.78	27.22	14.87	22.03	13.64	22.69	13.86	10.99	13.9	8.84	12.13	25.8	13.15	16.54	14.51
999_12mo	13.65	14.48	14.34	14.09	11.99	14.58	15.06	5.56	20.64	0.21	11.9	13.94	15.22	15.37	7.38	19.27	16.38	0.38	19.24	0.59	6.61	9.53	10.97	12.63	17.54	11.81	12.59	16.0	14.1	12.15	17.66	12.74	9.17	12.46	16.11	15.35	14.06	20.49	18.94	13.58	13.33	85.85	20.87	13.81	70.74	16.88	9.68	11.82	12.61	0.3	21.55	13.45	16.94	20.29	17.41	16.28	14.23	0.91	14.55	16.33	17.11	5.8	13.62	10.47	14.14	57.13	38.85	2.06	13.18	0.16	0.3	17.19	17.57	17.5	10.32	22.0	19.35	14.09	14.93	7.07	10.88	10.68	17.43	11.14	10.74	15.49	18.42	16.98	14.15	12.34	0.35	13.96	13.09	18.09	11.91	17.36	18.21	21.92	13.61	0.0	11.95	12.79	14.06	17.63	20.04	15.14	18.94	13.53	14.09	7.17	13.94	16.27	11.07	8.23	5.69	0.09	17.7	15.49	7.74	21.28	16.12	16.98	17.3	16.65	16.58	19.36	16.62	11.32	21.44	14.47	21.31	10.12	5.96	8.01	15.41	18.89	9.96	10.43	16.85	19.03	11.62	20.25	15.51	5.5	19.01	20.03	16.53	26.2	19.26	6.98	7.96	16.13	13.38	16.03	14.96	17.83	0.7	17.75	14.59	0.93	14.12	18.47	12.22	8.81	9.7	0.58	0.46	5.56	10.08	7.17	17.83	14.24	0.68	6.67	13.89	14.12	19.98	8.41	0.34	11.99	17.37	18.44	20.3	15.37	10.38	14.24	13.83	15.03	15.21	13.29	22.17	19.78	14.28	13.81	18.23	13.62	21.18	16.04	11.92	17.2	14.56	18.23	12.87	0.24	17.2	13.91	13.13	14.01	18.45
861_1mo	18.2	1.03	9.12	16.86	8.52	11.03	1.19	9.01	17.95	12.63	5.48	9.83	11.59	9.16	10.76	13.57	18.74	12.15	8.89	6.6	8.07	16.65	16.38	16.06	11.69	0.81	10.26	14.7	11.15	1.39	18.53	9.9	3.88	14.2	14.09	9.22	11.01	15.46	21.93	8.56	0.04	104.17	21.98	13.28	104.55	18.98	9.95	11.37	10.76	13.27	11.68	0.04	8.29	17.39	11.8	13.11	1.0	4.08	1.03	19.11	17.09	9.68	19.13	6.93	9.38	96.78	42.36	9.63	0.09	11.12	7.86	11.89	18.75	18.92	7.33	23.63	12.94	16.86	13.29	4.89	17.61	17.33	18.84	14.74	17.46	11.87	13.08	7.99	16.86	8.1	13.86	1.21	17.33	11.14	8.53	18.34	18.64	15.63	13.63	11.95	0.0	12.28	1.0	18.92	16.86	13.69	20.05	11.95	1.0	7.69	1.16	14.7	14.34	3.32	1.25	12.83	25.0	10.61	10.69	21.94	14.23	16.69	17.66	22.57	22.91	13.57	16.58	5.11	18.87	1.12	16.7	16.07	9.47	2.73	10.29	13.33	11.03	14.54	6.48	13.45	1.32	16.18	11.75	7.19	10.71	16.26	17.74	18.65	19.58	5.36	8.56	10.89	11.4	16.04	15.61	13.02	11.14	13.27	15.81	6.35	1.16	13.29	12.36	8.92	8.45	6.72	12.42	11.26	7.06	6.08	11.4	1.19	13.78	3.59	10.89	13.15	16.26	5.81	6.95	8.52	18.49	21.9	13.8	1.22	0.11	14.04	16.25	13.29	11.4	18.57	13.46	11.77	12.56	17.58	15.53	18.82	16.77	17.3	1.14	14.64	1.21	13.1	1.34	10.29	17.68	17.64	10.02	8.24	11.29
748_12mo	25.41	13.99	13.4	12.08	11.76	13.59	14.19	8.64	19.17	14.87	6.81	12.73	14.96	15.48	13.44	12.66	21.66	12.72	16.08	12.16	9.85	17.13	11.3	25.54	17.24	10.55	13.8	12.92	10.32	13.25	11.61	9.75	5.33	10.19	14.56	11.72	10.03	17.77	27.09	15.86	13.57	80.25	20.16	17.54	74.16	22.14	6.76	10.16	14.63	15.15	17.19	13.69	12.3	18.63	12.4	18.82	13.81	5.83	13.91	21.86	26.55	6.95	26.59	6.2	12.47	73.27	48.34	8.17	11.61	10.89	10.17	13.69	19.32	19.31	9.2	21.53	21.18	12.08	14.04	8.98	15.88	15.81	19.3	8.08	15.65	15.2	11.78	16.1	12.08	11.45	15.83	13.88	26.62	14.35	11.87	21.54	21.93	25.74	0.0	12.79	12.28	0.0	13.65	19.29	26.67	12.63	23.65	11.15	13.68	5.61	13.24	13.08	8.73	7.03	6.7	12.65	30.69	17.0	8.97	20.14	13.33	18.26	12.37	27.87	28.32	12.69	14.24	8.9	20.17	13.69	23.96	26.68	8.25	6.62	18.06	12.06	19.59	9.12	13.14	12.04	12.5	15.36	12.15	6.07	18.86	15.38	21.76	19.71	23.08	4.56	9.42	15.61	11.57	14.64	13.9	11.69	11.23	14.5	14.15	7.72	13.85	11.78	16.52	7.98	7.81	7.29	12.76	6.39	7.5	11.67	11.68	13.67	10.31	4.53	10.81	14.16	15.39	6.9	6.68	11.76	21.85	16.99	12.95	14.41	7.98	21.75	12.02	13.98	9.06	25.55	13.64	19.52	16.88	25.24	22.0	26.56	15.16	20.08	13.35	22.72	13.76	11.73	13.88	9.08	11.16	25.04	14.2	17.13	14.26
142_12mo	20.21	0.0	7.4	15.76	9.92	12.37	0.15	8.04	17.51	13.89	5.13	11.41	13.63	9.86	12.3	14.57	18.74	12.49	8.39	8.17	8.53	15.86	16.18	17.77	12.72	0.44	11.73	14.67	11.13	0.18	20.58	9.95	4.45	12.88	14.27	9.37	12.13	13.57	21.18	9.16	0.86	89.87	23.64	13.48	80.19	18.91	9.84	10.82	11.4	14.43	10.5	0.86	7.15	17.04	12.7	14.2	0.0	2.93	0.0	19.02	19.12	11.24	21.25	7.87	7.66	74.59	44.65	11.12	1.09	12.3	9.1	11.5	19.74	19.69	9.65	25.08	15.56	15.76	14.58	5.6	18.33	18.24	19.63	14.16	18.12	13.81	15.3	8.32	15.76	9.57	14.98	0.17	18.86	9.97	9.94	19.87	18.79	16.22	14.59	14.06	1.0	13.65	0.0	19.69	20.6	13.91	20.49	12.1	0.0	8.52	0.69	14.68	13.62	2.26	0.76	14.81	24.65	10.75	10.91	23.96	13.97	18.19	20.11	23.35	23.76	14.64	15.87	4.43	18.34	0.14	19.32	18.0	11.84	2.29	11.83	15.61	12.04	13.94	5.85	15.67	0.65	16.91	16.14	8.01	12.34	17.03	18.22	16.01	20.11	5.7	7.64	12.78	11.22	15.35	15.48	15.01	12.51	13.13	15.53	7.51	0.16	15.34	11.25	9.64	9.48	6.36	14.43	11.76	7.43	5.59	12.57	0.14	13.14	3.14	11.67	13.89	17.03	6.54	7.92	9.92	20.11	22.25	14.83	0.19	0.68	15.05	15.29	14.54	11.77	18.83	11.63	12.11	13.34	20.29	18.09	21.11	17.48	18.67	0.0	16.59	0.21	15.18	0.18	10.09	20.06	20.23	10.21	9.04	10.27
568_12mo	16.49	20.34	28.44	21.28	16.26	17.58	20.38	18.4	16.73	20.25	16.27	18.8	17.57	0.06	17.74	20.32	16.9	22.36	24.43	16.53	16.08	15.4	21.71	15.77	13.97	15.95	17.47	18.16	17.7	17.71	22.15	16.42	13.84	21.66	21.15	15.7	25.01	19.88	18.7	19.25	19.3	69.31	22.18	19.73	69.1	16.79	13.81	23.8	21.56	19.67	23.13	19.44	32.74	16.38	17.7	20.23	19.73	12.39	20.16	16.89	6.55	16.03	16.44	12.16	28.38	50.92	39.68	13.52	14.27	19.4	21.26	15.21	0.0	0.0	12.47	23.54	21.49	21.28	17.05	11.64	22.55	22.4	0.0	19.73	22.49	17.88	20.19	21.97	21.27	15.97	20.22	19.88	17.01	19.25	16.26	16.02	0.18	24.93	21.25	17.63	18.92	19.29	19.69	0.0	6.78	17.8	18.03	15.19	19.72	14.08	19.78	18.99	20.9	11.7	14.02	17.66	22.9	16.79	20.28	22.41	20.1	16.28	21.16	26.14	26.31	20.42	18.67	18.01	17.7	20.6	24.58	16.68	16.04	12.83	18.14	20.86	17.32	21.88	26.97	20.84	14.56	17.04	21.42	10.97	21.55	17.13	17.35	27.21	17.35	15.42	10.74	19.24	16.5	19.99	18.11	19.81	11.82	19.3	17.59	12.15	19.88	20.18	15.85	15.85	12.04	13.07	16.97	14.95	6.32	14.89	18.25	19.73	9.69	11.32	28.0	17.21	17.13	12.07	10.9	16.26	15.96	22.09	21.97	21.74	14.48	21.93	21.55	16.98	18.63	24.53	22.47	16.19	16.23	16.45	15.85	16.34	17.52	19.64	17.25	18.36	20.69	20.13	18.53	16.81	21.96	16.53	15.58	14.56	20.17
430_mother	13.88	21.35	27.7	25.93	15.93	23.57	20.5	16.64	24.38	20.44	16.35	20.69	17.46	6.25	19.87	20.13	16.09	19.31	25.78	18.35	11.21	19.56	22.56	13.03	14.51	16.64	16.06	19.74	15.43	19.87	28.66	14.08	12.83	24.92	18.03	17.69	24.19	27.95	15.53	16.29	20.38	79.86	22.31	20.95	50.32	15.42	13.81	20.16	18.92	18.94	31.61	20.39	30.16	23.88	19.49	18.45	20.62	18.34	21.19	16.1	0.19	21.33	14.11	14.99	25.98	54.74	38.39	14.44	21.62	21.96	23.58	22.81	6.72	6.79	14.26	23.79	18.44	25.93	19.15	16.22	24.47	24.4	6.78	26.14	24.42	17.76	23.36	24.08	25.91	16.34	21.25	20.88	14.62	21.74	16.01	13.19	4.78	20.63	27.81	20.04	16.86	26.67	20.6	6.78	0.0	21.59	14.21	15.6	20.68	15.31	21.37	20.59	25.22	14.49	13.35	21.66	24.12	15.51	22.02	22.85	19.37	14.3	26.77	17.6	16.49	20.29	17.45	17.7	25.25	19.64	27.74	12.83	18.55	15.53	18.9	24.26	14.93	28.05	27.9	24.21	15.67	24.37	28.55	13.15	17.23	24.1	16.56	37.03	14.23	12.34	8.83	17.15	18.14	19.37	18.56	23.15	16.07	16.87	17.97	16.38	20.72	23.33	15.85	15.31	11.95	19.02	19.7	23.48	9.59	19.46	22.8	20.87	15.92	17.72	26.08	21.11	24.11	13.31	11.59	15.93	13.26	31.46	21.62	21.67	16.34	22.55	26.15	19.13	21.76	17.84	31.45	16.42	19.29	13.93	12.1	14.11	23.51	22.69	19.8	14.44	19.56	23.29	19.87	16.97	28.0	13.91	14.17	18.71	23.41
710_mother	23.57	13.91	12.12	16.37	12.69	10.66	14.56	8.76	18.85	16.25	1.05	14.03	12.78	17.42	7.33	14.06	20.0	14.53	17.59	11.46	10.27	17.69	12.22	22.42	15.37	9.71	14.61	1.4	10.95	13.06	12.79	10.59	5.27	16.58	15.84	10.74	16.54	14.72	18.5	10.91	13.4	80.07	22.54	14.61	75.87	20.44	1.63	13.8	10.41	16.41	15.31	13.48	15.82	18.31	13.94	13.43	13.97	5.28	13.82	20.48	19.51	10.7	24.51	5.83	12.07	72.45	38.33	9.18	10.4	13.13	15.48	15.33	17.69	17.8	12.37	23.42	15.01	16.37	15.0	2.75	15.07	14.97	17.73	16.58	14.85	12.7	10.5	16.66	16.37	12.69	15.86	13.05	22.84	12.26	12.71	20.82	21.7	13.75	13.1	15.14	13.69	12.63	13.91	17.8	21.59	0.0	19.66	0.96	13.94	9.5	13.6	1.36	16.57	5.58	6.28	16.17	26.13	10.52	13.06	22.73	1.25	11.29	12.94	23.71	23.42	14.14	2.73	9.5	18.89	14.14	28.71	26.19	10.73	5.02	14.49	10.53	16.85	18.35	11.45	10.5	12.96	16.92	11.11	8.98	11.55	17.0	18.69	20.26	20.24	4.88	9.2	11.33	0.72	7.11	5.61	10.22	11.85	14.12	5.91	6.23	14.12	10.5	12.7	3.23	7.02	11.33	15.88	10.41	6.72	9.26	9.01	14.31	8.48	5.82	15.85	14.5	17.0	4.99	7.39	12.69	20.97	22.65	14.04	14.89	7.95	15.75	15.86	15.0	3.93	20.0	16.92	15.74	13.52	23.81	20.41	24.33	17.93	19.47	12.59	16.31	14.21	10.34	13.55	13.76	12.98	23.81	11.41	7.27	13.8
183_mother	16.97	20.57	27.76	18.15	14.51	19.69	20.29	15.29	26.48	19.5	12.74	17.23	12.58	21.37	11.47	16.29	7.05	17.26	22.64	15.72	15.2	18.17	21.88	16.93	16.76	15.25	18.1	17.68	13.39	20.63	26.83	13.62	12.5	18.03	14.96	12.06	18.51	27.75	24.3	13.29	20.29	72.41	9.31	16.18	50.25	7.19	12.28	15.95	17.22	20.08	26.56	20.1	25.54	26.4	20.96	12.94	20.54	11.53	20.5	7.1	15.42	17.88	17.15	9.29	27.9	58.2	38.94	9.9	16.14	17.63	22.64	23.25	18.17	18.03	11.66	9.44	17.07	18.15	21.19	10.94	24.13	24.04	18.03	20.54	23.88	12.48	20.65	22.54	18.15	14.3	19.86	20.66	16.94	19.56	14.55	0.0	19.84	25.77	24.01	18.94	20.05	23.65	20.49	18.03	14.21	19.66	0.0	15.67	20.53	15.74	20.88	17.74	20.9	8.12	16.27	19.58	22.79	21.67	13.79	9.6	18.22	17.37	26.74	23.01	22.93	16.44	17.68	17.01	27.26	20.78	32.49	16.2	17.94	15.57	13.97	20.7	11.91	17.76	22.19	20.68	17.9	23.26	26.31	14.38	13.73	22.71	18.73	31.6	0.04	12.0	9.27	12.34	16.47	11.46	12.67	20.28	12.38	17.22	12.63	13.93	20.52	20.7	13.15	11.99	13.9	19.0	19.53	18.97	10.79	15.48	18.01	20.6	22.06	13.43	19.52	22.28	22.71	10.1	9.33	14.51	0.0	29.44	16.31	20.68	11.81	20.11	17.81	21.12	15.09	20.64	25.35	16.77	7.22	18.48	17.96	17.59	22.71	19.66	20.34	16.57	20.73	20.5	20.69	17.17	26.98	17.98	15.4	8.78	21.06
163_father	19.17	12.4	10.86	12.73	10.83	9.44	12.09	7.42	14.3	13.32	0.04	11.7	12.85	13.65	6.65	11.3	18.04	13.17	14.99	9.09	7.98	14.44	9.38	17.22	14.06	8.15	12.26	0.04	8.33	10.65	13.17	7.34	4.04	10.83	11.49	8.55	13.35	12.82	16.16	8.35	11.64	87.02	19.56	12.44	63.03	18.32	0.49	10.07	8.27	12.99	13.45	11.66	13.99	14.04	12.34	11.06	12.1	3.58	12.3	18.4	13.58	8.61	20.2	4.6	10.77	67.8	39.38	8.3	9.52	12.39	12.9	13.69	15.12	15.21	10.81	20.5	12.09	12.73	14.04	2.45	12.61	12.6	15.14	12.63	12.39	13.02	9.79	14.47	12.72	11.08	12.95	11.03	20.35	10.04	10.86	16.55	16.8	10.78	11.45	13.53	11.95	11.15	12.1	15.19	15.6	0.96	15.67	0.0	12.1	7.81	11.91	0.04	12.34	4.18	4.5	13.73	23.4	7.93	9.62	19.81	0.25	9.01	13.08	17.77	17.62	11.38	1.82	7.74	14.68	12.49	26.57	19.37	8.95	3.62	14.31	10.05	14.59	12.76	9.1	10.02	10.5	15.11	10.58	7.22	8.27	14.97	13.76	19.18	15.75	4.03	6.22	10.68	0.13	4.98	4.78	9.58	9.05	11.85	5.06	5.12	12.19	9.79	9.34	2.4	5.97	8.64	13.95	10.27	5.81	7.24	8.44	12.36	7.82	3.58	13.07	14.3	14.97	4.22	6.66	10.83	16.7	18.46	11.81	12.72	6.29	14.14	12.42	14.03	1.36	17.04	14.73	15.81	12.65	20.09	16.21	20.01	14.98	19.7	10.83	13.78	12.49	9.74	11.08	11.37	12.78	20.06	8.65	7.36	11.65
142_7mo	20.15	0.0	7.4	15.74	9.94	12.37	0.15	8.05	17.54	13.88	5.14	11.37	13.69	9.86	12.33	14.55	18.78	12.49	8.4	8.17	8.53	15.93	16.22	17.67	12.72	0.47	11.76	14.69	11.13	0.18	20.61	9.91	4.5	12.85	14.32	9.39	12.15	13.55	21.22	9.18	0.86	89.92	23.72	13.49	80.09	18.96	9.84	10.79	11.4	14.43	10.51	0.86	7.15	17.05	12.68	14.23	0.0	2.94	0.0	19.06	19.16	11.25	21.18	7.92	7.66	74.59	44.72	11.15	1.09	12.3	9.1	11.51	19.77	19.72	9.67	25.17	15.6	15.74	14.61	5.6	18.35	18.28	19.66	14.19	18.17	13.86	15.28	8.32	15.74	9.59	14.97	0.17	18.78	9.99	9.96	19.91	18.79	16.23	14.6	14.09	1.0	13.68	0.0	19.72	20.68	13.94	20.53	12.1	0.0	8.53	0.69	14.71	13.65	2.26	0.76	14.83	24.69	10.75	10.88	24.05	13.99	18.22	20.19	23.28	23.69	14.62	15.89	4.43	18.37	0.14	19.34	18.01	11.84	2.29	11.86	15.59	12.06	13.91	5.85	15.65	0.69	16.98	16.25	8.01	12.35	17.09	18.25	16.02	20.15	5.72	7.64	12.83	11.22	15.37	15.5	14.99	12.53	13.13	15.56	7.52	0.16	15.33	11.25	9.66	9.5	6.36	14.45	11.76	7.45	5.54	12.58	0.14	13.14	3.15	11.65	13.92	17.09	6.55	7.93	9.94	20.16	22.26	14.83	0.15	0.68	15.07	15.27	14.56	11.79	18.85	11.64	12.11	13.35	20.29	18.08	21.04	17.54	18.68	0.0	16.47	0.21	15.16	0.18	10.09	20.12	20.24	10.23	9.07	10.29
719_mother	14.06	8.73	10.85	1.93	5.22	8.5	8.54	1.48	13.83	7.86	4.13	9.84	10.1	10.33	6.88	9.93	15.52	6.2	12.14	5.26	4.53	14.65	7.97	14.78	14.06	5.59	8.09	10.52	5.26	8.16	12.07	7.13	4.08	1.36	10.23	9.4	5.14	15.68	17.66	7.39	8.22	91.04	18.49	11.92	63.14	16.17	3.98	1.93	8.62	7.94	14.39	8.3	8.08	13.3	8.94	11.3	8.49	3.26	8.62	15.87	13.47	2.81	15.19	4.57	10.88	65.76	42.06	4.55	8.11	6.08	6.42	9.77	14.26	14.1	7.97	19.87	13.43	1.93	0.04	4.24	10.49	10.5	14.03	3.7	10.38	10.2	7.9	11.98	1.93	5.31	8.21	8.64	14.46	10.07	5.24	14.85	14.52	17.86	5.62	7.17	7.69	5.61	8.52	14.08	15.31	9.5	15.74	7.81	8.53	0.0	8.32	10.75	3.58	3.0	1.73	7.35	15.86	11.98	1.42	18.17	10.67	14.51	11.63	14.29	14.4	10.01	10.52	5.66	14.45	8.91	19.85	13.9	3.39	2.56	10.68	8.1	13.33	1.47	10.06	8.1	8.21	11.9	11.06	2.58	11.01	11.66	12.95	18.12	15.16	3.41	5.16	9.78	8.55	12.14	10.7	7.67	4.54	9.27	10.82	2.66	8.67	7.96	8.75	3.53	3.6	4.65	7.16	3.37	1.27	5.77	6.53	8.73	8.71	2.49	4.74	0.0	11.66	2.89	4.67	5.22	15.0	9.71	10.67	8.96	5.74	10.49	1.74	0.04	6.89	13.34	13.06	15.66	10.28	14.69	12.82	14.94	11.67	17.57	8.16	13.7	8.9	7.82	8.44	2.96	11.41	14.67	8.61	8.93	11.95
178_12mo	18.94	0.7	7.88	15.78	9.27	12.28	0.74	8.02	17.95	14.9	5.14	11.49	12.46	10.0	12.24	14.3	18.36	12.45	9.49	8.67	8.28	16.94	16.54	17.53	11.99	0.52	11.29	14.68	11.11	0.29	20.57	9.84	4.19	12.93	14.41	9.84	12.13	15.06	22.16	8.54	1.5	85.32	23.52	13.16	74.18	18.5	9.09	10.57	12.31	15.36	11.02	1.49	7.37	17.44	12.91	13.85	0.69	3.32	0.7	18.62	19.9	10.79	20.0	7.42	8.19	73.9	42.56	10.34	1.99	11.66	8.76	11.22	19.65	19.78	8.85	25.02	15.29	15.78	14.05	5.37	18.5	18.4	19.71	14.52	18.27	12.61	14.99	9.18	15.78	8.8	15.71	0.82	17.44	10.68	9.28	19.39	19.43	16.83	14.36	13.94	1.16	13.24	0.69	19.78	21.37	13.6	20.88	11.91	0.69	8.32	0.0	14.69	13.82	2.52	0.84	14.65	25.58	11.12	10.6	23.79	14.67	18.41	20.14	24.2	24.62	14.38	16.05	5.14	18.76	0.71	18.0	16.72	11.07	2.77	11.06	15.32	11.0	13.97	6.41	15.37	0.27	16.55	15.71	8.13	12.43	16.55	18.08	14.82	20.62	5.51	7.41	11.98	11.71	15.79	15.22	14.67	12.42	13.26	15.33	7.21	0.79	15.04	11.25	9.51	8.94	6.27	14.44	11.01	7.21	5.66	12.48	0.77	13.32	3.37	11.85	13.28	16.55	6.12	7.39	9.27	19.57	19.19	14.6	0.82	0.79	14.83	15.32	14.0	11.6	18.57	12.97	12.09	13.03	18.98	19.54	19.75	17.18	17.66	0.76	17.06	0.79	14.86	0.86	10.73	19.74	19.02	11.04	7.87	10.6
369_1mo	24.02	14.68	13.1	14.56	13.38	11.58	15.38	9.86	16.86	17.06	0.82	14.72	14.42	18.08	8.11	13.37	21.17	15.64	16.42	12.38	10.96	19.15	11.55	22.64	17.18	10.46	15.34	0.0	10.48	14.08	14.1	10.13	6.2	13.97	14.65	10.3	16.34	14.87	17.73	11.64	14.16	91.5	19.89	13.42	77.11	21.55	0.86	12.39	11.24	17.26	16.28	14.23	16.89	16.64	14.56	13.83	14.74	6.56	14.59	21.48	18.54	10.74	24.99	6.83	12.82	74.46	41.14	10.64	11.54	13.99	16.0	15.67	18.9	18.99	13.04	20.29	14.87	14.56	16.65	3.6	14.23	14.15	18.92	16.45	14.02	14.35	12.0	18.16	14.56	13.38	16.76	13.86	23.91	13.06	13.4	19.27	21.49	13.59	13.61	16.27	14.7	13.08	14.68	18.99	20.59	1.36	17.74	0.04	14.71	10.75	14.69	0.0	16.54	6.25	7.19	16.58	27.72	10.91	11.51	20.1	0.08	11.15	14.25	24.1	23.82	13.45	1.97	9.96	16.87	14.65	29.78	26.37	11.7	5.35	15.77	12.03	17.49	15.33	12.42	12.01	13.86	17.48	11.21	9.88	11.7	17.31	17.61	20.21	18.47	6.3	9.18	13.01	0.09	5.56	5.85	11.78	10.98	14.12	6.15	6.91	14.88	11.99	12.53	3.99	8.36	11.49	16.97	11.74	8.61	11.16	10.63	15.09	9.43	5.97	15.64	16.13	17.31	6.19	8.68	13.38	19.42	21.17	13.33	15.72	9.01	17.27	14.12	16.65	2.09	19.39	17.14	17.6	14.97	25.25	21.2	24.8	18.26	20.74	13.51	17.44	14.72	11.94	14.57	14.16	14.24	25.25	10.77	9.45	14.18
144_father	24.31	14.01	16.13	7.08	11.99	12.96	14.01	4.9	17.65	11.29	7.69	15.6	14.69	15.44	14.11	12.6	20.81	9.85	20.9	9.86	6.99	14.66	14.42	24.0	18.87	10.56	13.92	16.52	7.53	13.09	13.69	10.6	6.34	6.89	12.0	15.26	9.79	22.38	25.26	14.1	13.47	78.23	21.0	19.47	72.18	21.56	6.75	7.51	14.0	11.43	20.58	13.41	15.61	17.29	9.24	19.56	13.66	4.75	13.92	21.12	24.48	5.6	25.72	6.1	15.31	86.2	44.61	7.89	10.78	8.91	9.22	13.28	20.82	20.9	12.04	22.65	23.45	7.08	12.51	9.62	16.4	16.31	20.82	0.14	16.2	15.11	9.72	18.76	7.08	12.31	12.47	13.72	24.16	14.67	12.0	20.28	22.87	26.35	7.78	11.07	14.34	8.73	13.62	20.9	25.22	16.57	20.9	12.34	13.65	3.58	13.82	16.54	0.0	7.5	6.39	11.68	24.86	18.74	5.49	21.28	16.3	17.69	14.26	22.71	22.76	12.69	17.66	10.6	18.24	13.4	24.98	23.22	8.0	6.61	19.35	9.99	19.29	6.16	16.11	9.96	12.85	12.48	12.85	0.16	20.22	12.08	16.86	24.81	20.43	4.99	8.56	14.65	14.4	18.07	17.17	9.34	9.68	11.67	17.21	7.49	13.72	9.77	14.68	8.3	4.32	8.3	11.19	7.25	5.81	8.65	9.14	13.96	9.21	6.13	10.66	15.16	12.08	5.68	6.87	11.99	20.47	12.95	12.81	14.42	10.92	19.28	6.88	12.51	11.66	21.14	18.89	18.96	14.61	23.88	18.97	25.43	11.57	22.04	12.82	23.96	13.38	9.57	13.07	6.59	13.57	23.88	13.86	13.62	15.42
116_mother	12.24	2.31	1.68	8.82	4.6	5.43	2.74	1.72	14.16	8.06	1.14	5.43	6.56	7.38	6.95	8.72	1.88	6.78	6.22	4.57	3.31	11.63	5.34	11.06	8.97	1.9	6.75	6.15	7.11	2.58	8.6	4.17	1.54	5.55	8.44	4.74	6.04	7.48	11.42	3.99	2.8	76.86	14.15	7.9	63.58	2.18	3.84	4.45	5.35	8.12	6.18	2.94	3.52	13.59	9.42	7.42	2.42	1.22	2.32	2.19	12.65	6.09	13.29	2.52	1.67	60.21	34.28	5.27	2.91	6.26	5.73	8.5	11.76	11.72	2.42	15.38	9.2	8.81	8.16	1.64	7.17	7.28	11.65	7.45	6.95	6.55	8.34	4.82	8.82	4.68	8.23	2.59	11.57	5.19	4.61	7.87	13.62	9.1	7.6	8.23	3.32	7.03	2.26	11.7	14.49	5.58	8.12	4.18	2.26	3.0	2.52	6.25	7.5	0.0	1.07	8.8	17.59	3.94	4.52	14.01	5.06	8.3	8.72	14.5	14.84	8.81	6.56	0.0	14.78	2.58	14.36	9.85	5.76	0.87	6.61	8.59	6.64	6.64	1.88	8.56	2.99	13.24	6.8	3.87	7.41	13.37	11.95	13.68	8.4	1.03	2.89	6.1	3.44	7.06	6.9	8.1	7.3	9.66	7.23	3.47	2.49	8.34	4.31	2.81	5.52	5.01	8.58	4.56	2.9	3.4	7.12	2.49	4.38	1.37	5.48	7.84	13.37	1.91	2.67	4.6	8.01	14.49	9.37	2.66	1.26	10.53	8.4	8.16	6.54	12.24	9.02	10.85	1.76	12.6	11.88	13.09	14.09	10.45	2.14	10.42	2.68	8.29	2.5	4.39	8.13	12.59	4.62	1.88	5.81
387_father	11.45	0.76	6.2	6.41	3.65	7.52	0.72	2.73	10.36	5.43	2.17	7.24	7.7	6.55	4.53	7.54	15.39	5.12	7.51	4.04	3.97	11.33	7.89	12.16	10.79	0.76	5.16	7.19	3.06	0.84	11.39	4.83	1.96	6.28	8.19	7.03	7.13	11.46	14.26	4.81	1.33	94.76	19.72	11.51	73.58	15.66	2.78	5.82	6.17	5.81	9.88	1.33	4.9	10.02	6.76	9.08	0.66	1.19	0.76	15.68	10.76	3.57	12.86	4.2	6.1	77.5	38.11	5.0	2.02	5.41	3.09	6.62	13.93	14.02	6.52	20.96	11.25	6.41	2.32	2.33	10.45	10.54	13.93	6.51	10.19	7.59	8.84	6.36	6.41	3.65	5.99	0.91	10.43	7.4	3.66	16.4	13.28	10.81	6.64	5.69	1.25	6.7	0.76	14.02	13.35	6.28	16.27	4.5	0.76	1.73	0.84	7.19	6.39	1.07	0.0	5.64	14.65	6.66	5.01	20.05	7.47	12.26	11.82	12.3	12.23	7.64	8.12	2.34	10.36	0.81	16.84	10.52	4.02	0.63	9.39	8.9	8.95	6.59	4.63	8.85	1.11	12.03	10.64	3.34	8.46	11.82	9.34	13.1	16.7	2.7	2.51	7.51	5.49	10.15	8.87	8.4	1.98	5.76	9.36	1.31	0.91	8.9	6.77	2.11	2.86	1.77	6.1	4.98	1.45	4.13	6.91	0.92	7.16	1.17	6.88	3.82	11.82	2.2	2.92	3.65	16.6	10.55	7.53	0.87	0.63	6.46	6.02	2.32	4.8	10.37	9.67	10.87	8.77	12.5	11.07	12.56	11.76	17.88	0.82	10.1	0.81	8.77	0.78	3.88	11.19	12.5	6.44	6.02	8.39
999_father	14.72	15.23	15.15	14.4	12.03	15.45	15.48	5.85	22.19	0.2	11.66	13.82	15.99	15.36	7.29	20.42	16.34	0.32	19.48	1.19	7.22	9.27	12.08	13.76	17.88	12.78	12.0	16.05	14.65	12.87	18.97	13.49	9.47	12.63	17.22	16.6	14.1	19.71	18.93	13.6	14.24	86.8	21.71	14.16	69.67	16.83	9.68	12.22	12.77	0.25	21.52	14.2	17.98	21.58	17.39	18.02	14.99	0.69	15.31	16.58	19.06	6.07	14.8	10.86	14.23	56.43	38.61	2.17	13.13	0.33	0.29	19.14	17.6	17.68	10.46	22.93	21.12	14.4	15.88	7.06	11.67	11.45	17.62	11.41	11.4	16.27	18.94	17.7	14.39	12.33	0.88	14.73	14.79	17.9	12.07	17.72	20.53	23.89	13.71	0.09	12.83	12.65	14.81	17.66	21.66	16.17	19.58	13.73	14.83	7.35	14.65	16.58	11.68	8.8	5.64	0.0	18.95	16.47	7.8	22.22	16.1	17.13	18.17	17.03	16.83	20.5	16.5	11.1	22.9	14.59	21.05	12.45	6.34	8.14	14.92	19.52	9.72	10.2	17.35	19.56	12.52	20.86	16.98	5.79	20.45	20.7	16.77	25.4	19.88	6.78	8.79	16.99	14.43	16.0	15.12	18.63	1.71	18.64	14.76	1.11	14.86	19.0	14.53	9.56	10.01	0.66	0.34	5.89	10.39	8.54	18.82	14.72	0.39	6.47	13.82	15.36	20.7	9.31	0.19	12.03	17.77	19.44	21.66	16.04	11.0	14.82	14.06	15.87	15.19	13.32	21.54	20.09	14.51	13.71	18.05	14.8	21.58	16.62	12.77	17.02	14.67	18.74	13.55	0.47	18.14	13.7	13.07	14.37	17.42
605_mother	21.64	24.65	27.88	35.35	20.9	20.96	23.35	18.61	34.74	18.28	21.59	27.08	21.54	21.07	20.61	31.28	25.55	16.15	26.11	16.37	14.82	21.17	29.5	23.1	22.47	19.94	20.02	26.47	26.67	24.11	36.05	22.52	20.11	31.02	25.94	23.04	26.8	32.62	23.57	21.08	24.73	64.35	25.41	18.85	49.1	25.04	21.37	24.46	18.58	18.09	33.93	24.88	28.98	34.08	31.89	21.39	24.93	19.14	24.52	25.63	22.78	26.41	21.8	16.65	28.14	43.34	39.01	14.72	31.75	15.95	18.43	25.92	22.6	22.9	20.3	26.03	23.23	35.35	18.11	15.77	32.69	32.18	22.92	25.29	32.64	21.58	33.57	24.44	35.35	20.9	18.26	25.54	22.64	27.01	20.94	21.05	22.31	23.82	30.79	17.7	25.0	30.69	24.65	22.9	24.12	26.13	22.79	23.4	24.69	15.86	25.58	27.72	24.86	17.59	14.65	18.95	0.0	19.57	26.63	25.58	25.88	21.51	36.93	20.88	20.61	31.39	26.76	22.47	34.89	24.7	26.1	20.83	22.46	19.34	24.21	33.53	22.97	34.5	27.47	33.62	18.34	35.97	33.35	13.5	22.24	35.17	23.54	37.66	24.56	21.19	18.29	20.93	20.32	25.66	26.37	33.25	11.49	27.83	26.59	14.47	25.03	33.53	21.83	18.91	17.15	18.37	17.33	27.77	20.36	18.29	30.18	24.6	18.64	22.29	27.38	22.1	35.17	17.2	12.44	20.9	20.36	41.28	32.58	25.45	18.03	14.92	35.03	18.05	27.12	21.25	35.35	24.36	21.37	19.5	17.21	21.1	35.17	25.38	23.58	14.93	24.67	33.4	24.75	15.86	37.13	20.27	21.22	24.83	31.56
789_12mo	18.37	11.03	10.01	20.16	10.52	13.99	10.91	10.82	21.21	16.54	5.89	9.16	12.92	13.9	11.12	17.03	19.0	15.56	16.29	11.37	10.92	14.56	12.25	18.73	17.41	8.28	11.04	10.7	14.51	11.41	18.22	12.28	5.41	16.75	15.65	11.18	17.28	7.57	15.58	6.91	10.49	76.22	19.67	14.84	53.53	18.64	8.6	14.08	11.12	15.32	12.78	10.8	13.88	20.62	19.17	2.61	10.97	5.57	10.93	19.37	13.59	15.71	19.56	5.94	9.29	57.77	36.88	9.53	8.97	14.61	15.84	15.34	16.87	16.81	11.22	21.13	0.19	20.16	17.36	3.53	14.83	14.68	16.74	18.95	14.73	13.1	16.55	15.44	20.14	10.77	16.68	11.45	19.3	10.17	10.55	19.37	20.16	0.13	17.38	15.49	10.61	17.0	10.75	16.79	15.51	10.52	21.67	7.93	10.75	11.98	11.12	10.91	18.74	3.94	6.66	16.47	19.57	0.0	14.47	19.96	9.11	8.85	18.0	14.86	14.76	17.12	11.18	5.96	22.03	10.76	21.74	18.01	14.71	6.21	15.55	17.22	15.02	20.27	9.37	17.04	9.5	20.78	12.12	12.06	0.11	20.36	19.57	20.48	21.65	8.73	10.6	13.12	8.35	14.28	14.33	16.26	8.77	17.95	14.55	10.32	11.08	16.55	8.49	9.02	11.81	10.6	15.74	14.02	8.11	10.51	16.95	11.09	10.81	4.5	17.15	20.9	20.36	8.33	7.92	10.52	19.52	25.95	17.84	11.41	6.45	12.02	19.88	17.35	11.7	14.39	12.94	19.42	13.41	19.13	15.48	19.37	20.37	20.39	11.26	13.65	10.76	16.64	11.5	14.05	17.81	19.11	11.28	7.49	12.56
968_mother	20.55	10.91	13.09	0.28	8.86	12.27	11.54	1.23	16.84	7.42	5.18	13.54	13.05	13.93	9.94	9.65	17.86	8.2	13.62	6.97	8.61	15.17	11.01	20.7	16.6	7.82	11.65	11.5	5.95	11.03	12.24	8.88	4.7	0.31	10.13	12.45	7.07	17.54	23.03	11.29	10.29	93.2	15.86	12.86	74.66	18.68	4.36	0.29	10.49	8.25	16.84	10.52	11.73	16.76	10.31	14.66	11.03	3.3	10.91	18.02	21.32	3.9	21.92	5.47	12.06	91.55	40.97	6.13	9.64	7.44	7.72	15.41	20.69	20.28	10.36	16.38	16.6	0.28	11.97	5.75	12.39	12.47	20.2	6.05	12.3	12.9	10.26	14.65	0.28	8.86	9.34	11.12	19.6	13.53	8.87	13.89	21.59	20.64	7.81	7.74	10.69	8.97	10.91	20.28	22.02	13.06	13.79	9.62	10.88	1.42	10.6	11.51	5.49	4.52	5.01	7.8	26.63	14.47	0.0	15.29	12.37	14.4	12.78	23.41	23.67	9.74	12.73	6.93	17.19	10.09	20.7	19.8	6.02	4.5	14.01	10.48	14.62	0.22	11.58	10.27	11.37	13.4	11.5	4.27	14.29	13.09	17.24	15.45	14.61	4.64	8.17	13.4	11.34	13.61	13.39	9.89	8.23	11.22	13.88	5.09	11.12	10.25	9.92	5.84	5.94	5.4	7.84	6.1	5.77	7.07	8.73	11.17	10.16	3.86	7.93	11.5	13.09	5.68	6.43	8.86	14.07	6.55	9.59	11.56	7.42	18.26	0.05	11.97	7.16	18.55	14.24	16.6	12.6	20.76	18.98	21.64	13.45	20.1	11.04	20.38	10.22	10.38	11.24	3.09	11.89	20.76	11.71	12.58	13.27
276_1mo	22.49	24.6	29.55	22.55	15.11	20.57	25.64	19.29	29.48	23.21	15.03	18.13	13.74	24.49	14.71	17.91	15.9	23.7	23.01	20.09	17.06	17.17	20.25	24.14	21.16	16.01	17.07	20.09	18.33	27.13	28.51	15.11	13.42	20.67	17.92	14.84	19.66	26.75	28.61	17.54	23.61	72.31	0.0	14.29	56.16	16.24	17.9	18.46	20.8	24.29	25.91	23.46	26.94	29.13	22.15	11.52	24.11	15.69	24.54	16.06	22.96	21.23	22.72	5.02	27.83	53.44	34.47	9.55	22.23	20.11	26.2	25.54	22.62	22.41	12.83	0.0	14.81	22.55	25.25	12.27	23.49	23.38	22.35	21.06	23.37	14.13	20.63	25.23	22.55	15.14	25.28	24.34	23.3	20.54	15.13	10.53	26.56	23.67	21.66	21.28	21.94	20.14	23.96	22.41	22.85	22.73	9.6	19.81	24.05	18.17	23.79	20.1	21.28	14.01	20.05	22.22	25.58	19.96	15.29	0.0	20.15	13.64	27.56	30.96	31.23	18.04	20.61	17.82	30.99	23.25	31.49	23.84	20.43	16.63	15.28	21.05	15.91	22.9	24.01	21.1	20.42	24.13	27.63	14.5	12.84	23.65	24.56	30.89	10.36	13.67	12.68	14.55	19.94	14.15	15.64	20.34	14.22	21.53	15.55	16.22	24.01	20.68	13.39	16.44	17.32	19.54	21.39	22.34	16.98	16.33	21.42	24.22	22.66	14.03	20.57	28.91	23.65	12.17	11.37	15.11	10.57	33.45	18.06	26.48	11.47	22.67	22.3	25.19	17.5	29.28	25.63	23.61	14.8	23.14	20.92	22.91	24.94	18.49	25.09	19.56	23.27	20.45	27.85	19.16	28.05	22.88	18.88	17.56	23.78
748_24mo	21.28	14.28	13.75	13.91	12.6	12.45	13.48	10.03	16.33	16.7	0.96	14.17	13.24	16.43	8.8	12.87	21.14	15.81	16.82	12.02	11.01	17.48	12.57	21.39	17.85	10.08	14.11	0.16	9.84	14.36	14.07	10.22	6.57	13.47	14.89	10.69	16.38	13.72	17.03	11.31	13.46	92.65	19.9	14.25	63.42	21.52	1.16	12.43	11.08	16.05	17.31	13.55	17.15	16.27	14.6	12.51	14.03	6.36	14.19	21.41	17.76	11.99	22.32	6.95	13.49	71.0	41.5	9.81	11.72	15.52	16.52	15.52	19.44	20.12	11.9	20.76	14.57	13.91	16.74	3.8	15.85	15.72	20.11	16.22	15.62	13.39	12.44	18.76	13.91	12.08	16.1	14.27	22.27	13.23	12.71	17.18	20.54	14.05	13.01	16.12	14.23	13.33	13.97	20.1	19.37	1.25	18.22	0.25	13.99	10.67	14.67	0.08	16.3	5.06	7.47	16.1	25.88	9.11	12.37	20.15	0.0	11.04	14.18	21.44	21.09	12.95	1.82	8.68	16.25	13.71	29.3	22.1	12.24	5.75	17.1	12.73	19.12	15.17	12.67	12.71	13.84	17.55	11.84	9.93	11.23	17.4	16.74	22.82	18.44	6.71	9.52	12.37	0.24	5.3	6.48	12.36	10.48	13.2	6.64	7.83	14.28	12.42	13.16	4.02	8.33	11.11	16.48	12.81	8.45	11.1	11.54	13.73	9.94	6.8	15.89	17.58	17.41	6.47	7.57	12.6	17.08	22.83	13.35	14.6	9.66	15.97	13.83	16.73	2.41	18.97	17.01	19.19	13.82	22.32	17.67	21.98	17.44	20.55	14.04	16.67	13.7	12.37	14.34	14.44	13.65	22.47	10.58	9.03	14.76
802_mother	20.66	18.66	16.91	20.74	15.13	17.32	18.09	14.33	23.08	17.15	8.94	15.49	15.36	17.2	12.25	14.34	20.78	18.17	22.59	12.49	13.61	15.02	13.7	21.95	17.93	11.78	15.14	11.24	12.68	17.06	14.92	11.22	8.31	20.06	14.5	10.93	19.14	16.63	14.38	13.18	17.75	74.36	13.65	15.35	52.58	21.08	9.19	18.21	16.4	16.98	21.81	17.91	21.46	23.06	17.91	8.3	18.13	9.9	18.46	21.09	12.88	14.79	21.83	5.65	16.88	60.6	33.55	8.01	12.67	17.39	20.87	22.77	16.2	16.28	13.86	14.47	9.66	20.74	19.67	9.22	14.11	13.99	16.2	17.33	13.98	15.6	17.32	18.63	20.74	15.49	17.17	18.34	20.43	16.41	15.16	16.99	20.59	11.42	18.94	16.98	16.69	18.26	18.19	16.28	14.3	11.29	17.37	9.01	18.22	14.51	18.41	11.15	17.69	8.3	12.26	17.13	21.51	8.85	14.4	13.64	11.04	0.0	14.68	22.93	22.8	14.44	12.38	11.36	23.81	18.75	27.61	21.43	14.86	11.52	13.8	17.76	19.2	19.32	17.34	17.78	14.46	20.22	14.42	11.51	7.84	20.4	15.56	28.94	17.78	7.03	9.17	15.17	9.92	17.57	17.61	16.95	11.06	15.91	17.67	13.64	18.34	17.37	9.38	8.21	11.24	15.72	17.02	15.16	9.74	10.91	16.41	18.2	9.72	7.77	19.38	21.2	20.4	8.72	9.63	15.13	17.16	26.64	14.66	18.5	10.77	15.99	20.54	19.67	13.0	21.47	23.09	18.01	15.39	21.58	14.23	21.62	19.68	17.28	17.19	16.58	18.72	17.22	17.05	16.09	15.05	21.58	11.88	9.99	16.69
806_24mo	31.27	20.72	10.85	13.26	20.94	17.47	21.63	14.44	21.93	17.45	10.48	15.83	17.75	26.24	14.08	13.91	26.41	16.17	21.66	12.78	13.96	18.04	8.05	30.06	27.85	14.85	24.07	13.98	11.13	20.25	1.07	12.84	4.01	13.66	20.53	17.61	13.44	19.15	24.07	16.69	19.64	70.35	27.26	22.78	70.5	27.53	10.18	13.14	20.61	17.86	18.74	19.63	16.62	21.72	13.01	22.1	20.31	7.45	20.64	26.89	26.4	14.99	32.45	5.17	10.94	77.93	41.75	12.34	13.37	14.16	19.41	21.65	21.51	21.18	17.8	28.86	23.3	13.25	21.42	14.21	11.59	11.48	21.12	14.03	11.44	18.06	14.79	20.32	13.25	21.09	17.43	18.53	33.36	16.86	21.01	26.85	29.73	22.17	12.79	17.3	17.66	12.37	20.11	21.16	26.77	12.94	26.74	13.08	20.19	11.63	20.14	14.25	14.26	8.72	11.82	18.17	36.93	18.0	12.78	27.56	14.18	14.68	0.0	27.83	27.81	13.95	15.51	10.53	23.18	21.95	31.75	33.72	14.4	9.06	19.52	15.23	25.02	14.14	15.53	15.13	17.43	18.79	0.16	12.86	17.92	19.42	24.53	25.97	26.14	2.31	11.93	15.69	12.68	21.12	19.28	14.48	17.4	15.01	19.05	14.31	20.21	14.81	22.36	1.28	14.41	16.89	17.56	11.5	7.49	13.77	12.16	20.7	7.97	7.98	15.51	19.71	19.42	9.63	11.35	20.94	27.36	20.87	14.89	22.05	14.42	27.07	13.23	21.36	15.34	25.77	23.19	29.16	20.06	33.33	29.33	32.67	19.83	18.94	19.35	23.2	21.97	14.74	20.56	15.48	0.0	32.83	18.23	16.44	17.39
208_24mo	17.68	23.53	22.61	25.8	20.61	22.75	19.3	12.86	28.85	15.23	17.98	23.09	20.78	17.41	20.38	24.34	24.0	14.17	29.99	12.83	0.96	16.88	24.46	15.19	25.18	21.45	21.36	22.92	17.38	19.0	27.4	16.94	15.01	23.21	17.57	22.72	22.36	29.74	24.59	17.22	23.15	86.78	30.29	24.19	71.73	23.94	14.0	20.8	14.95	14.58	32.52	23.31	23.95	28.25	23.92	22.66	23.54	14.11	23.45	24.01	18.1	18.56	17.63	17.18	23.12	57.78	35.62	16.94	26.69	16.45	13.99	25.27	26.08	26.18	20.69	31.36	19.98	25.8	22.62	15.89	26.78	26.57	26.11	22.54	26.89	20.52	29.28	26.91	25.78	20.64	14.52	23.46	18.2	25.72	20.62	22.34	19.49	18.21	24.56	16.65	22.57	27.87	23.35	26.14	17.6	23.71	23.01	17.77	23.28	14.29	24.2	24.1	22.71	14.5	12.3	17.03	20.88	14.86	23.41	30.96	21.44	22.93	27.83	0.0	0.09	24.44	22.7	18.89	29.19	24.19	23.65	12.08	19.33	18.39	30.2	29.65	19.53	24.93	23.9	29.64	18.92	25.91	23.31	13.98	18.0	26.3	19.58	37.89	23.07	17.58	11.57	18.68	18.92	21.48	22.49	29.01	14.26	20.24	22.49	14.59	23.46	29.27	18.19	16.24	15.73	15.29	16.87	24.34	16.49	19.48	28.55	22.63	13.71	20.54	24.44	24.79	26.3	17.64	12.39	20.61	22.4	29.59	25.5	20.74	17.56	16.85	26.01	22.61	23.91	0.33	31.73	27.25	22.45	17.57	19.5	17.63	23.76	24.96	22.96	16.18	24.41	29.22	19.6	11.34	27.34	17.55	21.74	24.65	27.72
859_father	17.39	23.96	23.46	26.01	20.84	22.78	19.93	12.76	28.1	15.48	17.97	22.68	20.88	17.55	20.18	24.34	24.18	13.78	30.11	12.42	0.88	17.63	24.59	14.65	26.56	21.74	20.44	22.61	17.43	19.92	27.45	16.83	14.94	23.38	17.93	23.19	22.27	30.48	24.44	17.65	23.55	88.21	30.38	24.14	73.66	24.07	13.87	20.74	14.49	14.48	33.49	24.0	24.48	27.51	24.02	21.83	24.24	14.38	23.88	24.23	17.1	18.42	17.37	16.99	23.41	59.87	35.87	17.06	27.7	16.74	13.6	25.88	26.05	26.35	20.48	31.55	19.42	26.01	22.72	15.72	27.01	26.79	26.33	22.71	27.12	20.62	29.15	26.26	25.99	20.86	14.21	24.15	18.04	25.62	20.93	22.25	19.63	17.54	25.08	16.58	22.91	28.32	23.76	26.31	16.49	23.42	22.93	17.62	23.69	14.4	24.62	23.82	22.76	14.84	12.23	16.83	20.61	14.76	23.67	31.23	21.09	22.8	27.81	0.09	0.0	24.44	22.26	18.99	28.33	24.37	23.53	11.98	19.23	18.51	30.06	29.55	18.69	25.12	24.75	29.5	19.6	26.61	23.17	14.06	17.12	26.97	20.16	38.55	22.96	17.91	11.34	18.58	18.83	21.32	22.37	29.06	14.56	20.39	22.21	14.27	24.15	29.12	18.39	16.03	15.55	15.44	17.04	24.94	16.59	19.74	28.26	23.36	13.54	21.12	24.38	25.1	26.99	17.3	12.52	20.84	22.32	29.85	25.51	21.49	18.15	17.17	26.38	22.69	23.86	0.41	32.63	28.66	22.4	17.31	19.08	17.37	24.51	25.23	23.51	15.38	24.58	29.08	20.53	11.68	27.46	17.3	21.69	24.69	27.8
933_7mo	23.47	14.98	16.09	12.43	13.37	11.5	15.98	7.63	20.35	18.87	5.49	14.14	16.25	17.77	11.43	0.0	18.97	17.07	17.26	15.0	8.43	17.99	12.12	20.87	15.72	11.24	15.01	13.22	7.29	13.61	14.63	0.13	5.0	12.03	8.51	13.56	12.65	18.91	22.48	13.97	15.01	97.31	17.86	17.51	77.52	19.7	8.33	10.71	10.04	19.47	14.4	15.02	14.85	20.12	9.87	16.76	14.65	5.72	14.9	19.26	20.82	14.09	24.45	5.49	14.48	79.69	39.78	12.81	13.03	15.61	15.65	16.25	20.72	20.44	10.94	19.02	18.78	12.43	17.36	8.39	16.34	16.32	20.39	13.32	16.18	16.44	8.18	17.28	12.43	13.19	20.66	13.06	24.15	10.06	13.41	18.11	19.77	21.03	13.57	19.36	13.57	12.69	14.64	20.42	20.29	14.14	16.44	11.38	14.62	10.01	14.38	13.45	12.69	8.81	7.64	20.5	31.39	17.12	9.74	18.04	12.95	14.44	13.95	24.44	24.44	0.0	13.63	10.66	21.57	13.89	28.92	24.19	14.89	8.08	14.61	8.48	18.03	13.88	11.37	8.34	13.64	13.62	13.24	8.48	13.48	13.51	18.55	16.98	15.68	3.62	0.8	14.29	12.0	14.51	14.57	7.87	14.6	10.61	14.6	8.02	14.77	8.15	12.89	6.87	6.77	10.75	19.96	16.45	8.11	10.37	8.63	15.45	12.61	5.13	13.27	15.78	13.51	5.81	11.4	13.37	18.35	19.23	0.0	16.37	9.82	21.65	12.27	17.3	10.27	21.53	16.47	16.97	15.53	24.8	22.3	24.43	14.02	18.19	13.01	17.26	14.0	8.16	14.3	12.39	13.4	24.56	11.33	13.01	9.19
710_12mo	21.91	16.19	14.57	14.76	14.46	12.38	16.01	10.86	16.84	18.06	2.33	15.59	14.28	16.97	9.1	13.55	20.68	15.88	17.19	13.05	11.87	18.36	13.21	20.6	17.66	11.45	15.76	2.04	11.89	15.21	15.36	9.8	7.55	14.3	15.06	11.64	17.27	15.52	18.27	12.12	15.73	91.7	20.62	14.14	72.45	21.03	0.83	13.17	11.65	17.37	17.42	15.78	17.89	16.6	15.88	13.72	15.92	7.8	16.11	21.04	16.69	11.88	22.83	7.86	14.33	68.43	41.89	11.31	13.67	15.92	17.56	15.5	18.02	18.69	12.99	21.38	15.58	14.76	16.39	5.18	16.36	16.25	18.68	17.56	16.14	14.44	12.41	20.14	14.76	14.07	17.36	15.08	22.68	14.02	14.57	17.79	19.33	14.95	14.58	16.62	16.58	14.24	15.87	18.67	17.45	2.73	17.68	1.82	15.89	10.52	16.05	1.97	17.66	6.56	8.12	16.5	26.76	11.18	12.73	20.61	1.82	12.38	15.51	22.7	22.26	13.63	0.0	10.46	16.79	15.72	29.88	23.32	12.27	6.54	17.29	12.66	18.44	16.88	13.38	12.64	14.86	17.52	13.31	10.28	12.18	17.27	17.86	22.5	17.87	6.68	9.13	12.68	1.83	6.99	7.52	12.35	11.46	15.39	7.63	7.76	16.08	12.4	14.23	5.1	8.27	11.72	16.93	13.64	9.4	12.09	11.81	15.66	10.34	7.27	16.93	16.2	17.27	6.86	8.89	14.46	17.72	23.03	14.03	17.18	10.36	17.93	14.61	16.38	3.35	20.79	17.93	19.28	15.15	22.88	19.53	22.53	18.2	21.02	14.7	16.24	15.78	12.35	15.7	15.54	15.17	22.99	12.27	11.33	16.12
116_24mo	17.17	4.54	1.63	10.7	9.16	10.15	5.09	5.1	16.66	11.04	3.52	8.99	11.83	11.41	8.86	10.57	12.47	9.56	7.74	6.71	7.39	15.73	5.25	15.44	15.69	4.02	10.17	9.84	8.77	5.23	10.8	6.04	2.82	7.55	10.81	8.46	7.22	8.29	13.91	8.45	5.19	89.13	17.68	13.48	74.82	12.73	6.9	7.49	9.76	11.0	7.91	5.38	4.0	16.16	13.62	10.23	4.64	2.02	4.55	12.79	16.12	7.73	18.19	4.17	1.54	70.13	40.61	7.7	5.83	9.13	8.5	12.09	18.13	18.01	7.44	18.98	11.24	10.7	11.6	5.06	6.78	6.88	17.94	10.54	6.68	11.97	12.5	6.14	10.7	9.36	11.43	4.9	17.5	6.81	9.18	15.9	18.36	10.49	9.44	11.32	5.11	8.9	4.43	18.01	17.7	9.5	17.01	7.74	4.43	5.66	5.14	9.96	10.6	0.0	2.34	11.1	22.47	5.96	6.93	17.82	8.68	11.36	10.53	18.89	18.99	10.66	10.46	0.0	17.34	4.74	17.94	14.27	8.55	0.86	10.87	12.79	11.69	8.82	3.0	12.83	5.27	17.19	8.21	7.35	9.08	16.92	16.69	14.69	17.06	2.83	5.11	11.53	7.19	12.62	12.34	12.28	7.99	12.95	12.59	6.18	4.72	12.49	7.77	4.81	9.71	5.51	11.59	7.83	5.22	6.05	11.53	4.72	7.42	0.61	6.88	12.11	16.92	5.65	6.55	9.16	16.05	15.94	11.29	5.01	2.93	15.09	10.33	11.6	9.88	16.03	10.3	16.9	9.08	18.2	15.01	18.0	17.73	14.17	4.69	13.72	4.83	12.38	5.12	7.35	10.07	18.2	6.68	7.96	7.7
912_24mo	23.53	18.33	25.28	14.73	15.97	17.93	18.74	15.01	0.0	22.15	13.19	13.55	21.47	18.29	18.76	21.48	25.74	20.95	19.31	17.56	12.34	21.41	23.32	20.27	23.44	15.83	16.31	16.53	14.31	16.28	23.51	15.64	11.33	15.87	22.2	15.91	22.87	23.94	22.69	12.24	18.46	83.47	30.31	18.78	86.03	25.0	10.72	14.4	20.26	20.1	19.83	18.51	25.24	0.11	13.64	20.13	18.37	9.78	18.14	26.04	22.65	17.6	24.52	12.7	23.55	73.04	47.94	18.64	11.74	19.04	19.5	15.15	17.63	17.72	16.67	30.68	23.22	14.72	21.03	11.84	26.12	25.98	17.65	18.67	25.84	21.4	15.54	20.55	14.72	15.97	22.57	16.37	25.63	14.84	16.01	28.53	19.59	23.49	21.59	21.44	18.87	20.17	18.34	17.7	25.25	18.89	27.26	14.68	18.37	14.45	18.76	16.87	18.24	14.78	10.36	22.9	34.89	22.03	17.19	30.99	16.25	23.81	23.18	29.19	28.33	21.57	16.79	17.34	0.0	16.82	29.81	22.86	16.48	0.6	22.11	15.49	14.65	17.45	19.51	15.56	17.99	19.15	22.71	13.43	19.46	18.88	20.01	23.09	27.44	13.62	12.23	19.72	15.26	17.54	18.43	15.34	17.91	15.53	18.81	13.09	18.43	15.54	17.42	14.21	11.59	16.23	21.85	15.89	11.26	16.14	17.03	18.61	13.62	12.71	23.63	21.36	18.88	12.39	12.89	15.97	28.7	22.38	22.4	19.56	14.99	25.38	14.54	21.02	14.16	25.29	20.59	24.2	20.79	23.34	21.29	24.32	19.93	32.7	15.01	20.81	16.89	15.41	16.09	15.08	22.87	23.32	11.51	14.81	14.7
163_mother	19.94	0.14	7.84	14.62	9.37	13.05	0.16	8.0	16.87	14.52	4.92	11.72	14.21	10.23	12.02	13.81	19.05	12.21	8.6	8.26	9.01	17.62	15.71	17.29	12.59	0.54	10.9	14.64	10.16	0.24	21.32	8.5	4.99	11.86	12.92	10.25	11.41	13.83	21.38	9.53	0.93	98.25	22.71	14.07	83.22	19.25	9.91	10.83	11.56	14.36	11.56	0.92	7.68	16.39	13.51	12.93	0.14	3.25	0.14	19.35	17.85	9.97	21.04	8.1	7.77	77.65	44.86	10.83	1.2	12.45	8.77	11.27	20.46	20.6	9.67	23.69	14.13	14.62	14.45	5.8	17.2	17.28	20.54	13.77	17.0	14.12	15.18	8.26	14.62	9.37	14.58	0.22	18.66	10.37	9.39	20.65	18.41	14.22	13.86	14.47	1.12	13.69	0.14	20.6	19.64	14.14	20.78	12.49	0.14	8.91	0.71	14.65	13.4	2.58	0.81	14.59	24.7	10.76	10.09	23.25	13.71	18.75	21.95	24.19	24.37	13.89	15.72	4.74	16.82	0.0	19.88	17.34	11.4	2.42	11.99	15.13	11.82	12.8	6.16	15.19	0.79	17.21	18.39	8.04	11.19	17.06	18.58	14.94	21.16	5.81	6.63	13.25	11.69	15.03	15.06	14.87	10.93	12.67	15.52	7.33	0.21	15.22	10.15	9.98	9.74	5.75	15.06	11.04	7.57	6.08	13.11	0.22	13.32	2.34	10.87	14.27	17.06	6.49	8.45	9.37	20.8	20.62	13.76	0.2	0.78	16.12	14.18	14.45	11.27	19.54	11.55	12.04	13.51	20.99	17.91	20.82	17.52	19.74	0.17	16.12	0.0	15.05	0.19	10.3	21.47	20.99	10.16	9.42	10.5
605_24mo	23.19	19.36	23.88	28.75	23.1	22.26	19.27	16.91	29.49	21.7	21.84	24.67	27.4	17.52	23.46	28.85	26.45	19.64	23.66	18.18	18.01	24.0	28.68	22.3	27.19	17.24	21.79	29.13	26.86	15.56	32.06	23.34	19.73	25.97	24.67	23.1	26.18	29.96	29.34	24.09	19.49	62.52	31.45	24.36	56.29	26.73	18.82	24.95	21.9	21.54	27.06	19.57	21.91	28.87	28.17	23.98	19.27	18.99	19.03	26.72	24.28	22.04	23.65	19.21	24.5	50.97	38.56	19.64	18.02	18.72	15.63	24.24	24.42	24.62	18.88	32.56	22.85	28.75	22.18	17.02	28.59	28.59	24.55	25.1	28.44	27.42	28.85	20.35	28.73	23.18	21.6	19.7	21.33	25.46	23.17	29.96	25.69	24.18	24.2	21.31	16.7	23.96	19.32	24.58	27.74	28.71	32.49	26.57	19.34	19.85	18.0	29.78	24.98	14.36	16.84	21.05	26.1	21.74	20.7	31.49	29.3	27.61	31.75	23.65	23.53	28.92	29.88	17.94	29.81	19.88	0.0	22.54	23.22	16.8	26.54	29.0	19.07	24.28	22.62	29.16	15.75	32.99	28.68	19.84	21.46	32.54	23.46	26.0	32.22	19.99	19.11	28.22	24.98	27.87	27.03	28.62	19.96	29.4	27.24	17.45	19.48	28.86	20.29	21.07	22.74	14.8	21.7	19.23	20.73	16.89	27.47	18.74	22.59	15.01	26.49	21.54	32.54	19.7	19.84	23.1	30.14	23.46	29.78	19.79	16.55	22.59	28.49	22.17	26.7	18.68	27.65	29.25	21.42	22.71	27.19	23.35	34.59	31.17	15.96	25.69	19.96	28.63	15.8	16.59	31.34	22.68	20.59	17.96	24.98
199_1mo	0.15	18.66	28.78	30.33	14.52	22.96	15.73	12.95	21.64	9.56	16.94	13.93	16.64	14.14	14.82	24.08	15.37	8.26	25.8	9.21	12.19	13.74	24.16	0.0	18.94	16.25	14.32	24.68	19.55	14.21	37.61	10.12	9.87	24.78	18.72	19.38	23.87	31.34	19.94	10.03	17.78	93.42	23.47	20.65	58.12	15.37	15.9	19.31	14.28	9.41	28.51	17.73	24.51	20.88	22.29	13.61	17.75	8.15	18.48	15.51	11.35	18.99	0.15	12.67	27.41	55.95	36.17	8.63	11.1	9.33	14.74	19.79	16.58	16.68	13.24	25.13	14.88	30.33	16.87	9.5	26.55	26.71	16.68	21.61	26.28	17.0	27.72	20.32	30.33	14.68	11.15	18.03	0.24	19.17	14.54	15.04	14.23	19.85	27.07	10.12	16.07	26.68	18.0	16.68	12.83	26.19	16.2	19.37	18.01	13.9	16.72	26.37	23.22	9.85	10.52	12.45	20.83	18.01	19.8	23.84	22.1	21.43	33.72	12.08	11.98	24.19	23.32	14.27	22.86	17.34	22.54	0.0	15.21	13.14	20.2	29.03	6.69	25.75	22.41	28.94	16.19	28.44	28.1	12.4	13.26	28.76	17.27	37.73	15.9	10.5	0.71	15.99	19.19	15.94	18.75	27.36	10.55	20.7	18.19	13.21	18.13	27.49	12.58	16.97	13.39	15.54	10.42	13.5	10.26	17.98	27.69	16.49	17.12	14.7	25.71	18.16	28.76	12.33	5.67	14.52	15.42	32.65	26.39	16.91	11.91	13.71	29.41	16.86	23.94	11.04	30.62	20.7	16.5	0.16	10.79	0.16	27.24	23.82	16.52	13.16	17.34	27.57	14.14	9.69	34.67	0.16	12.63	15.25	20.4
128_24mo	16.93	12.05	12.95	9.33	9.21	12.57	10.93	5.66	16.45	5.79	7.09	11.32	12.77	12.92	9.29	14.8	17.04	5.15	15.06	4.67	6.43	14.74	9.51	15.35	11.77	8.59	11.13	11.35	8.18	8.28	14.01	8.96	5.17	8.1	11.96	9.5	8.28	19.6	20.35	10.45	11.33	96.6	20.01	11.96	82.72	17.76	4.97	7.68	11.72	5.53	18.63	11.4	11.36	15.89	12.04	14.72	11.77	3.94	11.95	17.36	16.17	0.0	17.48	6.12	12.7	75.09	45.94	4.82	10.32	4.89	4.24	15.28	15.56	16.04	8.95	21.32	17.2	9.33	11.48	7.49	10.41	10.41	15.98	6.72	10.25	13.05	12.32	14.25	9.33	8.59	5.31	10.77	17.11	15.15	9.22	17.82	14.2	19.21	7.7	5.96	9.47	8.25	11.84	16.04	18.55	10.73	17.94	8.95	11.84	3.39	11.07	11.7	8.0	5.76	4.02	6.34	22.46	14.71	6.02	20.43	12.24	14.86	14.4	19.33	19.23	14.89	12.27	8.55	16.48	11.4	23.22	15.21	0.0	5.83	11.74	12.56	12.59	7.18	12.66	12.53	10.71	14.56	14.04	2.92	14.12	14.81	15.24	23.26	18.48	3.2	6.08	11.67	9.95	13.05	11.5	12.04	5.41	11.9	11.68	4.3	11.93	12.32	9.96	5.22	5.64	4.7	5.79	0.0	7.08	6.89	11.82	11.05	5.7	3.96	7.61	9.39	14.81	4.14	2.92	9.21	17.9	13.6	15.63	12.11	6.81	17.9	9.18	11.43	9.11	17.63	17.43	13.57	12.69	17.84	17.39	17.31	14.83	16.99	9.2	17.14	11.5	12.22	8.98	3.61	13.32	17.97	12.14	10.56	16.17
912_mother	15.03	2.29	2.26	5.82	7.29	7.73	2.8	3.44	0.58	8.24	2.12	6.6	9.32	7.71	8.0	7.99	15.99	5.81	6.34	4.58	5.57	12.1	6.46	11.97	12.06	1.74	8.02	5.4	4.49	2.01	8.65	4.32	2.15	5.52	9.39	6.83	6.55	8.48	12.82	4.62	2.81	90.07	16.62	9.74	70.21	16.21	2.37	4.72	8.86	8.94	8.24	2.9	5.08	0.13	7.42	8.69	2.29	1.62	2.09	16.28	13.51	4.48	16.03	3.45	2.17	67.62	36.26	5.26	2.38	6.25	5.0	6.65	12.93	12.84	6.18	17.47	11.34	5.81	9.76	2.58	8.05	8.07	12.77	6.44	7.83	9.24	8.52	4.92	5.82	6.69	8.91	2.47	15.46	6.29	7.31	15.56	12.98	10.25	6.22	8.01	2.73	6.62	2.29	12.83	15.53	5.02	15.57	3.62	2.29	2.56	2.77	5.35	6.61	0.87	0.63	8.14	19.34	6.21	4.5	16.63	5.75	11.52	9.06	18.39	18.51	8.08	6.54	0.86	0.6	2.42	16.8	13.14	5.83	0.0	9.93	8.52	8.32	5.82	2.73	8.54	3.21	12.34	8.85	3.75	8.61	12.58	13.04	11.7	16.25	2.03	2.59	8.39	3.58	9.11	9.14	8.21	6.32	7.28	9.59	4.14	2.51	8.53	6.94	3.59	3.69	2.85	8.35	5.63	2.76	4.13	6.66	2.72	4.28	0.83	6.31	9.94	12.58	2.45	2.94	7.29	15.79	11.57	8.18	2.78	1.97	10.87	5.49	9.71	4.2	15.7	8.4	13.08	9.43	16.0	9.95	15.83	12.74	14.04	1.6	10.18	2.5	8.43	1.93	4.77	7.88	15.98	4.89	6.17	6.69
599_mother	19.99	11.83	15.86	17.06	11.24	17.76	12.11	11.4	21.73	16.49	11.68	15.65	12.47	15.69	10.16	14.5	16.89	17.54	14.73	13.01	14.26	22.94	10.08	19.82	15.53	8.24	10.85	15.77	6.51	11.69	19.2	11.85	8.72	17.43	12.42	12.4	6.23	19.48	18.17	14.23	12.46	99.67	14.88	17.04	81.44	16.77	12.2	15.56	15.71	16.6	20.41	12.38	19.63	21.37	14.36	15.96	11.89	10.1	11.83	16.91	17.47	10.73	20.17	5.89	15.81	79.81	38.76	8.19	11.39	15.67	16.24	18.65	18.36	18.14	12.56	15.64	19.32	17.06	17.98	7.28	9.48	9.43	18.14	18.18	9.42	12.39	15.01	13.19	17.06	11.24	16.88	11.94	18.42	16.65	11.26	13.9	21.34	21.97	19.98	15.41	10.29	18.06	11.83	18.14	18.9	14.49	13.97	14.31	11.86	10.68	11.06	15.77	19.35	6.61	9.39	14.92	24.21	15.55	14.01	15.28	17.1	13.8	19.52	30.2	30.06	14.61	17.29	10.87	22.11	11.99	26.54	20.2	11.74	9.93	0.0	14.89	12.27	17.43	15.26	15.03	10.88	18.9	16.41	9.23	16.28	18.91	20.36	19.57	14.77	9.77	10.5	13.31	15.05	17.4	15.47	15.03	11.97	11.74	15.43	10.54	11.94	15.29	12.28	10.86	10.79	9.91	15.21	15.47	12.68	12.23	16.23	11.37	10.79	3.34	5.84	17.96	18.91	8.98	9.6	11.24	13.9	13.68	14.38	12.26	8.68	18.62	16.86	17.98	15.21	25.3	20.89	15.92	13.52	20.54	14.41	20.17	19.33	6.92	11.86	15.89	12.08	15.05	12.39	13.05	19.38	20.54	12.87	11.2	16.32
220_mother	26.67	15.62	19.43	11.65	14.79	8.37	15.32	8.31	15.95	21.93	6.07	16.11	16.67	18.1	10.39	8.39	21.85	20.45	19.21	14.8	8.4	17.35	15.3	24.49	14.9	10.8	15.23	11.83	6.96	12.69	13.91	5.18	6.45	11.69	7.95	13.26	12.53	20.15	26.61	15.77	15.36	79.16	20.63	17.42	82.31	22.15	6.6	12.03	11.05	20.16	16.13	15.41	16.5	15.35	9.27	15.4	15.56	6.61	15.53	22.32	23.95	10.5	27.96	5.2	19.34	77.27	44.04	10.65	11.84	17.25	15.8	11.73	20.31	20.89	13.07	21.56	18.93	11.65	18.42	7.49	17.24	17.44	20.82	9.87	17.2	16.54	0.0	19.93	11.65	14.03	19.75	14.45	28.38	13.03	14.84	21.07	21.55	22.02	11.18	18.89	13.33	12.06	15.61	20.86	24.26	10.53	20.7	10.05	15.59	8.1	15.32	12.03	9.99	8.59	8.9	19.52	33.53	17.22	10.48	21.05	12.73	17.76	15.23	29.65	29.55	8.48	12.66	12.79	15.49	15.13	29.0	29.03	12.56	8.52	14.89	0.0	17.96	13.29	11.94	0.0	13.95	9.24	12.42	5.18	14.49	8.7	17.22	18.5	20.96	5.21	5.44	14.92	10.67	14.33	12.4	0.0	14.8	9.53	12.78	7.15	15.7	0.15	12.06	6.08	2.5	9.93	19.72	13.76	7.14	9.01	4.11	15.16	10.09	5.25	12.57	17.11	8.7	2.54	11.4	14.79	21.11	17.04	8.71	16.38	10.36	21.08	11.39	18.36	8.15	27.14	16.36	16.83	13.95	27.7	22.52	27.64	9.05	18.96	12.92	22.92	15.25	0.0	13.52	12.89	13.49	27.71	13.96	10.25	13.3
960_24mo	11.6	12.05	21.99	18.57	8.62	18.83	13.15	10.9	14.75	10.59	11.82	2.74	7.81	17.09	11.49	17.92	10.47	11.07	19.12	8.43	9.27	17.2	19.8	10.81	17.5	11.13	6.83	17.47	11.75	12.47	24.13	13.74	6.85	19.65	16.03	13.5	17.81	23.8	22.91	4.63	11.79	80.64	15.03	13.15	76.08	9.07	11.19	15.75	16.1	9.14	20.25	12.29	20.18	14.4	14.26	8.19	12.7	6.72	12.04	10.39	13.71	13.45	11.65	9.35	21.15	69.68	37.49	8.47	10.09	10.4	14.2	15.93	17.26	17.32	10.48	15.73	11.99	18.57	18.72	1.81	21.73	21.61	17.23	19.59	21.5	7.69	17.9	17.47	18.57	8.62	10.45	12.64	10.58	16.56	8.63	11.67	19.09	18.06	21.37	9.96	11.03	19.59	12.04	17.32	14.93	16.85	11.91	14.59	12.06	13.33	11.0	17.49	19.29	6.64	8.95	9.72	22.97	15.02	14.62	15.91	19.12	19.2	25.02	19.53	18.69	18.03	18.44	11.69	14.65	11.82	19.07	6.69	12.59	8.32	12.27	17.96	0.0	19.82	15.76	17.92	11.42	18.53	23.15	11.63	10.32	18.34	16.05	22.09	13.13	11.79	7.52	7.91	15.87	10.72	8.33	17.59	8.11	13.99	8.65	11.32	12.64	17.88	10.55	9.55	8.62	10.41	10.4	12.53	10.32	12.61	17.57	12.64	13.08	10.43	18.76	18.75	18.34	6.54	2.8	8.62	11.73	19.16	17.93	13.36	6.94	13.43	18.22	18.72	14.33	16.17	21.87	17.73	10.63	10.16	13.56	11.62	19.57	19.71	12.02	15.39	11.92	17.83	13.08	10.89	24.22	10.16	13.97	8.83	17.62
418_father	24.87	13.94	15.23	0.31	10.09	14.45	13.87	1.94	17.45	9.75	8.08	14.58	17.49	15.49	14.37	13.76	22.59	10.57	16.36	9.43	8.45	19.3	11.08	25.99	21.19	11.08	14.86	15.31	7.32	13.37	13.99	11.48	6.58	0.32	13.3	14.5	6.42	22.58	26.09	14.54	13.56	89.14	23.08	18.19	73.64	23.87	5.62	0.23	13.87	10.38	20.89	13.6	14.12	17.42	11.96	23.3	14.08	5.25	13.94	22.8	27.05	5.8	26.68	7.78	13.88	99.22	51.32	9.1	12.77	10.2	9.68	16.48	21.77	21.88	12.81	23.59	26.74	0.31	14.48	8.47	12.89	12.9	21.77	6.39	12.77	17.3	13.04	17.82	0.31	10.09	11.63	14.0	24.58	16.08	10.1	18.25	23.44	28.61	8.64	10.43	14.54	9.12	13.94	21.88	28.05	18.35	17.76	12.76	13.91	1.47	13.97	15.33	6.16	6.64	6.59	10.2	34.5	20.27	0.22	22.9	15.17	19.32	14.14	24.93	25.12	13.88	16.88	8.82	17.45	12.8	24.28	25.75	7.18	5.82	17.43	13.29	19.82	0.0	15.27	13.06	14.07	15.92	12.79	5.39	21.75	15.46	19.29	18.37	18.38	6.09	10.76	16.56	14.8	17.21	18.25	12.75	10.23	13.26	18.89	6.46	14.0	13.03	13.61	6.86	8.43	7.41	10.77	8.35	6.51	10.39	12.01	13.93	12.11	4.21	7.41	13.5	15.46	8.3	9.24	10.09	18.47	7.08	13.7	13.96	10.48	24.37	0.21	14.48	10.15	20.01	17.96	20.89	16.56	24.68	25.05	26.31	15.46	27.19	13.94	26.46	12.84	13.17	13.62	4.1	13.82	24.68	13.61	16.96	15.47
679_mother	22.2	5.84	5.71	14.46	12.29	12.22	5.87	8.33	19.2	16.49	6.02	12.38	17.16	15.78	10.16	11.38	21.11	15.23	8.21	10.98	11.04	17.64	15.51	21.99	16.51	5.53	13.44	12.41	9.9	6.47	15.39	9.01	5.98	14.35	14.58	10.28	12.63	7.55	20.07	12.13	6.66	74.76	24.01	15.98	75.87	21.48	7.82	12.26	12.09	16.94	0.0	6.63	5.67	18.78	14.29	16.16	5.85	0.22	5.87	21.44	25.89	11.96	23.34	7.5	5.96	80.18	44.96	9.53	8.82	14.46	11.16	14.56	27.58	26.97	11.67	25.15	17.87	14.46	16.45	6.1	17.97	17.96	26.88	16.2	17.75	17.05	11.97	7.06	14.46	12.29	16.87	5.95	21.75	0.88	12.31	22.31	25.92	16.42	13.39	16.85	6.48	13.14	5.85	26.97	27.9	11.45	22.19	9.1	5.85	10.06	6.41	12.42	16.11	1.88	4.63	17.35	27.47	9.37	11.58	24.01	12.67	17.34	15.53	23.9	24.75	11.37	13.38	3.0	19.51	6.16	22.62	22.41	12.66	2.73	15.26	11.94	15.76	15.27	0.0	11.99	5.77	15.0	12.88	10.72	13.74	15.2	19.12	8.45	22.62	5.83	8.71	17.13	10.28	14.76	12.7	11.7	14.45	13.33	13.17	7.67	5.96	12.03	11.98	6.57	9.26	5.46	16.89	14.83	9.19	8.09	11.69	5.96	14.04	2.67	12.19	16.89	15.2	7.7	10.5	12.29	22.49	21.42	11.26	5.91	3.09	14.42	14.04	16.45	10.75	20.65	5.92	16.58	14.16	22.59	19.26	23.13	15.2	20.7	6.62	19.48	6.16	11.83	6.46	11.99	15.04	22.59	6.25	8.92	0.35
220_12mo	26.64	15.68	19.54	11.49	14.63	8.38	15.37	8.07	16.02	22.02	6.0	15.89	16.43	18.18	10.33	8.26	21.87	20.49	19.18	14.76	8.41	17.39	15.17	24.46	14.89	10.83	15.22	11.8	6.97	12.75	13.8	4.99	6.44	11.51	7.9	13.29	12.57	20.23	26.59	15.54	15.42	79.22	20.65	17.45	81.74	22.17	6.59	11.85	11.02	20.22	16.19	15.47	16.58	15.39	9.29	15.26	15.62	6.47	15.59	22.26	24.16	10.47	27.95	5.18	19.45	76.79	44.29	10.67	11.9	17.21	15.77	11.72	20.28	20.86	13.04	21.61	18.75	11.49	18.49	7.44	17.18	17.39	20.8	9.82	17.12	16.29	0.0	19.9	11.49	13.85	19.8	14.51	28.37	13.08	14.72	21.03	21.61	22.0	11.2	19.03	13.45	12.04	15.67	20.84	24.21	10.5	20.68	10.02	15.65	8.1	15.37	12.01	9.96	8.56	8.85	19.56	33.62	17.04	10.27	21.1	12.71	17.78	15.13	29.64	29.5	8.34	12.64	12.83	15.56	15.19	29.16	28.94	12.53	8.54	15.03	0.0	17.92	13.06	11.99	0.0	14.0	9.11	12.42	5.16	14.24	8.58	17.29	18.57	20.93	5.1	5.24	14.61	10.8	14.28	12.39	0.08	14.8	9.54	12.77	7.15	15.76	0.11	11.89	5.93	2.47	9.95	19.77	13.84	7.08	8.94	4.09	15.23	10.1	5.23	12.67	17.08	8.58	2.51	11.38	14.63	21.08	17.0	8.67	16.45	10.44	21.22	11.31	18.42	8.11	27.12	16.33	16.84	13.92	27.71	22.5	27.64	8.91	19.0	12.97	22.72	15.31	0.0	13.48	12.86	13.32	27.72	14.03	10.18	13.36
178_24mo	17.44	0.75	7.52	15.85	9.06	10.59	1.15	8.54	17.22	12.32	5.41	10.16	11.29	7.77	9.99	13.51	16.99	10.87	9.63	7.05	7.82	7.64	15.94	16.53	11.34	0.65	9.28	13.74	9.97	0.77	17.78	10.04	4.52	13.46	13.01	9.38	11.34	12.49	19.57	8.99	1.57	36.87	20.27	12.38	41.32	17.11	9.35	11.26	9.84	12.24	9.4	1.46	7.71	16.66	11.49	11.05	0.73	3.08	0.75	17.29	15.72	10.54	18.92	6.78	7.79	50.17	27.83	9.09	1.43	10.7	7.39	10.57	14.36	14.56	8.77	21.71	12.39	15.85	12.84	4.34	18.88	18.76	14.48	13.42	18.62	11.38	13.69	9.23	15.85	8.88	13.21	0.87	17.05	8.54	9.07	16.6	16.84	13.48	13.19	11.62	1.32	12.5	0.65	14.56	15.67	12.96	17.9	10.5	0.69	8.21	0.27	13.86	12.85	2.99	1.11	12.52	18.34	9.5	11.37	20.42	13.84	14.46	17.43	18.92	19.6	13.64	14.86	5.27	17.99	0.79	15.75	16.19	10.71	3.21	10.88	13.95	11.42	14.07	5.77	14.0	0.0	14.24	12.34	7.29	9.59	14.65	15.02	14.01	17.8	6.22	7.65	10.52	10.5	15.22	14.22	13.33	10.4	12.05	14.54	6.03	0.76	13.79	11.12	8.87	7.9	5.51	12.36	11.3	5.29	5.08	11.4	0.78	11.09	3.54	11.82	13.95	14.65	6.12	6.77	9.06	16.81	20.39	13.76	0.87	1.74	11.12	15.36	12.83	10.89	15.2	11.31	13.28	11.37	17.65	15.78	18.69	14.77	15.71	0.73	13.38	0.83	13.56	0.83	9.36	17.34	17.65	9.79	5.88	8.65
960_1mo	28.13	17.41	23.9	14.3	14.92	16.38	17.56	14.55	18.55	22.48	11.12	12.91	17.81	19.8	13.69	13.51	20.68	22.48	23.36	17.2	8.75	13.62	18.46	27.12	21.22	12.51	16.02	17.12	9.58	15.56	18.77	10.74	8.54	14.04	16.5	15.96	15.75	17.43	30.12	14.91	17.19	68.73	24.34	18.72	70.9	20.91	13.38	14.54	16.92	21.17	14.47	17.2	22.1	18.06	10.18	19.58	17.0	7.88	17.33	20.85	24.82	13.6	29.4	11.2	24.07	70.49	39.9	14.85	10.0	19.19	18.68	18.7	17.04	16.98	15.29	25.9	22.81	14.3	20.85	12.25	23.31	23.35	16.97	11.89	23.2	18.13	8.92	24.61	14.34	14.69	22.34	16.11	29.08	11.16	14.9	23.2	24.17	27.53	15.29	20.25	16.18	15.36	16.91	17.04	24.37	16.92	23.26	15.11	16.98	11.9	16.55	17.48	12.48	13.24	12.03	20.86	35.97	20.78	13.4	24.13	17.55	20.22	18.79	25.91	26.61	13.62	17.52	17.19	19.15	17.21	32.99	28.44	14.56	12.34	18.9	9.24	18.53	15.92	15.0	9.11	14.24	0.0	18.34	9.04	19.33	0.13	19.93	17.7	22.83	10.9	10.05	16.39	16.28	19.11	17.62	8.63	18.58	10.94	17.55	10.9	17.08	8.87	17.75	10.61	7.04	10.94	20.5	17.88	4.9	12.94	10.49	16.86	13.58	8.1	17.06	20.24	0.13	7.23	12.43	14.92	23.45	21.56	14.32	18.4	14.79	24.54	14.06	20.83	13.23	23.51	14.3	22.59	18.56	28.1	26.94	29.35	0.15	23.97	15.43	23.16	17.23	8.97	16.33	15.75	17.84	27.99	17.07	17.28	11.56
605_1mo	27.48	16.9	10.15	12.44	17.27	14.8	17.42	13.58	20.88	17.56	8.39	15.74	15.34	21.99	11.57	13.18	24.27	18.42	20.52	13.36	12.36	16.25	8.79	30.54	22.69	11.7	18.05	10.98	10.56	18.01	1.46	13.2	2.4	12.25	17.57	16.63	11.36	17.28	24.8	15.05	15.45	71.56	27.53	19.01	72.56	24.73	7.98	10.83	18.41	17.19	16.79	15.5	14.49	20.87	12.42	17.26	16.39	8.15	16.78	24.59	25.8	14.9	28.85	4.54	10.53	85.64	40.23	10.58	13.12	15.99	18.28	20.44	22.06	21.42	15.72	29.26	16.03	12.44	20.45	11.65	10.27	10.19	21.33	12.78	10.24	15.87	12.03	19.64	12.44	17.21	17.7	16.48	30.06	16.68	17.28	22.98	27.91	16.39	12.82	15.51	11.75	12.15	16.14	21.42	28.55	11.11	26.31	10.58	16.25	11.06	15.71	11.21	12.85	6.8	10.64	16.98	33.35	12.12	11.5	27.63	11.84	14.42	0.16	23.31	23.17	13.24	13.31	8.21	22.71	18.39	28.68	28.1	14.04	8.85	16.41	12.42	23.15	12.79	12.88	12.42	12.34	18.34	0.0	12.57	13.58	19.85	21.2	26.25	24.6	1.12	11.93	14.79	10.76	19.49	18.24	12.03	17.17	16.19	17.98	12.8	16.3	12.03	21.41	0.07	14.0	13.99	16.24	12.86	7.27	10.53	8.83	16.51	7.29	8.3	12.66	20.71	19.85	6.96	8.38	17.27	23.58	22.51	14.47	17.78	13.66	20.93	12.23	20.37	12.7	22.18	21.74	24.82	16.41	28.22	28.57	29.05	20.38	14.68	17.66	24.14	18.42	12.03	18.63	15.06	0.18	27.77	17.92	11.8	17.59
263_father	12.94	8.23	13.0	5.59	4.18	7.06	7.66	3.89	12.84	5.69	3.6	7.15	8.38	8.37	5.11	8.39	14.39	3.87	12.75	4.22	2.77	10.87	10.17	13.81	10.11	4.85	5.33	9.87	3.59	7.58	12.48	5.47	3.55	5.37	8.57	6.75	7.69	16.86	12.67	5.66	7.69	83.89	14.75	10.71	66.46	15.14	4.5	5.48	7.76	5.66	14.67	7.6	11.85	12.48	4.98	9.71	7.84	2.12	8.11	14.75	11.55	2.56	14.21	3.66	13.07	72.97	36.62	2.7	6.59	3.84	5.33	8.19	11.05	10.97	6.95	16.02	12.93	5.59	6.25	2.92	12.86	12.96	10.89	0.1	12.76	8.55	5.05	11.73	5.59	4.15	5.7	8.03	12.22	8.89	4.19	14.03	12.32	17.22	5.78	5.5	7.19	6.07	8.01	10.97	13.15	8.98	14.38	7.22	8.01	2.58	8.13	9.88	0.16	3.87	3.34	5.79	13.5	12.06	4.27	14.5	9.93	11.51	12.86	13.98	14.06	8.48	10.28	7.35	13.43	8.04	19.84	12.4	2.92	3.75	9.23	5.18	11.63	5.39	10.72	5.16	7.29	9.04	12.57	0.0	9.8	8.92	8.11	19.49	14.54	2.72	3.42	8.04	7.54	11.3	10.09	4.72	3.87	5.43	10.36	2.52	8.04	5.11	8.05	3.57	1.02	4.94	5.69	3.12	3.12	4.61	4.81	7.85	7.03	3.93	7.14	8.09	8.92	1.09	2.72	4.18	14.23	11.87	8.55	8.27	5.34	10.49	5.37	6.19	6.31	12.57	14.08	10.18	8.18	13.91	7.91	13.91	8.92	14.82	7.47	10.08	8.05	4.91	7.57	3.9	12.52	13.94	5.55	5.06	10.18
789_24mo	16.18	12.77	16.17	18.75	9.52	14.55	12.12	8.02	18.75	20.01	8.08	12.27	12.89	15.71	12.79	13.37	13.98	19.56	19.07	13.95	7.75	14.95	15.89	15.67	14.0	8.44	9.88	11.41	11.66	13.02	18.39	10.85	6.0	17.95	12.43	12.32	16.97	17.22	19.82	9.75	11.74	66.18	12.13	11.36	51.07	12.49	7.96	13.02	11.27	18.0	18.16	11.9	16.5	18.29	14.3	3.44	12.17	10.41	12.64	13.93	17.22	16.3	16.49	4.64	14.53	50.19	27.8	12.25	14.21	18.83	19.43	16.56	21.47	21.55	9.36	13.21	0.55	18.75	19.62	5.68	18.57	18.55	21.47	20.19	18.53	13.09	13.73	17.63	18.75	9.78	20.19	12.34	16.23	13.48	9.54	12.73	18.22	0.21	19.28	19.01	10.71	18.86	12.34	21.55	17.23	11.55	13.73	8.27	12.35	11.01	12.43	11.7	20.22	7.41	8.46	20.45	22.24	0.11	14.29	12.84	11.23	7.84	17.92	18.0	17.12	13.48	12.18	9.08	19.46	11.19	21.46	13.26	14.12	8.61	16.28	14.49	10.32	21.75	13.74	14.24	9.59	19.33	13.58	9.8	0.0	18.88	17.04	27.81	14.88	10.83	8.24	12.6	10.32	11.05	9.33	13.33	11.42	13.62	9.09	10.46	12.34	13.72	3.69	7.89	7.24	13.58	19.21	18.64	12.63	9.84	14.8	12.35	11.03	10.82	17.78	21.9	18.88	6.68	8.36	9.52	12.79	26.83	13.99	12.84	6.06	14.84	18.63	19.62	12.7	17.74	19.61	16.08	13.25	15.69	17.73	16.49	18.88	16.84	13.03	16.04	11.19	13.87	12.74	11.77	17.94	15.69	13.1	11.78	15.97
960_7mo	28.03	17.49	24.03	13.84	14.88	16.75	17.34	14.23	18.43	22.04	10.92	13.11	17.47	19.37	13.9	13.4	20.38	21.95	22.85	17.07	8.79	14.25	18.82	26.39	20.48	12.68	15.96	16.88	9.34	15.62	19.34	10.77	8.78	13.53	16.18	16.36	16.05	17.44	29.8	14.67	17.29	72.88	23.81	18.84	71.24	20.58	13.05	14.09	16.94	20.81	14.97	17.3	22.29	17.92	9.82	18.93	17.11	7.95	17.42	20.64	24.69	13.31	29.22	11.29	23.95	73.84	43.94	14.97	9.96	19.0	18.57	17.96	17.07	17.15	15.2	25.15	22.39	13.83	21.18	12.2	23.48	23.51	17.09	11.55	23.37	17.76	8.41	24.59	13.83	14.62	21.91	16.28	29.34	11.77	14.92	22.56	23.55	26.99	14.86	20.03	16.26	15.38	17.03	17.13	24.1	17.0	22.71	14.97	17.09	11.66	16.55	17.31	12.08	13.37	11.82	20.7	35.17	20.36	13.09	23.65	17.4	20.4	19.42	26.3	26.97	13.51	17.27	16.92	18.88	17.06	32.54	28.76	14.81	12.58	18.91	8.7	18.34	15.46	15.2	8.58	14.65	0.13	19.85	8.92	18.88	0.0	19.82	17.95	22.34	10.91	10.07	16.05	16.4	18.71	17.54	8.24	18.64	10.78	17.48	11.37	17.18	8.42	17.8	11.17	6.81	10.91	20.12	17.17	5.01	13.42	10.21	16.76	13.06	8.7	17.29	20.82	0.0	7.18	12.25	14.88	22.75	21.14	14.2	18.27	14.71	24.44	13.71	21.12	13.06	24.06	13.97	21.69	18.48	28.02	25.72	29.11	0.0	23.61	15.68	22.4	17.08	8.47	16.34	15.69	18.47	27.9	17.56	17.16	12.22
144_24mo	16.55	18.63	24.68	20.45	15.64	15.97	16.79	11.81	19.45	15.54	11.83	17.23	17.46	14.79	16.22	18.48	21.24	16.59	21.15	13.36	8.33	14.32	24.39	15.51	17.12	14.2	15.14	17.29	12.11	12.7	24.47	12.4	10.45	19.77	12.51	14.76	19.85	26.91	21.23	15.18	18.28	83.82	24.73	17.74	65.04	21.24	9.09	17.64	13.19	14.66	23.41	18.07	21.39	19.36	13.81	19.27	18.09	10.83	18.51	21.51	15.63	15.4	17.59	11.87	24.98	65.48	37.18	15.22	16.01	16.64	15.27	19.92	17.31	17.37	14.19	25.59	20.92	20.45	18.85	11.5	25.63	25.52	17.31	16.26	25.39	17.8	16.92	20.76	20.44	15.94	15.18	16.92	17.38	17.65	15.68	19.68	17.69	22.16	21.41	16.53	17.74	21.76	18.22	17.35	16.56	18.69	18.73	13.76	18.25	12.95	18.08	17.61	16.86	11.95	9.34	16.77	23.54	19.57	17.24	24.56	16.74	15.56	24.53	19.58	20.16	18.55	17.86	16.69	20.01	18.58	23.46	17.27	15.24	13.04	20.36	17.22	16.05	19.29	19.12	17.29	15.02	19.93	21.2	8.11	17.04	19.82	0.0	26.79	19.25	10.57	8.23	14.82	14.64	17.93	18.62	16.7	14.66	14.2	18.78	10.43	18.13	16.92	12.84	13.13	6.73	13.26	16.96	18.94	12.25	11.31	16.94	17.38	12.86	11.7	20.97	19.01	19.82	10.42	11.25	15.64	19.83	20.56	19.16	17.52	12.29	19.75	20.3	18.84	14.32	16.96	23.92	19.15	15.86	16.77	19.7	17.38	18.86	27.09	14.79	19.67	18.65	16.79	13.28	11.75	23.67	16.76	13.15	11.94	17.61
523_24mo	33.08	14.81	18.36	20.3	20.77	19.91	15.76	12.24	23.74	29.42	15.17	20.48	26.69	23.33	17.65	16.97	27.09	22.29	16.91	22.32	21.34	28.22	24.52	33.49	22.77	16.07	21.64	19.77	18.18	12.45	25.97	15.34	16.15	22.65	16.74	22.12	19.18	12.27	27.43	23.1	16.8	73.09	30.55	26.79	62.72	27.55	12.35	20.24	17.91	28.75	9.24	16.78	16.67	23.36	21.48	27.39	16.04	9.2	14.61	27.42	34.96	19.36	34.18	16.94	18.1	74.82	55.56	19.44	9.59	20.32	15.4	23.97	27.68	27.21	18.53	30.07	30.22	20.3	23.51	12.93	22.48	22.45	27.14	25.0	22.28	25.1	19.9	13.36	20.3	19.05	26.84	16.22	31.68	9.11	20.75	31.43	33.98	27.73	19.8	26.2	18.65	19.71	16.01	27.21	37.03	20.26	31.6	19.18	16.02	18.12	14.82	20.21	24.81	13.68	13.1	25.4	37.66	20.48	15.45	30.89	22.82	28.94	25.97	37.89	38.55	16.98	22.5	14.69	23.09	14.94	26.0	37.73	23.26	11.7	19.57	18.5	22.09	18.37	8.45	18.57	14.01	17.7	26.25	19.49	27.81	17.95	26.79	0.0	33.21	12.06	15.38	27.78	21.04	25.3	20.67	19.58	21.36	21.64	22.19	11.61	16.23	19.95	18.14	14.7	17.56	0.98	26.83	23.19	12.64	16.69	17.69	16.57	21.87	2.61	19.85	20.66	17.95	14.7	20.29	20.77	32.06	15.85	16.29	15.9	14.86	22.5	20.05	23.46	17.94	28.04	8.8	23.59	23.3	33.53	27.7	34.4	18.7	32.71	11.48	31.47	15.02	19.63	12.27	19.99	27.14	33.07	12.34	18.28	3.94
183_father	17.06	20.79	27.89	18.9	15.43	19.48	20.66	16.15	26.13	19.81	12.92	18.38	13.14	20.29	10.65	15.54	7.25	18.52	22.96	15.58	15.58	18.67	21.33	16.73	16.58	15.4	19.0	18.41	14.37	21.04	26.87	13.37	12.78	18.16	15.06	13.07	19.1	27.19	24.97	15.01	19.99	74.94	10.08	16.71	51.02	7.38	13.22	16.56	17.94	20.35	26.02	19.87	26.8	26.03	21.34	14.06	20.25	11.85	20.72	7.29	15.16	18.24	17.22	10.14	28.02	57.97	39.06	11.18	16.84	18.9	22.8	23.41	17.34	17.35	12.81	10.38	17.78	18.9	20.24	11.46	24.23	24.15	17.36	20.45	23.99	13.34	20.26	22.69	18.9	15.69	20.86	20.4	17.0	19.28	15.46	0.0	19.2	26.78	24.26	19.26	19.58	23.08	20.11	17.35	14.23	20.24	0.04	15.75	20.15	15.16	20.62	18.47	20.43	8.4	16.7	19.88	24.56	21.65	14.61	10.36	18.44	17.78	26.14	23.07	22.96	15.68	17.87	17.06	27.44	21.16	32.22	15.9	18.48	16.25	14.77	20.96	13.13	18.38	22.62	20.93	17.8	22.83	24.6	14.54	14.88	22.34	19.25	33.21	0.0	11.55	9.18	12.99	16.8	11.95	13.17	19.92	12.69	18.31	13.08	14.77	20.26	20.31	14.74	12.77	13.87	19.01	19.9	20.47	10.63	16.39	18.49	20.33	23.1	14.36	20.12	21.16	22.34	10.91	10.08	15.43	0.09	29.26	16.01	20.99	12.17	19.93	18.51	20.17	15.31	21.02	25.68	16.58	7.95	18.18	17.79	17.65	22.34	19.53	20.61	16.11	21.11	20.13	21.04	18.56	26.05	17.72	15.41	9.82	21.34
792_mother	11.98	5.7	7.59	6.24	5.54	8.35	5.87	3.62	13.62	6.82	1.95	7.31	7.16	9.97	8.22	3.5	13.09	7.1	8.97	5.64	3.45	11.11	6.41	13.22	9.89	2.89	7.77	6.29	2.8	5.84	2.79	2.31	0.9	6.14	5.41	6.19	6.62	12.39	10.48	6.4	5.27	103.43	13.6	12.96	59.76	14.03	3.43	5.72	8.68	7.49	10.72	5.26	8.7	13.14	5.22	11.4	5.78	1.35	5.7	13.64	12.75	2.76	13.51	1.52	7.5	75.45	33.31	4.86	3.85	7.15	7.34	8.19	15.32	15.42	6.71	14.85	13.76	6.24	5.79	3.91	8.32	8.35	15.32	5.12	8.06	7.03	5.1	6.95	6.24	5.54	6.89	5.89	10.78	6.35	5.54	12.14	12.82	14.33	4.41	6.98	5.36	4.56	5.7	15.42	12.34	4.88	12.0	4.03	5.72	3.41	5.51	6.3	4.99	1.03	2.7	6.78	21.19	8.73	4.64	13.67	6.71	7.03	2.31	17.58	17.91	3.62	6.68	2.83	13.62	5.81	19.99	10.5	3.2	2.03	9.77	5.21	11.79	6.09	5.83	5.1	6.22	10.9	1.12	2.72	10.83	10.91	10.57	12.06	11.55	0.0	1.73	6.9	4.86	10.78	8.61	4.66	5.33	4.85	9.2	4.12	5.89	5.25	7.19	0.31	2.16	5.26	7.42	4.71	3.08	2.82	4.34	5.99	3.82	2.0	7.46	6.65	10.91	1.79	3.57	5.54	12.35	7.67	3.52	5.99	3.37	13.46	5.95	5.79	5.2	15.0	12.67	9.95	8.1	13.65	10.2	13.22	10.91	12.52	5.7	12.39	5.8	4.91	5.75	5.6	1.81	13.65	4.68	6.51	6.51
933_mother	0.83	7.63	14.24	10.17	4.93	8.18	7.48	4.8	11.81	8.4	3.38	4.78	8.37	8.38	6.21	0.71	8.62	7.67	14.43	6.44	2.66	10.02	10.3	1.13	12.2	5.35	6.76	8.88	3.4	7.27	12.46	0.14	2.12	10.05	5.67	8.52	9.49	15.49	11.56	5.13	8.2	83.83	12.57	13.81	53.95	9.07	3.99	8.14	5.2	8.63	13.13	8.3	12.77	11.41	5.43	8.53	7.6	1.85	7.5	8.81	8.38	6.55	1.34	3.52	13.03	58.33	31.8	5.23	4.24	7.9	9.45	7.94	10.72	10.76	4.96	13.55	10.79	10.17	8.7	2.41	13.44	13.55	10.68	8.57	13.2	8.25	5.23	12.39	10.17	4.47	9.12	7.93	0.57	6.51	4.95	8.96	11.32	14.06	9.56	7.96	8.56	9.42	7.64	10.74	8.83	9.2	9.27	6.22	7.64	5.16	7.41	9.18	8.56	2.89	2.51	8.79	18.29	10.6	8.17	12.68	9.52	9.17	11.93	11.57	11.34	0.8	9.13	5.11	12.23	6.63	19.11	0.71	6.08	2.59	10.5	5.44	7.52	10.76	8.71	5.24	7.65	10.05	11.93	3.42	8.24	10.07	8.23	15.38	9.18	1.73	0.0	7.99	7.79	8.48	7.05	4.94	4.41	5.56	7.55	2.69	7.94	5.29	6.36	3.14	1.52	5.66	8.23	8.29	2.48	5.84	5.4	8.03	5.37	2.14	10.53	9.9	10.07	2.37	3.38	4.93	9.34	13.38	0.79	7.84	6.35	11.81	9.92	8.64	7.07	10.51	13.26	13.7	7.23	1.24	8.73	1.11	10.08	13.24	6.99	10.15	6.63	5.32	7.07	5.94	11.81	1.21	3.88	6.32	5.52
981_mother	17.13	13.2	18.25	15.3	7.43	15.81	12.07	11.45	19.15	16.93	8.49	11.16	0.04	16.95	10.74	14.13	11.93	14.75	18.34	11.8	7.37	14.85	15.42	15.34	14.82	8.82	9.85	12.5	8.26	12.24	15.63	10.54	4.62	14.74	13.33	12.09	14.77	20.21	17.55	7.63	13.03	75.57	14.18	12.84	48.99	11.99	8.61	12.77	12.17	16.31	21.85	12.96	20.71	18.66	9.13	12.17	12.77	8.32	13.09	12.17	17.78	12.09	17.47	6.34	18.47	58.0	35.99	9.93	11.51	14.82	15.32	17.36	19.17	19.26	7.31	15.07	15.84	15.3	16.71	7.2	17.95	17.97	19.19	14.54	17.77	0.04	14.25	17.15	15.29	7.54	15.69	12.98	17.35	15.82	7.45	11.38	20.23	18.41	14.49	16.13	10.89	15.61	12.78	19.24	17.15	11.33	12.34	10.68	12.83	9.78	11.98	13.01	14.65	6.1	7.51	16.99	20.93	13.12	13.4	14.55	12.37	15.17	15.69	18.68	18.58	14.29	12.68	11.53	19.72	13.25	28.22	15.99	11.67	8.39	13.31	14.92	7.91	16.56	17.13	14.61	10.52	16.39	14.79	8.04	12.6	16.05	14.82	27.78	12.99	6.9	7.99	0.0	10.85	12.3	12.36	13.84	14.13	10.22	12.16	9.8	12.83	14.38	13.98	7.44	7.59	11.93	16.57	14.94	6.88	9.89	12.21	12.17	8.4	9.63	15.84	19.64	16.05	5.15	1.5	7.43	11.45	26.56	14.87	12.66	9.77	17.47	15.22	16.7	12.75	17.12	21.38	16.48	9.37	16.81	16.19	17.47	15.4	13.17	12.84	13.79	13.2	14.29	12.03	13.25	15.32	16.79	13.24	5.93	17.82
748_father	18.58	11.46	12.14	13.37	9.41	9.93	11.3	8.13	14.75	14.02	0.6	11.93	11.11	13.81	7.09	11.92	17.87	12.91	15.08	9.88	8.4	14.76	12.49	18.89	14.99	7.96	10.63	0.2	8.92	11.7	12.85	9.29	4.75	12.93	14.34	9.16	14.86	12.94	15.71	9.15	10.75	81.77	20.17	12.23	59.7	18.24	0.57	11.09	8.73	13.68	14.37	10.91	15.02	14.79	11.64	11.73	11.26	4.43	11.36	17.97	16.02	10.66	19.48	5.31	12.12	68.32	39.05	7.73	9.6	12.56	13.69	13.83	16.56	16.5	9.73	21.01	13.0	13.37	12.96	2.33	15.93	16.03	16.42	14.56	15.72	11.17	10.58	14.79	13.37	9.62	13.69	11.48	18.74	10.55	9.41	15.59	18.76	13.14	11.73	13.38	11.4	11.57	11.22	16.5	18.14	0.72	16.47	0.13	11.22	8.55	11.71	0.09	14.4	3.44	5.49	14.43	20.32	8.35	11.34	19.94	0.24	9.92	12.68	18.92	18.83	12.0	1.83	7.19	15.26	11.69	24.98	19.19	9.95	3.58	15.05	10.67	15.87	14.8	10.28	10.8	10.5	16.28	10.76	7.54	10.32	16.4	14.64	21.04	16.8	4.86	7.79	10.85	0.0	4.94	5.26	10.22	10.14	11.73	5.44	5.4	11.5	10.61	11.4	2.66	6.23	9.48	13.84	10.85	6.55	7.86	8.6	11.51	8.48	5.97	14.71	14.87	16.36	4.51	5.48	9.41	15.69	22.27	12.4	11.71	7.07	12.54	13.01	13.01	2.22	17.48	15.25	16.43	11.53	18.67	14.83	19.29	16.36	18.54	11.46	13.66	11.69	10.46	11.71	11.81	12.47	18.67	8.28	6.78	11.9
523_father	16.93	15.7	20.82	15.44	13.56	13.7	14.7	12.01	17.58	16.41	4.07	14.04	12.95	17.97	8.94	14.43	14.09	15.67	18.0	11.94	12.58	17.72	18.73	15.79	18.38	12.09	15.55	5.32	11.7	15.86	21.02	11.5	9.28	14.93	16.61	11.82	18.28	19.56	24.86	10.92	14.82	81.37	13.59	15.53	61.14	13.87	4.63	13.71	12.72	15.96	18.78	14.77	19.0	17.53	16.28	12.32	15.28	6.42	15.62	14.05	17.52	13.69	16.88	8.14	20.65	60.2	39.31	9.69	11.9	15.27	18.24	17.07	19.31	20.02	13.34	13.89	14.09	15.44	18.49	3.86	23.34	23.4	19.95	18.03	23.07	13.09	13.96	20.74	15.43	13.06	16.01	15.53	17.29	14.18	13.64	10.81	21.46	18.94	14.37	16.03	16.04	14.64	15.35	19.99	19.37	7.11	11.46	4.98	15.37	12.14	15.79	5.56	18.07	7.06	10.15	16.0	25.66	14.28	13.61	14.15	5.3	17.57	21.12	21.48	21.32	14.51	6.99	12.62	17.54	15.03	27.87	15.94	13.05	9.11	17.4	14.33	10.72	17.21	14.76	14.28	15.22	19.11	19.49	11.3	11.05	18.71	17.93	25.3	11.95	10.78	8.48	12.3	4.94	0.0	1.38	13.85	10.18	14.56	1.35	9.44	15.55	13.95	14.36	6.89	9.73	12.98	16.27	12.58	8.68	13.03	13.16	14.99	16.63	11.22	17.84	19.45	18.72	7.5	7.28	13.56	10.49	25.32	15.09	15.91	8.27	16.0	15.37	18.48	4.11	19.12	18.42	19.75	11.6	16.51	17.2	16.62	18.73	18.07	15.67	16.52	15.02	13.91	15.81	15.15	20.23	16.76	13.07	9.03	16.48
432_12mo	19.44	15.48	18.69	16.71	14.54	10.99	15.2	10.93	18.86	15.78	4.31	13.46	13.89	17.96	7.26	14.5	14.98	14.22	18.91	11.05	12.57	16.71	17.29	15.2	16.08	11.51	15.5	5.62	11.21	14.07	18.48	10.14	8.13	16.44	14.47	12.23	17.53	19.15	25.86	10.99	14.97	77.1	14.94	16.0	69.58	14.87	4.81	14.99	11.65	15.38	16.85	14.93	16.9	18.34	15.25	11.64	15.44	4.67	15.4	15.08	16.79	11.32	19.35	6.68	18.61	61.37	36.92	9.1	9.54	12.66	16.6	16.58	17.5	18.13	13.54	15.45	13.38	16.71	18.11	2.57	20.56	20.56	18.07	16.64	20.33	13.83	12.38	18.61	16.7	13.9	14.97	14.63	19.63	13.59	14.58	14.08	20.29	17.38	13.39	14.96	15.61	13.9	15.48	18.11	18.56	5.61	12.67	4.78	15.5	10.7	15.22	5.85	17.17	6.9	8.87	15.12	26.37	14.33	13.39	15.64	6.48	17.61	19.28	22.49	22.37	14.57	7.52	12.34	18.43	15.06	27.03	18.75	11.5	9.14	15.47	12.4	8.33	18.25	12.7	12.39	14.22	17.62	18.24	10.09	9.33	17.54	18.62	20.67	13.17	8.61	7.05	12.36	5.26	1.38	0.0	12.2	10.89	14.27	0.0	7.58	15.6	12.42	12.79	6.14	8.64	11.67	15.44	9.99	7.44	11.35	11.88	15.17	13.85	8.73	17.14	17.18	17.54	6.58	7.45	14.54	13.84	21.57	14.74	16.37	7.35	16.39	16.43	18.1	4.71	19.77	17.13	17.87	12.43	19.09	18.43	19.16	17.79	17.47	13.87	15.88	15.12	12.32	14.6	13.96	18.3	19.26	14.13	7.84	15.43
220_3mo	25.76	15.36	19.16	11.21	14.1	8.15	15.29	7.65	15.41	20.65	5.7	15.19	15.74	17.67	10.17	7.78	21.06	19.87	18.96	13.82	7.91	16.11	14.67	23.5	14.47	10.25	14.8	11.73	6.7	12.43	13.52	4.72	6.03	10.93	7.83	12.8	12.43	19.61	26.0	15.31	14.76	78.22	20.08	16.67	81.07	21.37	6.33	11.52	10.56	19.07	15.54	14.82	16.3	14.95	8.9	14.7	14.95	5.92	15.27	21.44	22.73	10.16	26.86	5.01	19.07	76.78	43.79	10.86	11.52	16.72	15.37	11.13	19.26	19.81	12.49	21.33	17.89	11.21	17.88	6.89	17.13	17.33	19.74	9.27	17.06	15.91	0.07	19.58	11.21	13.65	19.4	13.86	27.03	12.38	14.11	20.23	20.72	21.68	10.93	17.83	13.02	11.69	15.01	19.81	23.15	10.22	20.28	9.58	14.99	7.67	14.67	11.78	9.34	8.1	8.4	18.63	33.25	16.26	9.89	20.34	12.36	16.95	14.48	29.01	29.06	7.87	12.35	12.28	15.34	14.87	28.62	27.36	12.04	8.21	15.03	0.0	17.59	12.75	11.7	0.08	13.33	8.63	12.03	4.72	13.33	8.24	16.7	19.58	19.92	4.66	4.94	13.84	10.22	13.85	12.2	0.0	13.85	9.46	12.37	6.87	15.09	0.3	11.57	5.61	2.2	9.49	18.82	13.38	6.58	8.27	3.86	14.62	9.96	4.85	12.66	16.69	8.2	2.21	10.75	14.1	20.21	16.74	8.32	16.2	9.74	20.41	10.84	17.86	7.77	26.64	16.17	16.44	13.62	26.58	22.19	26.55	8.52	18.71	12.6	21.73	14.99	0.07	13.17	12.5	12.84	26.64	13.55	9.73	12.99
257_father	12.15	12.87	13.81	13.4	8.5	11.33	13.14	5.32	17.05	0.63	7.45	11.06	13.19	10.77	4.56	14.51	11.79	0.5	16.95	2.72	5.0	7.8	8.02	9.89	12.84	10.73	9.7	10.99	10.16	11.54	17.87	7.79	6.39	11.2	9.72	13.69	12.67	14.88	16.01	9.56	12.09	83.54	13.76	12.89	65.7	12.02	7.32	9.4	6.59	0.65	17.62	12.1	14.89	16.46	13.06	10.38	12.52	1.38	12.91	11.98	13.32	5.46	12.25	6.23	11.42	50.78	31.53	1.66	9.6	0.78	1.71	12.99	11.92	11.82	8.26	14.82	12.0	13.4	9.31	3.87	9.3	9.28	11.75	8.19	9.24	13.39	14.32	14.82	13.4	8.7	2.72	13.15	11.35	12.53	8.51	12.22	14.44	14.08	11.16	0.7	11.14	11.23	12.51	11.82	16.07	11.85	12.38	9.05	12.53	4.54	12.42	10.98	9.68	7.3	1.98	1.71	11.49	8.77	8.23	14.22	10.48	11.06	17.4	14.26	14.56	14.6	11.46	7.99	17.91	10.93	19.96	10.55	5.41	6.32	11.97	14.8	8.11	10.23	14.45	14.8	10.4	18.58	17.17	3.87	11.42	18.64	14.66	21.36	12.69	5.33	4.41	14.13	10.14	10.18	10.89	13.85	0.0	13.58	10.74	1.59	12.65	14.33	8.75	8.9	5.86	2.12	0.54	4.35	5.5	8.52	15.66	12.17	0.78	5.01	11.93	10.53	18.64	7.5	1.06	8.5	12.28	14.21	14.78	13.38	8.75	6.29	13.1	9.31	10.77	11.22	17.74	13.2	11.95	11.73	13.37	12.25	19.23	14.73	11.79	11.22	11.02	14.17	12.36	0.5	17.43	11.73	9.9	13.07	13.89
501_24mo	21.97	13.13	18.22	12.31	11.68	13.1	12.45	7.98	15.39	15.56	7.42	11.96	14.46	16.26	13.07	10.53	21.64	13.76	16.05	12.44	1.61	15.45	15.38	18.15	14.5	9.8	12.48	13.86	0.46	9.58	15.43	7.05	4.71	12.78	9.88	11.8	13.04	23.66	19.67	9.51	13.27	85.36	21.32	15.25	62.88	22.17	8.28	10.77	11.08	15.61	16.86	13.47	15.74	15.2	1.34	16.99	13.24	7.09	13.04	21.98	16.96	12.4	23.21	7.15	17.59	73.96	38.8	13.09	9.62	13.84	13.77	14.57	19.73	19.33	12.4	22.21	19.63	12.31	18.74	7.66	19.35	19.44	19.39	11.78	19.13	14.36	9.53	15.21	12.3	11.67	16.17	11.39	23.27	12.22	11.79	20.29	18.26	18.75	14.36	17.75	13.27	14.5	13.13	19.3	16.87	14.12	17.22	11.85	13.13	9.27	13.26	14.12	11.67	9.66	5.76	18.64	27.83	17.95	11.22	21.53	13.2	15.91	15.01	20.24	20.39	10.61	15.39	12.95	15.53	12.67	29.4	20.7	11.9	7.28	11.74	9.53	13.99	13.26	13.33	9.54	12.05	10.94	16.19	5.43	13.62	10.78	14.2	21.64	18.31	4.85	5.56	10.22	11.73	14.56	14.27	9.46	13.58	0.0	14.69	7.8	13.4	9.58	9.79	6.08	5.08	12.51	18.1	13.03	7.52	8.51	9.33	13.38	5.74	6.13	14.02	16.75	10.78	5.79	9.76	11.68	20.41	18.36	10.5	13.34	8.69	21.81	12.25	18.72	10.78	18.45	19.93	15.5	16.66	23.58	19.27	22.96	10.82	20.38	10.05	15.19	12.67	9.43	10.21	9.12	14.56	23.56	10.72	13.17	11.82
432_24mo	18.86	15.85	19.26	17.12	14.81	11.21	15.7	11.37	18.76	15.49	4.58	13.19	13.91	17.95	7.09	14.53	14.72	14.22	19.41	10.75	12.76	16.21	17.5	14.8	16.88	11.61	15.61	5.92	11.6	14.72	18.93	10.62	8.52	16.48	15.26	12.64	17.86	19.15	26.49	11.05	15.03	77.82	14.81	16.0	68.4	14.6	5.18	15.4	11.84	14.95	16.87	15.09	17.23	18.26	15.23	11.31	15.57	4.56	15.77	14.81	16.2	11.72	18.78	7.2	19.18	61.3	37.35	9.09	9.61	12.85	17.12	16.6	16.94	17.61	13.68	15.53	13.26	17.12	18.0	2.55	21.18	21.23	17.55	16.58	20.95	14.05	12.54	19.21	17.11	14.45	14.97	14.81	18.9	13.7	14.86	13.74	20.27	17.72	14.03	14.59	15.81	14.15	15.53	17.59	17.97	5.91	12.63	5.06	15.56	10.82	15.33	6.15	17.21	7.23	9.36	14.76	26.59	14.55	13.88	15.55	6.64	17.67	19.05	22.49	22.21	14.6	7.63	12.59	18.81	15.52	27.24	18.19	11.68	9.59	15.43	12.78	8.65	18.89	13.17	12.77	14.54	17.55	17.98	10.36	9.09	17.48	18.78	22.19	13.08	9.2	7.55	12.16	5.44	1.35	0.0	12.37	10.74	14.69	0.0	7.92	15.75	12.59	13.28	6.47	8.87	12.02	15.19	10.25	7.44	11.54	12.16	15.34	14.31	9.22	17.46	17.62	17.48	6.91	7.4	14.81	13.49	22.16	15.07	16.86	7.71	15.68	16.84	17.99	4.99	19.83	17.56	18.64	12.76	18.66	18.47	18.59	17.72	17.04	14.28	15.68	15.58	12.49	15.22	14.47	18.29	18.83	14.64	7.84	15.94
999_mother	14.14	7.5	11.9	7.47	6.8	4.03	6.99	1.71	12.93	1.23	3.01	9.28	9.92	8.68	0.12	7.94	13.62	1.06	10.83	1.31	4.69	7.27	10.26	13.09	9.52	5.34	7.9	6.78	5.41	5.97	13.82	4.18	3.79	7.07	6.63	9.46	8.33	13.35	19.39	8.73	7.2	81.96	16.23	8.52	62.37	14.21	2.69	6.53	2.33	1.28	10.61	7.24	9.29	12.38	7.56	10.12	7.5	0.86	7.4	13.94	13.75	3.74	15.21	4.62	11.64	59.9	36.7	1.46	7.59	1.18	0.8	9.95	12.3	12.17	6.35	17.16	12.01	7.47	8.57	0.49	12.61	12.58	12.1	6.53	12.39	9.84	7.14	10.99	7.46	6.8	1.17	7.31	13.66	8.47	6.81	13.98	12.24	14.17	7.38	0.93	6.35	7.72	7.51	12.15	16.38	6.23	13.93	5.12	7.52	2.66	7.21	6.91	7.49	3.47	1.31	1.11	14.47	10.32	5.09	16.22	7.83	13.64	14.31	14.59	14.27	8.02	7.76	6.18	13.09	7.33	17.45	13.21	4.3	4.14	10.54	7.15	11.32	6.46	7.67	7.15	6.03	10.9	12.8	2.52	10.46	11.37	10.43	11.61	14.77	4.12	2.69	9.8	5.4	9.44	7.58	6.87	1.59	7.8	7.92	0.0	7.64	7.14	6.57	2.12	2.32	1.01	1.34	5.4	4.94	3.87	6.01	7.15	5.44	2.81	8.16	8.69	11.37	2.3	0.93	6.8	14.13	10.01	8.04	7.43	4.17	6.5	7.19	8.57	4.22	12.66	10.98	11.27	8.34	15.57	13.3	14.98	11.61	16.4	6.49	10.02	7.41	7.06	6.29	1.72	13.61	15.55	8.8	6.65	9.56
907_12mo	20.24	0.17	7.45	15.9	10.07	12.58	0.15	8.35	17.68	14.31	5.22	11.54	13.9	10.13	12.53	14.7	18.99	12.64	8.74	8.34	8.67	15.86	16.6	18.0	12.63	0.4	11.77	14.86	11.34	0.32	20.57	10.2	4.82	13.12	14.67	9.76	12.26	13.8	21.56	9.44	0.96	90.04	23.68	13.53	79.04	19.17	9.99	10.95	11.86	14.6	10.76	0.95	7.4	17.21	12.98	14.19	0.16	3.08	0.17	19.27	19.3	11.38	21.27	7.98	7.71	74.59	44.41	11.41	1.16	12.63	9.21	11.58	19.79	19.88	9.73	25.12	15.89	15.9	14.68	5.71	18.76	18.66	19.82	14.19	18.55	14.09	15.39	8.77	15.9	9.68	15.16	0.0	18.93	10.11	10.09	19.85	18.89	16.32	14.77	14.12	1.16	13.85	0.16	19.88	20.72	14.12	20.52	12.19	0.16	8.67	0.79	14.88	13.72	2.49	0.91	14.86	25.03	11.08	11.12	24.01	14.28	18.34	20.21	23.46	24.15	14.77	16.08	4.72	18.43	0.21	19.48	18.13	11.93	2.51	11.94	15.7	12.64	14.0	5.96	15.76	0.76	17.08	16.3	8.04	12.34	17.18	18.13	16.23	20.26	5.89	7.94	12.83	11.5	15.55	15.6	15.09	12.65	13.4	15.75	7.64	0.0	15.43	11.31	9.87	9.58	6.45	14.67	12.14	7.65	5.85	12.8	0.0	13.25	3.35	11.82	13.99	17.18	6.79	8.16	10.07	20.04	22.3	14.96	0.3	0.84	15.26	15.43	14.63	11.85	18.95	11.89	12.1	13.42	20.38	18.39	21.09	17.64	18.68	0.16	16.73	0.28	15.26	0.27	10.41	20.05	20.38	10.38	9.18	10.43
220_1mo	25.88	15.7	19.56	11.48	14.33	8.25	15.4	8.11	15.61	21.16	5.88	15.51	16.17	17.71	10.21	8.11	21.44	20.54	19.16	14.29	8.23	16.6	15.03	23.61	14.96	10.57	14.94	11.78	7.01	12.79	13.85	5.04	6.29	11.23	8.08	13.03	12.7	19.74	26.61	15.5	15.1	79.13	20.25	17.01	81.22	21.64	6.58	11.83	10.84	19.52	15.84	15.15	16.62	15.0	9.14	14.81	15.29	6.27	15.62	21.49	23.37	10.45	27.16	5.29	19.47	76.49	44.29	10.91	11.96	17.26	15.81	11.49	19.64	20.2	12.79	21.64	18.17	11.48	18.12	7.21	17.43	17.56	20.19	9.63	17.36	16.3	0.11	19.93	11.48	13.84	19.84	14.21	27.37	12.74	14.45	20.5	20.95	21.97	11.16	18.47	13.29	11.78	15.34	20.18	23.33	10.5	20.7	9.79	15.33	7.96	15.04	11.99	9.77	8.34	8.9	19.0	33.53	16.55	10.25	20.68	12.42	17.37	14.81	29.27	29.12	8.15	12.4	12.49	15.54	15.22	28.86	27.49	12.32	8.53	15.29	0.15	17.88	13.03	12.03	0.11	13.79	8.87	12.03	5.11	13.72	8.42	16.92	19.95	20.31	5.25	5.29	14.38	10.61	13.95	12.42	0.3	14.33	9.58	12.59	7.14	15.43	0.0	11.87	5.97	2.5	9.85	19.19	13.89	7.14	8.74	4.05	14.88	10.09	5.29	12.88	17.11	8.42	2.51	11.12	14.33	20.53	17.03	8.71	16.49	10.26	20.62	11.29	18.05	7.98	27.04	16.38	16.92	13.96	26.89	22.46	26.85	8.76	18.68	13.01	22.19	15.34	0.22	13.52	12.84	12.95	26.94	14.08	10.25	13.41
418_mother	14.29	11.24	17.42	14.3	6.08	12.87	10.87	4.81	17.34	12.21	6.51	9.93	14.03	12.22	10.67	12.79	12.93	12.73	15.81	11.93	6.76	15.31	14.71	15.61	10.65	8.09	6.52	12.52	7.34	11.07	21.8	8.69	5.6	14.25	10.55	8.01	14.73	19.76	18.46	7.51	10.64	80.69	13.37	10.43	58.0	12.93	6.87	9.73	8.27	12.35	17.21	10.83	14.01	16.86	11.19	0.89	11.23	5.76	11.24	13.19	12.41	11.81	15.94	5.22	16.51	68.63	38.37	6.28	10.45	12.27	13.79	12.22	15.58	15.85	7.42	14.38	6.02	14.3	15.83	3.45	16.63	16.73	15.75	14.63	16.54	13.91	11.88	13.53	14.3	5.94	14.37	11.29	13.44	11.56	6.09	13.27	14.69	9.85	16.18	12.22	12.36	16.52	11.25	15.85	15.85	12.7	13.15	9.34	11.25	8.75	11.25	12.53	14.68	4.31	6.77	14.53	21.83	8.49	9.92	13.39	13.16	9.38	22.36	18.19	18.39	12.89	14.23	7.77	17.42	10.15	20.29	12.58	9.96	6.94	12.28	12.06	10.55	13.61	11.98	11.89	11.12	17.75	21.41	8.05	3.69	17.8	12.84	18.14	14.74	7.19	6.36	13.98	11.4	14.36	12.79	11.57	8.75	9.79	13.28	6.57	11.31	11.87	0.0	6.1	6.07	10.23	12.24	12.89	8.17	8.02	12.03	11.13	13.46	5.66	14.27	15.61	17.8	5.35	7.94	6.08	13.85	12.85	12.65	11.18	5.53	14.88	14.11	15.76	11.21	16.17	17.03	10.72	10.46	16.59	13.23	16.12	17.8	23.74	11.09	15.6	10.16	11.94	10.9	7.38	22.24	16.14	9.47	8.65	13.04
975_mother	17.07	9.65	7.91	7.78	8.52	5.71	9.22	2.88	14.22	8.4	1.87	8.44	9.13	14.02	2.98	6.75	14.07	5.21	11.34	5.06	5.23	9.12	6.91	13.8	12.58	5.84	10.87	3.92	3.94	7.27	1.7	3.37	0.54	7.41	6.0	7.6	7.08	12.9	13.38	7.37	9.26	69.05	16.29	11.33	58.43	14.64	2.43	5.77	1.71	8.33	10.76	9.38	8.08	13.67	5.45	11.55	9.71	1.81	9.55	14.4	15.16	5.54	18.09	1.13	7.91	59.35	30.1	6.44	5.08	5.54	6.76	11.93	15.81	15.87	7.59	17.18	12.18	7.78	10.79	0.71	9.46	9.54	15.81	7.63	9.26	9.05	5.92	9.55	7.77	8.52	7.99	8.8	16.66	7.4	8.54	13.84	18.62	10.86	7.41	8.81	8.92	7.98	9.64	15.85	15.31	3.23	11.99	2.4	9.66	3.53	9.51	3.99	8.3	2.81	2.11	9.56	18.91	9.02	5.84	16.44	4.02	8.21	1.28	16.24	16.03	6.87	5.1	4.81	14.21	9.98	21.07	16.97	5.22	3.59	10.86	6.08	9.55	6.86	6.57	5.93	8.87	10.61	0.07	3.57	7.89	11.17	13.13	14.7	12.77	0.31	3.14	7.44	2.66	6.89	6.14	5.61	8.9	6.08	6.47	2.12	9.87	5.97	6.1	0.0	2.57	6.97	9.23	5.86	2.44	4.72	4.25	9.34	3.56	3.21	8.25	9.25	11.17	1.86	4.68	8.52	13.99	13.29	7.1	9.72	5.3	12.76	7.46	10.79	4.17	13.43	12.6	13.88	9.56	17.61	15.43	17.91	10.77	13.01	7.81	9.9	10.05	5.99	7.52	4.09	0.91	17.6	6.31	5.65	6.85
327_mother	13.75	9.73	14.99	8.87	6.38	6.78	9.51	4.54	11.26	9.28	2.26	6.52	9.74	10.68	6.21	6.68	14.62	7.57	14.18	5.9	2.12	12.15	10.78	12.46	9.8	5.62	6.92	8.36	3.63	6.7	14.09	3.17	3.05	7.81	6.61	6.66	10.31	17.01	14.72	5.1	9.33	84.8	17.09	10.12	68.86	14.84	3.52	7.24	6.66	9.3	13.03	9.33	12.87	10.76	4.79	8.06	9.39	2.1	9.62	14.96	10.75	5.25	14.99	4.41	14.9	68.53	36.0	6.9	6.28	7.53	7.7	8.3	11.97	12.04	7.69	18.5	11.56	8.87	8.43	2.8	14.96	15.04	11.97	4.43	14.7	9.84	2.45	12.79	8.87	6.51	9.52	8.14	13.33	7.9	6.39	15.51	12.16	14.9	8.11	9.7	8.45	7.81	9.48	12.04	11.95	7.02	13.9	5.97	9.5	3.6	8.94	8.36	4.32	5.52	2.86	10.01	17.15	11.81	5.94	17.32	8.33	11.24	14.41	15.73	15.55	6.77	8.27	9.71	11.59	9.74	22.74	13.39	5.64	3.69	10.79	2.5	8.62	8.43	9.26	2.47	7.9	7.04	14.0	1.02	7.24	6.81	6.73	17.56	13.87	2.16	1.52	7.59	6.23	9.73	8.64	2.2	5.86	5.08	8.87	2.32	9.58	2.5	6.07	2.57	0.0	5.78	10.19	6.84	2.75	4.05	2.11	9.65	6.72	3.55	9.77	8.48	6.81	0.43	4.07	6.38	15.67	14.76	6.74	9.86	5.04	11.68	8.36	8.43	4.52	13.33	13.88	10.04	9.27	14.68	12.14	14.73	6.81	19.7	7.14	11.1	9.74	2.38	7.29	6.45	13.91	14.68	6.16	4.49	8.72
523_mother	15.3	6.43	9.29	9.45	6.69	8.75	6.64	3.39	16.01	0.65	4.37	7.12	11.9	9.09	4.51	10.67	16.84	0.15	8.81	1.8	5.96	7.33	11.68	15.36	12.23	5.61	7.03	11.16	9.26	4.63	17.12	6.54	4.55	7.88	10.12	9.93	8.25	9.07	16.41	7.71	6.5	73.1	19.35	12.05	59.91	17.62	5.27	7.54	4.96	0.56	6.22	6.41	8.02	15.45	11.73	12.75	6.25	0.78	6.18	17.37	15.81	4.33	16.48	6.76	8.45	60.17	42.57	1.74	4.09	0.52	0.41	11.84	12.99	13.07	7.49	20.52	15.6	9.45	9.78	1.57	13.08	13.07	12.99	8.51	12.86	11.86	9.8	7.71	9.45	6.73	2.04	6.04	14.37	4.58	6.7	17.87	17.31	17.24	7.81	0.58	6.72	7.29	6.36	13.07	19.02	11.33	19.0	8.64	6.36	4.65	6.27	11.49	8.3	5.01	1.77	0.66	18.37	10.6	5.4	19.54	11.11	15.72	16.89	15.29	15.44	10.75	11.72	5.51	16.23	5.75	14.8	15.54	4.7	2.85	9.91	9.93	10.41	7.41	5.46	9.95	5.51	10.94	13.99	4.94	13.58	10.91	13.26	0.98	19.01	5.26	5.66	11.93	9.48	12.98	11.67	9.49	2.12	12.51	12.02	1.01	6.45	9.85	10.23	6.97	5.78	0.0	0.78	3.67	4.27	5.01	9.98	6.45	7.72	1.1	8.31	11.26	10.91	5.28	2.86	6.69	18.03	10.39	11.21	6.87	4.52	8.61	8.92	9.78	7.68	11.97	6.17	13.95	11.64	14.81	11.69	16.23	11.47	19.15	4.22	11.61	5.84	9.58	4.55	3.64	16.41	14.81	5.74	6.82	4.16
756_24mo	13.55	14.85	14.46	14.39	12.12	14.73	15.35	5.69	20.88	0.05	12.08	14.36	15.48	15.0	7.75	19.87	16.77	0.06	19.29	0.42	6.8	9.46	11.63	12.52	18.05	12.53	12.8	16.44	14.59	12.71	18.09	13.11	9.81	12.43	16.37	15.8	14.19	20.39	19.08	13.46	13.75	87.26	21.06	13.98	70.74	17.27	10.08	11.78	13.21	0.05	21.52	14.02	16.76	20.31	18.01	16.21	14.8	1.11	14.92	16.99	17.08	5.77	13.64	10.66	14.28	56.59	38.08	2.01	13.66	0.48	0.18	17.62	17.2	16.98	10.6	22.27	19.53	14.37	14.55	7.44	11.22	11.01	16.92	11.21	11.09	15.75	19.11	17.42	14.39	12.42	0.05	14.54	13.19	18.28	12.15	17.77	18.27	22.07	13.95	0.46	12.42	12.76	14.43	16.97	19.7	15.88	19.53	13.95	14.45	7.16	14.44	16.97	11.19	8.58	6.1	0.34	17.33	15.74	7.84	21.39	16.48	17.02	17.56	16.87	17.04	19.96	16.93	11.59	21.85	15.06	21.7	10.42	5.79	8.35	15.21	19.72	10.4	10.77	16.89	19.77	12.36	20.5	16.24	5.69	19.21	20.12	16.96	26.83	19.9	7.42	8.23	16.57	13.84	16.27	15.44	18.82	0.54	18.1	15.19	1.34	14.67	19.19	12.24	9.23	10.19	0.78	0.0	5.19	10.36	7.65	18.5	14.69	0.62	7.06	13.91	13.69	20.12	8.8	0.61	12.12	17.83	18.66	21.05	15.9	10.47	14.52	14.31	14.55	15.82	13.48	22.12	20.09	14.81	13.94	18.43	13.62	21.32	16.26	12.28	17.52	15.14	18.94	13.48	0.11	17.66	13.94	13.1	14.61	18.72
128_mother	16.25	11.75	11.57	7.57	9.08	13.97	11.88	6.56	16.22	5.97	7.97	13.32	14.41	12.79	10.65	16.32	13.79	6.36	19.58	4.91	6.71	17.95	8.39	16.42	14.63	8.74	12.93	11.75	7.86	11.04	10.26	11.7	6.48	7.49	17.15	10.68	11.73	18.59	21.08	11.33	11.42	81.29	21.88	14.9	99.38	14.38	6.72	7.95	17.43	6.05	21.95	11.91	13.75	15.72	12.82	16.92	12.09	4.19	11.74	13.91	19.62	0.0	16.36	7.33	11.22	85.71	46.66	3.24	10.85	5.5	5.63	14.86	14.51	14.95	9.46	22.7	20.62	7.57	12.41	8.15	10.72	10.71	14.87	7.24	10.6	14.28	13.82	19.02	7.57	7.87	5.79	12.12	14.8	19.43	9.1	18.28	16.62	22.6	5.44	5.56	11.26	6.39	11.76	14.95	23.48	10.41	18.97	10.27	11.76	3.37	11.01	11.74	7.25	4.56	4.98	5.89	27.77	14.02	6.1	22.34	12.81	15.16	11.5	24.34	24.94	16.45	13.64	7.83	15.89	11.04	19.23	13.5	0.0	5.63	15.47	13.76	12.53	8.35	14.83	13.84	11.3	17.88	12.86	3.12	18.64	17.17	18.94	23.19	20.47	4.71	8.29	14.94	10.85	12.58	9.99	13.38	4.35	13.03	10.25	5.4	12.14	13.89	12.89	5.86	6.84	3.67	5.19	0.0	7.09	7.33	12.55	11.36	2.19	5.31	10.44	11.32	17.17	5.19	2.92	9.08	18.18	9.54	16.23	12.56	6.98	19.92	7.58	12.33	11.44	19.97	20.42	15.07	10.98	16.88	20.31	16.03	18.62	12.86	10.98	23.51	11.18	13.53	12.02	4.03	10.81	17.2	14.37	11.46	19.93
220_father	12.0	7.43	9.05	6.59	8.19	9.72	6.93	4.77	11.14	10.72	4.17	10.45	7.22	5.64	8.67	7.9	10.71	10.63	14.69	7.83	5.6	11.26	5.18	11.07	10.0	4.12	10.22	8.26	4.08	6.6	7.06	4.9	2.19	6.52	9.56	9.91	7.7	9.05	13.45	7.81	7.66	54.07	16.11	12.74	46.05	10.7	3.66	6.87	10.25	10.3	9.68	7.66	11.75	10.62	7.61	12.43	7.26	3.86	7.25	10.73	8.92	5.5	12.18	3.28	9.14	50.26	38.76	5.42	6.13	10.54	9.29	7.81	6.24	6.32	8.11	17.11	15.11	6.59	4.11	4.89	8.34	8.4	6.24	5.54	8.26	7.09	7.07	12.25	6.59	8.09	10.09	7.65	12.47	6.56	8.22	9.98	7.44	15.23	6.29	10.08	7.06	7.5	7.43	6.32	9.59	6.72	10.79	5.81	7.45	1.27	7.21	8.61	5.81	2.9	1.45	10.39	20.36	8.11	5.77	16.98	8.45	9.74	7.49	16.49	16.59	8.11	9.4	5.22	11.26	7.57	20.73	10.26	7.08	2.76	12.68	7.14	10.32	6.51	9.19	7.08	5.29	4.9	7.27	3.12	12.63	5.01	12.25	12.64	10.63	3.08	2.48	6.88	6.55	8.68	7.44	6.58	5.5	7.52	7.44	4.94	7.65	7.14	8.17	2.44	2.75	4.27	10.36	7.09	0.0	6.41	5.13	7.49	4.49	3.25	9.16	3.82	5.01	2.09	3.58	8.19	10.35	10.18	8.43	7.47	5.17	11.72	6.53	4.04	7.81	15.03	10.16	12.58	8.41	12.55	10.68	12.43	4.71	11.86	6.65	13.4	7.56	7.0	6.52	6.85	7.36	12.3	6.7	6.55	7.5
792_father	17.35	5.84	11.65	9.39	8.08	7.31	5.97	4.63	15.33	7.11	4.11	10.68	10.21	10.65	5.93	10.19	14.0	6.41	13.27	5.4	6.05	8.46	14.23	16.78	10.53	3.16	8.26	11.09	6.45	6.18	13.73	8.22	3.83	8.93	11.62	7.72	10.52	16.16	20.11	9.24	5.65	62.83	16.38	11.42	48.26	14.78	5.22	7.78	8.19	7.34	12.64	5.79	9.11	14.67	6.91	9.99	5.85	1.98	5.84	14.46	18.58	6.95	18.84	4.05	11.97	71.05	33.69	5.76	6.37	6.54	5.63	11.57	15.0	14.89	7.54	18.01	13.21	9.39	12.73	3.34	17.14	17.21	14.8	9.26	16.98	10.35	8.67	11.81	9.39	8.32	7.63	5.9	15.6	10.38	8.09	14.91	17.78	14.85	11.04	7.17	6.08	11.67	5.59	14.89	19.46	9.26	15.48	7.24	5.54	5.77	5.66	11.16	8.65	3.4	4.13	8.54	18.29	10.51	7.07	16.33	11.1	10.91	13.77	19.48	19.74	10.37	12.09	6.05	16.14	6.08	16.89	17.98	6.89	4.13	12.23	9.01	12.61	10.39	8.09	8.94	5.08	12.94	10.53	4.61	9.84	13.42	11.31	16.69	16.39	2.82	5.84	9.89	7.86	13.03	11.35	8.27	8.52	8.51	11.54	3.87	5.85	8.74	8.02	4.72	4.05	5.01	7.65	7.33	6.41	0.0	5.6	5.83	7.83	5.35	11.0	13.52	13.42	2.95	4.02	8.08	15.13	13.9	10.56	6.03	3.99	10.62	9.11	12.73	8.41	15.32	14.32	10.61	8.84	18.23	16.45	18.58	12.84	15.37	6.17	15.65	6.07	8.47	6.22	5.59	13.07	18.23	10.32	4.45	10.73
432_mother	25.11	12.58	16.7	10.86	13.04	7.95	13.23	6.55	16.62	19.71	4.37	15.48	14.26	16.35	11.94	8.55	19.63	18.21	17.63	12.72	7.66	15.7	15.13	22.92	12.78	8.29	14.79	10.48	7.16	10.49	12.27	6.3	4.72	11.19	11.12	12.17	12.27	19.76	25.67	13.43	12.38	69.97	21.21	15.7	68.0	20.24	5.41	9.87	9.4	20.05	14.8	12.54	14.89	16.01	7.54	16.95	12.65	5.97	12.49	19.93	22.82	10.39	26.34	5.06	16.96	71.19	42.46	11.29	8.99	15.87	14.72	11.41	18.46	18.27	11.84	22.02	18.76	10.85	15.92	5.98	18.77	18.91	18.21	10.0	18.55	14.27	4.08	17.7	10.85	12.54	18.79	11.58	25.57	11.99	13.13	18.79	20.54	21.04	11.44	17.83	11.4	11.68	12.57	18.25	22.8	9.01	18.01	8.44	12.58	6.53	12.48	10.63	9.14	7.12	6.91	18.82	30.18	16.95	8.73	21.42	11.54	16.41	12.16	28.55	28.26	8.63	11.81	11.53	17.03	13.11	27.47	27.69	11.82	6.66	16.23	4.11	17.57	12.01	11.69	4.09	11.4	10.49	8.83	4.81	14.8	10.21	16.94	17.69	18.49	4.34	5.4	12.21	8.6	13.16	11.88	3.86	15.66	9.33	12.16	6.01	12.8	4.05	12.03	4.25	2.11	9.98	18.5	12.55	5.13	5.6	0.0	13.12	9.46	5.85	13.76	15.0	10.21	0.95	10.37	13.04	19.1	17.04	8.85	13.36	8.0	19.31	10.64	15.86	7.36	25.59	15.92	14.31	12.0	26.47	21.83	26.36	10.18	19.95	10.43	20.66	13.19	3.99	11.0	11.87	11.6	26.15	12.56	6.99	11.8
907_24mo	19.05	0.14	8.03	15.68	8.58	12.48	0.15	7.92	18.15	14.32	5.46	11.29	13.1	10.13	11.57	15.37	18.25	12.64	8.73	8.34	7.37	15.87	16.66	17.86	12.63	0.42	10.7	15.07	11.35	0.32	20.73	10.16	4.81	12.65	14.67	9.53	11.89	13.82	20.78	8.62	1.0	89.88	23.9	13.51	84.84	18.43	9.99	10.96	11.59	13.99	10.62	0.99	7.41	17.64	13.23	14.31	0.14	3.08	0.14	18.55	19.29	11.04	20.16	7.98	8.34	74.59	44.4	10.91	1.16	12.72	9.21	11.36	19.56	19.73	9.38	25.4	15.45	15.68	13.52	5.71	19.06	18.98	19.66	14.22	18.86	13.26	14.84	9.02	15.68	8.75	14.59	0.0	17.59	9.93	8.59	19.9	18.9	15.74	14.78	14.24	1.19	13.67	0.14	19.73	20.87	14.31	20.6	12.36	0.14	8.73	0.77	15.09	13.96	2.49	0.92	14.72	24.6	11.09	11.17	24.22	13.73	18.2	20.7	22.63	23.36	15.45	15.66	4.72	18.61	0.22	18.74	16.49	11.05	2.72	11.37	15.16	12.64	13.93	5.96	15.23	0.78	16.86	16.51	7.85	12.35	16.76	17.38	16.57	20.33	5.99	8.03	12.17	11.51	14.99	15.17	14.62	12.17	13.38	15.34	7.15	0.0	14.88	11.13	9.34	9.65	6.45	14.69	11.36	7.49	5.83	13.12	0.0	13.26	3.0	11.47	13.49	16.76	6.86	8.23	8.58	20.05	22.25	15.7	0.26	0.72	15.4	15.12	13.52	12.01	18.29	11.93	12.1	12.61	19.23	18.4	19.93	17.45	18.69	0.17	16.19	0.3	14.71	0.27	10.42	20.06	19.23	9.46	8.42	10.51
544_mother	15.94	13.13	11.61	10.42	9.58	11.07	12.8	10.27	13.63	0.35	6.45	5.18	9.02	15.95	4.53	12.52	16.52	0.17	18.38	2.11	5.36	7.24	6.53	15.32	21.15	9.27	9.97	9.16	4.64	13.29	8.13	8.61	3.9	11.08	15.27	11.24	13.69	14.47	10.5	4.92	12.88	69.75	22.07	15.11	63.2	17.4	7.17	11.31	11.09	0.47	17.11	13.02	18.01	13.01	4.85	9.87	13.17	1.22	13.02	17.07	12.59	6.71	17.08	5.78	11.51	60.93	37.38	1.43	4.97	0.57	8.8	11.76	9.61	9.71	10.45	23.23	13.23	10.42	14.71	2.5	9.53	9.43	9.7	9.43	9.29	8.91	10.09	17.91	10.41	9.58	0.5	12.88	16.32	13.01	9.71	21.11	20.39	14.97	11.04	0.68	13.78	10.31	13.14	9.69	15.92	8.48	22.06	7.82	13.14	8.71	13.32	9.43	9.21	4.38	7.16	0.39	18.64	10.81	10.16	22.66	9.94	9.72	7.97	13.71	13.54	12.61	10.34	7.42	13.62	13.32	22.59	17.12	5.7	4.28	10.79	10.09	13.08	12.11	14.04	10.1	11.09	13.58	7.29	7.03	11.03	13.06	12.86	21.87	23.1	3.82	5.37	8.4	8.48	16.63	13.85	9.96	0.78	5.74	14.31	5.44	13.25	10.09	13.46	3.56	6.72	7.72	0.62	2.19	4.49	7.83	9.46	13.26	0.0	5.02	13.62	16.44	13.07	4.34	1.76	9.58	21.31	16.31	12.82	13.83	11.44	12.78	10.19	14.69	10.9	11.82	19.2	22.7	10.85	17.46	12.28	16.86	13.91	14.18	12.45	11.46	13.43	9.92	13.32	6.39	7.72	17.44	10.23	6.03	13.51
668_mother	15.29	3.14	3.78	4.85	4.48	8.54	3.04	2.34	12.52	7.2	2.23	6.23	9.06	7.25	5.61	5.03	12.03	7.74	6.12	6.73	6.18	14.66	0.32	16.19	8.16	2.71	7.32	5.96	2.58	3.15	7.38	2.82	1.62	4.9	6.25	7.18	3.21	3.48	12.68	6.94	3.61	88.09	14.05	11.04	70.81	12.71	3.51	5.03	6.66	7.51	4.02	3.71	5.3	12.11	6.84	10.23	3.26	1.08	3.14	12.45	14.36	3.23	16.66	2.57	2.68	80.94	39.92	3.84	2.28	6.97	5.16	10.59	11.47	11.32	4.65	15.11	12.83	4.85	9.16	2.05	0.91	1.06	11.24	5.32	0.7	8.96	5.23	4.67	4.85	4.48	8.64	3.35	13.93	2.08	4.48	13.38	14.64	11.27	4.14	6.67	3.59	4.53	3.14	11.32	17.72	5.82	13.43	3.58	3.15	2.49	3.37	5.97	6.13	1.37	1.17	6.47	22.29	4.5	3.86	14.03	6.8	7.77	7.98	20.54	21.12	5.13	7.27	0.61	12.71	2.34	15.01	14.7	3.96	0.83	3.34	5.25	10.43	4.21	2.67	5.23	3.54	8.1	8.3	3.93	10.82	8.7	11.7	2.61	14.36	2.0	2.14	9.63	5.97	11.22	8.73	4.85	5.01	6.13	9.22	2.81	3.35	5.29	5.66	3.21	3.55	1.1	7.06	5.31	3.25	5.35	5.85	3.0	5.02	0.0	2.08	9.4	8.7	3.38	3.52	4.48	13.59	3.0	5.05	3.1	2.25	11.14	4.55	9.16	5.14	16.46	4.25	8.35	7.91	16.08	9.91	16.41	8.74	11.81	3.23	11.89	2.44	5.01	3.08	4.8	7.42	16.08	5.27	6.53	2.44
131_24mo	25.89	11.67	11.71	7.95	11.61	14.43	11.14	6.79	23.3	14.1	8.67	16.99	15.88	18.43	10.44	13.18	22.21	11.79	16.15	11.52	11.78	22.66	8.25	25.65	20.47	9.33	14.19	15.63	7.25	12.24	14.96	11.52	7.11	7.96	10.93	15.51	0.12	18.63	24.09	15.33	12.18	97.7	20.67	19.58	81.42	23.06	7.96	8.0	13.18	14.45	17.91	12.18	11.17	22.9	14.22	19.53	11.65	7.31	11.58	22.51	26.2	5.99	26.96	4.98	10.71	108.24	46.64	8.46	12.37	11.04	10.63	17.83	28.4	28.0	12.48	21.73	22.78	7.95	15.39	9.71	7.89	7.9	27.93	9.72	7.89	15.75	12.66	15.38	7.95	11.61	15.13	11.82	25.72	12.86	11.63	19.63	26.85	24.72	10.29	13.89	10.89	10.81	11.67	28.0	26.08	15.85	19.52	13.07	11.65	4.74	11.85	15.64	10.66	5.48	6.88	13.82	27.38	17.15	7.93	20.57	15.89	19.38	15.51	24.44	24.38	13.27	16.93	6.88	23.63	10.87	26.49	25.71	7.61	6.31	5.84	12.57	18.76	7.41	12.19	12.67	11.82	17.06	12.66	7.14	17.78	17.29	20.97	19.85	20.12	7.46	10.53	15.84	14.71	17.84	17.14	12.66	11.93	14.02	17.46	8.16	11.82	12.88	14.27	8.25	9.77	8.31	13.91	10.44	9.16	11.0	13.76	11.47	13.62	2.08	0.0	14.62	17.29	8.78	9.4	11.61	19.8	13.0	13.04	11.57	9.75	21.8	7.76	15.39	12.45	21.62	15.75	20.55	15.66	25.98	21.11	26.75	16.63	16.56	12.25	23.01	10.9	12.7	12.27	7.14	15.03	25.98	13.44	14.46	14.44
257_mother	19.6	13.89	18.53	13.69	12.14	15.6	14.16	9.46	21.36	15.13	10.74	22.46	18.06	14.57	14.36	15.7	20.44	13.49	18.25	13.37	11.46	29.56	16.24	19.92	17.35	11.55	15.27	16.12	12.23	13.75	18.86	12.63	10.75	13.87	15.78	16.0	15.09	23.07	22.27	16.79	13.63	114.63	29.35	18.69	93.9	21.12	9.41	11.95	15.45	15.68	20.66	13.62	13.2	21.02	16.35	20.56	13.83	12.49	13.88	20.67	18.63	9.32	20.79	12.28	19.09	90.25	49.83	12.62	16.06	14.15	13.67	15.71	17.14	17.21	15.42	30.4	22.91	13.69	0.0	11.74	18.13	18.19	17.14	14.62	18.03	17.99	17.06	18.64	13.69	12.14	15.52	13.97	17.63	17.02	12.15	21.66	19.28	27.4	14.04	14.12	13.15	14.16	13.89	17.21	21.11	14.5	22.28	14.3	13.92	0.0	13.28	16.13	15.16	7.84	3.82	15.36	22.1	20.9	11.5	28.91	17.58	21.2	19.71	24.79	25.1	15.78	16.2	12.11	21.36	14.27	21.54	18.16	9.39	9.94	17.96	17.11	18.75	13.5	16.89	17.08	13.95	20.24	20.71	8.09	21.9	20.82	19.01	20.66	21.16	6.65	9.9	19.64	14.87	19.45	17.18	16.69	10.53	16.75	17.62	8.69	13.99	17.11	15.61	9.25	8.48	11.26	13.69	11.32	3.82	13.52	15.0	13.49	16.44	9.4	14.62	0.0	20.82	9.41	12.02	12.14	21.84	13.46	15.68	14.23	11.44	17.7	13.6	0.0	13.17	20.8	20.49	17.72	17.12	19.84	18.99	20.53	21.55	27.03	14.01	22.27	14.35	17.01	14.27	9.99	19.47	19.84	13.57	16.27	18.07
960_12mo	28.05	17.49	24.03	13.84	14.88	16.76	17.34	14.23	18.43	22.04	10.93	13.12	17.47	19.37	13.91	13.4	20.39	21.95	22.85	17.07	8.79	14.25	18.82	26.41	20.48	12.68	15.96	16.89	9.34	15.62	19.34	10.77	8.78	13.53	16.18	16.37	16.05	17.45	29.8	14.68	17.29	72.88	23.82	18.84	71.32	20.59	13.05	14.09	16.94	20.81	14.97	17.3	22.29	17.93	9.82	18.94	17.11	7.96	17.42	20.64	24.64	13.31	29.22	11.29	23.95	73.94	43.94	14.98	9.96	19.0	18.57	17.96	17.07	17.15	15.21	25.15	22.39	13.83	21.19	12.2	23.48	23.51	17.09	11.55	23.37	17.76	8.42	24.59	13.83	14.62	21.91	16.28	29.34	11.77	14.92	22.57	23.55	26.99	14.86	19.98	16.26	15.39	17.03	17.13	24.11	17.0	22.71	14.97	17.09	11.66	16.55	17.31	12.08	13.37	11.82	20.7	35.17	20.36	13.09	23.65	17.41	20.4	19.42	26.3	26.99	13.51	17.27	16.92	18.88	17.06	32.54	28.76	14.81	12.58	18.91	8.7	18.34	15.46	15.2	8.58	14.65	0.13	19.85	8.92	18.88	0.0	19.82	17.95	22.34	10.91	10.07	16.05	16.36	18.72	17.54	8.2	18.64	10.78	17.48	11.37	17.18	8.42	17.8	11.17	6.81	10.91	20.12	17.17	5.01	13.42	10.21	16.76	13.07	8.7	17.29	20.82	0.0	7.19	12.25	14.88	22.75	21.14	14.2	18.27	14.71	24.44	13.68	21.13	13.06	24.06	13.98	21.69	18.48	28.02	25.72	29.11	0.0	23.62	15.68	22.4	17.08	8.47	16.34	15.69	18.47	27.9	17.56	17.16	12.22
300_mother	13.01	6.54	11.83	7.37	2.12	5.19	6.7	3.34	12.41	9.89	1.26	4.0	5.64	9.74	6.05	5.73	10.07	8.22	11.01	5.93	2.98	9.29	10.04	12.99	9.04	3.52	2.62	6.08	4.82	5.62	8.89	3.77	0.43	6.94	6.65	4.34	7.6	13.56	15.13	3.88	6.2	74.18	12.25	9.48	63.3	10.35	2.58	5.52	4.97	9.34	11.28	6.33	10.56	11.88	4.78	6.64	6.63	2.01	6.44	10.43	12.75	4.55	14.0	1.54	11.86	62.05	33.25	4.37	3.8	7.46	8.19	8.25	11.99	12.09	4.18	13.05	8.38	7.37	8.11	0.75	13.14	13.1	12.03	6.26	12.92	5.56	2.51	10.34	7.37	2.15	9.13	6.69	12.17	7.0	2.13	10.14	14.56	12.04	7.15	8.41	5.81	6.9	6.54	12.07	13.31	4.99	10.1	4.22	6.55	2.89	6.12	6.19	5.68	1.91	2.2	9.31	17.2	8.33	5.68	12.17	6.47	8.72	9.63	17.64	17.3	5.81	6.86	5.65	12.39	6.49	19.7	12.33	4.14	2.45	8.98	2.54	6.54	8.3	7.7	2.51	6.12	7.23	6.96	1.09	6.68	7.18	10.42	14.7	10.91	1.79	2.37	5.15	4.51	7.5	6.58	2.21	7.5	5.79	6.91	2.3	6.79	2.51	5.35	1.86	0.43	5.28	8.8	5.19	2.09	2.95	0.95	6.86	4.34	3.38	8.78	9.41	7.19	0.0	2.59	2.12	10.44	14.69	5.83	7.29	4.03	10.93	7.1	8.06	4.15	15.14	11.86	10.61	5.64	13.22	11.06	13.98	7.08	12.19	5.32	11.71	6.56	2.41	6.07	5.4	9.01	13.05	6.34	2.36	7.81
116_father	8.33	8.15	10.17	10.38	3.77	9.11	8.45	5.04	12.3	0.18	3.78	4.63	1.54	10.77	4.38	11.25	8.5	0.37	13.15	1.09	3.21	4.98	7.18	7.04	12.78	4.99	4.12	8.43	7.64	7.29	11.54	6.05	1.87	7.55	9.07	6.96	8.7	12.97	13.05	3.7	7.53	78.24	11.14	8.33	64.01	8.45	4.93	7.09	6.39	0.28	15.33	7.9	12.89	11.76	10.1	7.1	8.22	0.15	8.18	8.7	10.06	3.52	8.52	3.13	10.11	49.73	31.27	1.36	5.72	0.42	2.61	9.78	11.06	10.92	3.95	12.02	10.13	10.37	9.04	2.35	9.75	9.62	10.85	6.76	9.54	1.49	11.06	11.82	10.37	3.82	0.28	8.13	7.44	10.75	3.78	9.37	14.05	12.94	7.27	0.34	6.95	6.68	7.92	10.9	11.59	7.39	9.33	6.66	7.93	4.67	7.39	8.68	6.87	2.67	2.92	0.19	12.44	7.92	6.43	11.37	7.57	9.63	11.35	12.39	12.52	11.4	8.89	6.55	12.89	8.45	19.84	5.67	2.92	2.94	9.6	11.4	2.8	9.24	10.5	11.38	6.77	12.43	8.38	2.72	8.36	12.25	11.25	20.29	10.08	3.57	3.38	1.5	5.48	7.28	7.45	10.75	1.06	9.76	7.4	0.93	8.16	11.12	7.94	4.68	4.07	2.86	0.61	2.92	3.58	4.02	10.37	8.23	1.76	3.52	9.4	12.02	12.25	2.59	0.0	3.77	9.42	16.88	11.82	8.74	5.11	10.0	10.15	9.04	7.78	10.66	14.39	14.73	6.95	8.45	10.44	8.52	12.98	9.21	7.39	9.04	8.53	10.93	8.1	2.19	11.01	8.44	7.1	5.94	11.86
865_24mo	15.58	10.12	17.21	14.16	0.0	11.15	8.72	6.9	16.01	12.54	6.77	7.42	8.54	11.61	12.16	13.3	13.8	9.77	12.64	8.4	5.82	14.28	13.69	14.82	9.63	7.44	6.38	12.99	9.71	6.05	19.94	7.16	2.25	11.44	8.51	8.45	10.96	18.09	21.2	6.09	9.62	92.8	14.92	9.41	68.65	14.17	7.59	9.85	10.32	13.17	17.23	9.66	13.73	15.51	11.99	9.14	9.9	5.89	10.02	14.04	16.2	9.2	16.58	5.59	17.01	69.28	41.31	8.05	7.9	9.2	8.04	11.62	15.63	16.28	3.23	16.06	11.28	14.16	11.89	2.42	15.76	15.74	16.22	10.71	15.53	8.55	14.33	12.82	14.16	0.0	13.19	9.79	15.02	14.16	0.0	13.93	13.69	13.25	11.72	11.99	8.52	11.76	9.92	16.26	15.93	12.69	14.51	10.83	9.94	5.22	9.27	13.38	11.99	4.6	3.65	12.03	20.9	10.52	8.86	15.11	12.6	15.13	20.94	20.61	20.84	13.37	14.46	9.16	15.97	9.37	23.1	14.52	9.21	7.29	11.24	14.79	8.62	10.09	12.29	14.63	9.06	14.92	17.27	4.18	9.52	14.88	15.64	20.77	15.43	5.54	4.93	7.43	9.41	13.56	14.54	14.1	8.5	11.68	14.81	6.8	10.07	14.33	6.08	8.52	6.38	6.69	12.12	9.08	8.19	8.08	13.04	8.58	9.58	4.48	11.61	12.14	14.88	2.12	3.77	0.0	13.89	19.42	13.83	9.69	5.96	13.9	13.89	11.84	9.63	17.93	15.52	11.21	10.75	16.37	14.85	16.21	14.48	18.17	7.52	13.89	9.44	14.42	6.5	6.8	19.29	16.53	11.88	7.88	15.48
183_24mo	16.22	20.77	28.39	20.22	13.89	18.8	20.07	15.88	27.51	18.84	12.33	16.13	12.35	19.61	12.74	18.22	6.95	17.34	22.16	14.65	15.06	16.22	21.09	16.06	16.89	15.04	17.13	18.65	17.28	20.95	28.32	13.36	12.08	16.77	15.27	12.21	18.52	25.64	25.38	12.56	19.88	72.87	10.28	15.49	51.03	7.07	14.01	15.62	16.5	18.4	26.1	19.72	25.83	27.16	23.02	11.64	20.17	10.49	20.69	7.09	14.38	19.39	16.38	9.16	28.55	51.33	39.26	10.0	16.69	17.21	22.8	21.08	16.04	15.98	10.38	10.54	14.85	20.22	19.09	11.03	23.94	23.86	15.99	20.12	23.7	12.5	20.48	23.66	20.21	14.23	18.91	20.92	16.81	19.9	13.93	0.0	18.65	24.73	23.26	17.37	18.49	21.85	20.11	15.96	13.26	20.97	0.0	16.7	20.16	15.0	19.57	19.42	20.47	8.01	16.6	17.77	20.36	19.52	14.07	10.57	17.08	17.16	27.36	22.4	22.32	18.35	17.72	16.05	28.7	20.8	30.14	15.42	17.9	15.79	13.9	21.11	11.73	18.47	22.49	21.08	16.81	23.45	23.58	14.23	12.79	22.75	19.83	32.06	0.09	12.35	9.34	11.45	15.69	10.49	13.84	20.21	12.28	20.41	13.49	14.13	20.04	20.53	13.85	13.99	15.67	18.03	17.83	18.18	10.35	15.13	19.1	20.05	21.31	13.59	19.8	21.84	22.75	10.44	9.42	13.89	0.0	31.85	19.38	21.16	11.98	19.96	19.88	19.08	16.34	20.08	25.26	18.19	7.16	17.04	17.9	16.37	23.33	18.66	20.88	15.51	20.85	20.36	21.6	17.47	27.12	17.03	17.03	9.3	22.14
142_father	29.98	22.24	21.34	12.05	19.42	17.31	23.38	3.28	22.38	17.83	15.14	22.94	27.4	20.41	17.86	19.14	27.41	13.35	24.18	18.59	13.39	26.83	13.81	27.57	18.74	18.93	22.22	21.16	12.21	14.46	20.13	16.43	13.37	12.53	12.58	23.51	13.59	27.62	28.4	22.77	21.81	73.39	32.57	26.63	80.72	28.2	4.47	12.11	16.56	18.31	22.45	21.66	20.59	22.24	16.49	28.92	22.17	10.98	21.88	27.79	27.02	12.64	31.25	13.96	19.22	82.03	53.56	16.68	10.72	11.45	12.23	20.46	22.01	22.09	19.02	33.62	29.49	12.05	19.91	11.22	10.02	10.08	22.01	13.2	9.86	27.42	16.98	18.56	12.05	19.42	20.67	20.1	27.0	17.24	19.38	31.66	23.78	29.26	17.68	18.44	21.9	16.99	22.25	22.09	31.46	22.65	29.44	18.46	22.26	9.71	19.19	21.17	12.95	14.49	10.55	19.44	41.28	25.95	6.55	33.45	22.83	26.64	20.87	29.59	29.85	19.23	23.03	15.94	22.38	20.62	23.46	32.65	13.6	11.57	13.68	17.04	19.16	7.08	21.42	17.0	20.39	21.56	22.51	11.87	26.83	21.14	20.56	15.85	29.26	7.67	13.38	26.56	22.27	25.32	21.57	16.74	14.21	18.36	22.16	10.01	22.3	17.03	12.85	13.29	14.76	10.39	18.66	9.54	10.18	13.9	17.04	22.25	16.31	3.0	13.0	13.46	21.14	14.69	16.88	19.42	31.85	0.0	19.21	23.75	17.71	31.56	11.82	19.91	17.33	20.3	22.4	19.13	21.64	31.3	32.34	31.03	22.33	34.19	14.23	31.79	20.72	16.94	15.09	10.22	20.55	31.3	15.23	15.06	13.19
933_father	24.89	14.82	15.98	12.84	13.83	11.79	16.09	7.46	21.63	19.33	5.38	14.56	16.8	18.74	11.76	0.0	19.69	16.81	17.38	16.31	8.46	19.54	12.45	22.37	15.62	11.34	15.55	13.32	7.12	13.43	14.74	0.09	5.27	12.84	8.4	13.38	12.92	19.62	22.35	14.29	15.23	96.89	17.89	18.18	85.22	20.46	8.4	11.07	10.42	20.72	14.63	15.21	14.75	21.44	9.99	17.61	14.84	5.76	14.74	19.98	22.06	14.03	25.94	5.55	14.34	87.7	39.83	12.99	12.7	15.53	15.58	16.46	22.38	21.97	11.4	18.74	19.65	12.84	18.18	8.62	16.37	16.32	21.91	13.47	16.18	16.71	8.67	17.26	12.84	13.35	21.23	13.2	24.82	9.93	13.85	19.09	21.01	21.54	13.58	20.3	13.8	12.95	14.83	21.97	21.62	14.04	16.31	11.81	14.83	10.67	14.6	13.33	12.81	9.37	7.53	21.66	32.58	17.84	9.59	18.06	13.35	14.66	14.89	25.5	25.51	0.0	14.03	11.29	22.4	13.76	29.78	26.39	15.63	8.18	14.38	8.71	17.93	13.7	11.26	8.67	13.76	14.32	14.47	8.55	13.99	14.2	19.16	16.29	16.01	3.52	0.79	14.87	12.4	15.09	14.74	8.32	14.78	10.5	15.07	8.04	14.96	8.71	12.65	7.1	6.74	11.21	21.05	16.23	8.43	10.56	8.85	15.7	12.82	5.05	13.04	15.68	14.2	5.83	11.82	13.83	19.38	19.21	0.0	16.23	9.81	22.51	12.53	18.13	10.39	21.42	16.67	15.52	15.76	26.45	23.2	25.96	14.82	19.21	12.83	17.98	13.84	8.58	14.23	12.26	14.41	26.18	11.09	12.84	9.01
802_12mo	19.4	0.19	7.85	16.99	9.69	13.29	0.19	8.24	19.14	14.79	5.64	11.53	14.48	10.29	13.29	16.28	20.36	12.49	9.15	8.53	7.45	17.06	17.51	18.53	12.51	0.62	11.83	15.71	11.4	0.0	22.01	10.1	5.0	13.62	14.79	9.65	12.13	14.73	20.72	8.69	1.02	90.29	26.1	14.3	72.0	20.6	9.97	10.86	12.08	14.94	11.28	1.0	7.39	18.61	13.91	15.56	0.15	3.14	0.19	20.68	19.82	11.84	20.55	8.16	8.14	74.32	45.0	11.61	1.25	13.36	9.23	11.88	21.8	21.74	9.94	27.11	17.38	16.99	15.26	6.13	19.42	19.5	21.66	14.66	19.21	14.38	16.44	8.82	16.99	9.08	15.12	0.31	18.05	10.06	9.71	20.88	19.38	16.34	14.68	15.37	1.22	14.41	0.19	21.74	21.67	14.89	20.68	12.72	0.15	8.96	0.82	15.72	14.42	2.66	0.87	16.04	25.45	11.41	11.56	26.48	14.6	18.5	22.05	20.74	21.49	16.37	17.18	5.01	19.56	0.2	19.79	16.91	12.11	2.78	12.26	16.38	13.36	13.96	5.91	16.45	0.87	18.4	17.78	8.27	12.84	18.27	17.52	15.9	20.99	5.99	7.84	12.66	11.71	15.91	16.37	16.2	13.38	13.34	16.86	7.43	0.3	16.49	11.18	9.72	9.86	6.87	15.9	12.56	7.47	6.03	13.36	0.26	13.83	3.1	11.57	14.23	18.27	7.29	8.74	9.69	21.16	23.75	16.23	0.0	0.68	15.78	16.4	15.21	12.67	17.33	12.47	11.97	13.03	19.63	18.42	20.38	18.27	20.08	0.22	16.37	0.2	16.28	0.0	10.36	21.91	19.58	9.41	8.34	10.35
861_24mo	12.89	0.69	6.07	11.08	5.96	9.6	1.29	5.77	14.09	10.48	3.52	6.72	10.01	7.77	8.17	9.74	12.12	9.36	6.23	5.74	6.93	9.76	14.01	12.37	7.08	0.8	6.53	9.24	6.16	0.78	15.09	7.64	3.81	10.71	11.66	5.33	10.42	11.06	15.25	6.91	0.13	72.96	11.52	8.33	51.77	12.64	5.24	8.69	7.69	11.17	7.42	0.12	5.55	13.83	8.61	7.45	0.68	2.28	0.7	12.26	13.36	6.61	13.42	4.67	6.25	54.67	34.31	4.86	0.33	9.06	6.37	9.99	14.6	14.48	6.25	12.62	8.88	11.08	10.96	2.53	16.18	16.11	14.4	10.96	16.06	10.11	10.16	4.89	11.08	5.69	11.11	0.84	11.36	6.9	5.97	11.54	14.66	9.88	8.61	10.38	0.11	7.98	0.68	14.48	16.34	7.95	11.81	6.29	0.68	5.74	0.79	9.01	10.92	1.26	0.63	11.0	18.03	6.45	7.42	11.47	9.66	10.77	14.42	17.56	18.15	9.82	10.36	2.93	14.99	0.78	16.55	11.91	6.81	1.97	8.68	10.36	6.94	10.48	3.09	10.44	1.74	14.79	13.66	5.34	6.06	14.71	12.29	14.86	12.17	3.37	6.35	9.77	7.07	8.27	7.35	9.74	8.75	8.69	7.71	4.17	0.84	10.26	5.53	5.3	5.04	4.52	10.47	6.98	5.17	3.99	8.0	0.72	11.44	2.25	9.75	11.44	14.71	4.03	5.11	5.96	11.98	17.71	9.81	0.68	0.0	9.82	10.9	10.95	6.66	14.83	8.99	9.36	7.98	13.14	10.92	13.58	14.33	13.94	0.79	10.45	0.78	10.05	0.74	8.14	14.18	12.87	5.18	3.24	6.69
960_mother	15.43	15.4	17.69	26.17	13.9	13.55	15.44	10.97	24.26	13.92	11.66	16.62	17.83	16.51	9.23	21.57	21.15	12.76	19.86	9.68	10.28	14.51	22.06	16.0	20.74	12.1	13.41	17.12	20.16	12.66	28.24	15.52	12.08	22.3	19.12	15.62	21.32	18.73	21.79	13.81	14.89	69.47	22.39	16.63	54.57	21.04	13.46	19.42	10.98	13.81	18.37	14.92	18.49	23.63	22.51	15.63	14.96	7.74	15.26	21.27	20.29	17.63	15.51	13.52	18.51	48.47	33.3	10.25	16.43	12.42	10.3	18.6	22.02	21.96	15.33	23.51	17.23	26.15	13.04	6.04	24.65	24.56	21.9	19.37	24.42	18.1	20.61	17.27	26.15	13.94	14.33	15.06	14.8	16.25	13.94	19.45	24.11	16.59	22.58	14.24	14.04	21.75	15.05	21.93	22.55	15.75	20.11	14.14	15.07	10.49	14.83	17.27	19.28	10.53	6.46	14.82	14.92	12.02	18.26	22.67	15.97	15.99	27.07	16.85	17.17	21.65	17.93	15.09	25.38	16.12	22.59	13.71	17.9	10.87	18.62	21.08	13.43	24.37	14.42	21.22	11.12	24.54	20.93	10.49	14.84	24.44	19.75	22.5	19.93	13.46	11.81	17.47	12.54	16.0	16.39	20.41	6.29	21.81	15.68	6.5	15.26	20.62	14.88	12.76	11.68	8.61	14.52	19.92	11.72	10.62	19.31	15.4	12.78	11.14	21.8	17.7	24.44	10.93	10.0	13.9	19.96	31.56	22.51	15.78	9.82	0.0	25.8	12.98	16.88	15.66	20.87	22.96	16.82	14.73	17.03	15.8	24.47	20.04	12.84	15.21	16.1	20.43	13.35	12.13	27.92	14.42	13.82	13.47	17.46
968_3mo	28.28	15.3	14.7	0.36	13.89	12.45	15.56	1.55	14.64	13.13	7.21	15.15	17.79	18.77	13.51	12.19	23.81	10.72	14.17	9.92	9.35	18.35	12.21	24.93	20.93	11.07	17.31	14.1	6.86	13.24	12.72	10.3	6.39	0.37	12.95	14.27	7.0	21.23	27.01	13.65	15.05	79.69	22.81	16.23	79.23	24.7	5.53	0.36	13.68	13.33	18.53	15.17	13.29	14.83	11.27	21.1	15.36	5.66	15.21	23.85	26.12	6.78	29.37	6.88	13.68	81.65	49.41	12.11	11.28	9.52	9.49	16.77	21.46	21.42	13.72	23.15	24.04	0.36	17.54	8.88	14.1	14.09	21.34	7.51	13.98	17.67	11.3	17.95	0.4	13.19	14.05	13.59	30.31	15.46	13.82	19.91	23.68	25.62	10.77	13.83	16.25	12.02	15.29	21.55	26.15	15.86	17.81	12.42	15.27	1.74	15.32	14.12	6.88	8.4	6.02	14.06	35.03	19.88	0.05	22.3	13.83	20.54	13.23	26.01	26.38	12.27	14.61	10.33	14.54	14.18	28.49	29.41	9.18	5.49	16.86	11.39	18.22	0.21	14.04	11.31	15.36	14.06	12.23	5.37	18.63	13.71	20.3	20.05	18.51	5.95	9.92	15.22	13.01	15.37	16.43	10.84	13.1	12.25	16.84	7.19	15.43	11.29	14.11	7.46	8.36	8.92	14.31	7.58	6.53	9.11	10.64	15.12	10.19	4.55	7.76	13.6	13.68	7.1	10.15	13.89	19.88	11.82	12.53	16.4	10.9	25.8	0.0	17.57	8.58	20.89	17.22	22.13	17.13	28.52	27.16	29.11	14.0	22.98	12.99	23.69	14.3	11.39	13.48	4.32	11.97	28.66	15.31	16.43	16.12
257_12mo	18.09	14.83	18.75	17.62	11.84	14.93	13.89	10.59	20.89	16.29	10.98	20.47	15.98	12.95	16.31	17.24	18.68	12.78	17.45	12.76	10.28	23.88	17.47	18.41	14.81	11.71	14.02	16.2	15.78	11.85	21.33	11.47	9.69	15.57	15.84	15.85	15.69	21.38	21.63	15.43	14.35	99.18	25.62	15.8	73.03	19.18	8.86	13.22	15.71	17.26	20.03	14.29	12.91	20.36	18.6	17.89	14.39	11.4	14.71	19.02	17.79	11.44	19.03	11.08	19.28	65.38	49.94	12.2	15.62	13.85	11.89	16.33	16.11	17.0	12.65	27.1	19.62	17.62	0.0	11.12	19.45	19.51	16.99	11.7	19.35	16.19	18.01	17.88	17.62	12.11	17.16	14.85	17.51	16.46	11.94	19.23	15.97	23.5	13.42	15.03	13.29	13.98	14.54	16.98	19.13	15.0	21.12	14.03	14.56	0.04	14.0	16.65	12.51	8.16	2.32	15.87	18.05	17.35	11.97	25.19	16.73	19.67	21.36	22.61	22.69	17.3	16.38	11.6	21.02	14.45	22.17	16.86	11.43	9.71	17.98	18.36	18.72	14.48	16.45	18.42	12.83	20.83	20.37	6.19	19.62	21.12	18.84	23.46	20.17	5.79	8.64	16.7	13.01	18.48	18.1	17.86	9.31	18.72	17.99	8.57	14.63	18.05	15.76	10.79	8.43	9.78	14.55	12.33	4.04	12.73	15.86	13.52	14.69	9.16	15.39	0.0	21.13	8.06	9.04	11.84	19.08	19.91	18.13	15.21	10.95	12.98	17.57	0.0	13.52	21.07	19.79	16.51	15.81	18.2	16.7	18.5	21.81	23.89	12.37	19.42	14.52	17.86	12.49	10.6	20.78	18.54	13.04	15.96	18.24
819_father	22.57	12.01	14.97	9.06	9.63	8.85	12.35	6.32	13.85	15.96	0.97	13.47	13.84	14.58	7.86	10.19	18.18	15.26	13.09	12.41	7.14	17.64	13.54	20.94	12.94	8.13	11.84	2.08	7.56	10.52	15.52	7.77	5.1	9.03	11.09	8.34	12.94	15.14	19.43	10.51	11.41	90.53	17.58	11.39	85.31	18.43	0.65	8.26	7.96	16.36	14.11	11.37	13.72	13.67	10.05	14.55	11.69	5.68	11.92	18.44	19.81	8.03	23.67	6.12	14.12	74.15	41.21	9.82	10.56	13.56	11.97	13.32	18.57	18.63	9.59	18.3	15.4	9.06	13.52	4.07	16.98	17.01	18.57	11.88	16.75	13.99	7.99	15.43	9.06	9.79	17.13	10.84	22.16	10.11	9.64	16.2	19.38	16.63	9.41	15.21	11.4	9.06	11.77	18.63	21.76	3.93	15.09	1.36	11.79	6.89	11.6	2.09	11.66	6.54	4.8	15.19	27.12	11.7	7.16	17.5	2.41	13.0	15.34	23.91	23.86	10.27	3.35	9.88	14.16	11.27	26.7	23.94	9.11	4.2	15.21	8.15	14.33	10.15	10.75	8.11	10.89	13.23	12.7	6.31	12.7	13.06	14.32	17.94	15.31	5.2	7.07	12.75	2.22	4.11	4.71	7.77	10.77	10.78	4.99	4.22	11.85	7.98	11.21	4.17	4.52	7.68	15.82	11.44	7.81	8.41	7.36	12.01	10.9	5.14	12.45	13.17	13.06	4.15	7.78	9.63	16.34	17.33	10.39	12.67	6.66	16.88	8.58	13.52	0.0	19.29	13.39	13.28	13.24	21.87	20.38	23.43	13.7	21.46	10.61	17.29	11.34	7.94	11.02	10.6	15.01	21.87	8.45	10.69	10.8
208_mother	15.38	18.84	19.22	20.83	17.93	19.39	17.01	10.76	25.29	12.02	15.66	21.51	18.14	17.08	16.94	21.41	21.56	11.93	25.72	11.37	0.94	17.06	20.81	13.61	22.59	17.11	19.01	19.39	14.68	16.6	25.13	15.63	13.58	19.54	15.19	20.49	20.29	27.42	21.53	15.47	18.7	95.62	28.55	21.17	75.1	21.39	12.67	17.13	14.22	11.88	28.53	18.82	21.23	25.22	21.17	21.53	19.12	13.11	18.83	21.5	17.05	16.16	15.34	16.22	19.67	68.15	34.67	14.4	21.6	13.25	12.04	22.21	24.45	24.53	18.33	28.75	19.0	20.83	21.07	11.47	22.74	22.46	24.45	21.79	22.72	18.01	27.07	24.08	20.83	17.93	12.09	18.95	14.49	24.66	17.94	20.0	20.2	18.5	23.43	13.29	18.57	25.55	18.83	24.53	17.84	20.0	20.64	17.04	18.85	13.34	18.57	19.39	21.14	12.24	10.37	13.32	21.25	14.39	18.55	29.28	18.97	21.47	25.77	0.33	0.41	21.53	20.79	16.03	25.29	19.54	18.68	11.04	17.63	15.7	25.3	27.14	16.17	20.01	20.65	27.12	15.2	23.51	22.18	12.57	17.74	24.06	16.96	28.04	21.02	15.0	10.51	17.12	17.48	19.12	19.77	26.64	11.22	18.45	19.83	12.66	18.95	27.04	16.17	13.43	13.33	11.97	13.48	19.97	15.03	15.32	25.59	18.29	11.82	16.46	21.62	20.8	24.06	15.14	10.66	17.93	20.08	20.3	21.42	17.33	14.83	15.66	20.89	21.07	19.29	0.0	29.87	23.35	19.97	15.14	19.97	15.34	23.08	23.05	18.83	15.95	19.66	26.99	17.25	9.42	25.5	15.14	18.17	20.45	24.25
120B_father	28.18	11.64	14.78	17.57	15.52	15.24	12.53	12.63	20.02	24.33	10.06	14.41	19.91	18.49	15.61	16.43	20.87	24.48	15.19	18.96	14.68	18.64	20.14	28.33	21.58	10.84	17.16	17.08	16.18	13.72	23.57	13.02	10.99	15.96	15.32	16.07	15.5	3.49	27.1	17.95	11.98	79.65	25.5	21.22	74.57	21.15	13.46	15.32	15.14	24.6	6.96	12.14	12.31	19.44	18.95	20.93	11.91	5.29	11.68	21.29	30.09	16.23	29.29	12.11	14.42	66.72	54.41	15.71	10.78	21.7	16.79	17.28	23.34	22.5	14.18	26.41	23.67	17.56	19.85	11.25	23.42	23.31	22.43	19.04	23.21	19.83	16.32	16.41	17.56	15.11	24.55	11.85	29.47	7.05	15.57	24.77	28.17	23.35	14.64	22.17	13.46	13.64	11.63	22.47	31.45	16.92	25.35	14.73	11.64	13.06	12.97	17.14	18.89	9.02	9.67	21.54	35.35	12.94	14.24	25.63	17.01	23.09	23.19	31.73	32.63	16.47	17.93	10.3	20.59	11.55	27.65	30.62	17.43	8.4	20.89	16.36	21.87	17.96	5.92	16.33	11.31	14.3	21.74	14.08	19.61	13.97	23.92	8.8	25.68	12.67	13.26	21.38	15.25	18.42	17.13	16.17	17.74	19.93	17.56	10.98	11.89	16.38	17.03	12.6	13.88	6.17	22.12	20.42	10.16	14.32	15.92	11.93	19.2	4.25	15.75	20.49	13.98	11.86	14.39	15.52	25.26	22.4	16.67	12.47	8.99	20.87	17.22	19.79	13.39	29.87	0.0	22.83	18.79	28.49	23.36	29.5	14.55	27.72	12.44	24.87	11.63	16.23	13.45	16.82	23.35	28.07	13.05	18.4	7.35
120B_24mo	20.72	12.11	23.41	22.37	11.21	18.58	13.58	13.28	24.11	18.29	11.66	19.49	17.04	13.97	14.59	16.85	19.84	17.99	19.01	18.51	13.32	20.47	24.53	22.05	0.0	8.68	12.71	18.84	11.28	12.06	28.3	14.87	12.13	22.2	14.6	5.11	20.64	27.43	19.07	13.62	11.57	91.7	23.6	14.52	59.01	20.09	13.32	19.7	14.96	19.57	22.46	11.46	19.31	23.59	17.64	16.99	11.81	12.69	12.11	20.22	16.57	11.68	22.34	12.1	23.85	73.69	45.96	13.53	10.83	18.51	17.13	13.92	16.19	16.19	12.68	24.59	19.16	22.33	16.51	8.22	26.47	26.56	16.21	19.02	26.19	17.06	16.82	16.49	22.37	11.21	21.28	12.1	18.49	18.23	11.23	18.08	7.86	22.62	19.56	19.78	11.77	19.52	12.11	16.19	16.42	15.74	16.77	15.81	12.11	15.66	12.09	17.6	18.96	10.85	10.87	20.09	24.36	19.42	16.6	23.61	19.19	18.01	29.16	27.25	28.66	16.97	19.28	16.9	24.2	12.04	29.25	20.7	13.57	13.08	15.92	16.83	17.73	20.89	16.58	16.84	13.28	22.59	24.82	10.18	16.08	21.69	19.15	23.59	16.58	9.95	13.7	16.48	16.43	19.75	17.87	16.44	13.2	15.5	18.64	11.27	12.1	16.92	10.72	13.88	10.04	13.95	20.09	15.07	12.58	10.61	14.31	12.1	22.7	8.35	20.55	17.72	21.69	10.61	14.73	11.21	18.19	19.13	15.52	11.97	9.36	22.96	22.13	16.51	13.28	23.35	22.83	0.0	15.77	22.03	16.15	22.0	21.71	25.56	12.11	17.61	12.04	16.56	12.08	15.91	28.65	22.03	11.63	7.66	16.73
276_24mo	16.94	13.35	19.4	17.47	10.75	10.66	12.64	9.17	20.81	15.3	8.69	13.67	9.83	14.24	12.61	15.45	3.81	14.06	18.14	10.89	10.55	14.34	17.81	15.91	13.77	9.75	12.7	14.73	13.2	11.96	19.14	9.81	6.86	15.22	11.16	11.32	14.65	19.36	21.69	11.34	13.48	74.64	14.5	14.05	60.45	3.91	9.87	13.78	10.08	15.44	18.33	13.5	18.4	20.17	15.27	12.65	13.28	5.88	13.26	3.95	19.02	12.25	17.62	4.84	19.8	58.75	34.76	9.13	9.76	13.0	14.65	14.35	16.16	16.25	5.67	15.06	15.06	17.47	15.82	5.69	19.53	19.61	16.18	14.6	19.32	9.84	13.91	16.85	17.46	10.75	15.14	13.86	16.51	13.7	10.77	7.02	19.25	19.25	17.01	14.28	12.56	16.88	13.34	16.23	19.29	13.52	7.22	12.65	13.35	10.28	13.03	14.97	14.61	1.76	8.77	14.51	21.37	13.41	12.6	14.8	13.82	15.39	20.06	22.45	22.4	15.53	15.15	9.08	20.79	13.51	21.42	16.5	12.69	9.43	13.52	13.95	10.63	16.56	14.16	13.92	11.37	18.56	16.41	8.18	13.25	18.48	15.86	23.3	7.95	8.1	7.23	9.37	11.53	11.6	12.43	13.62	11.95	16.66	12.76	8.34	13.42	13.96	10.46	9.56	9.27	11.64	14.81	10.98	8.41	8.84	12.0	12.61	10.85	7.91	15.66	17.12	18.48	5.64	6.95	10.75	7.16	21.64	15.76	13.03	7.98	16.82	17.13	15.81	13.24	19.97	18.79	15.77	0.0	17.11	15.85	17.64	18.82	16.85	12.82	16.48	13.59	13.86	12.44	11.63	18.79	17.1	12.73	0.07	14.86
121_father	0.0	20.85	29.62	29.1	16.37	23.23	18.39	15.86	22.62	13.34	17.95	16.08	17.28	15.33	18.92	24.72	16.96	13.39	26.52	11.16	14.57	17.86	25.81	0.0	20.28	18.4	16.18	24.15	21.88	15.52	35.11	12.22	13.39	24.87	20.65	19.24	25.42	28.98	20.47	12.96	20.05	86.54	22.53	20.85	66.14	16.85	16.48	22.95	17.9	12.97	27.73	20.12	27.51	22.1	24.77	16.17	20.38	10.6	20.71	17.06	12.26	19.36	0.0	16.24	29.53	55.52	41.23	11.82	15.85	14.06	16.94	21.52	16.38	16.45	15.28	23.65	16.94	29.06	18.2	11.03	27.26	27.05	16.39	22.99	27.0	17.59	26.82	21.21	29.1	16.77	13.17	20.42	0.05	21.4	16.35	17.0	16.04	22.2	25.83	13.81	17.58	25.24	20.29	16.45	13.93	23.81	18.48	20.09	20.29	14.69	18.98	25.25	23.88	12.6	12.5	13.71	19.5	19.13	20.76	23.14	22.32	21.58	33.33	17.57	17.31	24.8	22.88	18.2	23.34	20.99	22.71	0.16	17.84	16.0	20.54	27.7	10.16	24.68	22.59	27.71	17.65	28.1	28.22	13.91	15.69	28.02	16.77	33.53	18.18	13.65	1.24	16.81	18.67	16.51	19.09	26.58	11.73	23.58	18.66	15.57	20.38	26.89	16.59	17.61	14.68	14.81	13.94	16.88	12.55	18.23	26.47	19.23	17.46	16.08	25.98	19.84	28.02	13.22	8.45	16.37	17.04	31.3	26.45	19.63	13.14	14.73	28.52	18.2	21.87	15.14	28.49	22.03	17.11	0.0	13.16	0.0	27.18	24.86	18.06	16.9	21.1	26.79	16.07	13.56	33.64	0.0	14.82	15.51	21.76
960_father	13.79	18.07	21.16	27.25	14.85	22.45	17.33	14.13	21.36	17.99	13.91	15.52	17.04	13.55	18.43	22.2	19.98	16.72	18.93	12.91	9.83	22.71	18.88	13.62	15.35	14.72	12.8	20.14	17.78	15.83	29.14	12.42	11.87	22.94	17.24	13.81	20.6	21.74	4.39	13.41	17.9	87.81	20.08	18.57	56.85	19.27	15.08	18.93	16.87	16.45	25.15	18.13	23.92	20.7	22.78	18.67	18.23	11.34	17.9	20.11	10.88	17.46	13.82	11.22	20.77	52.02	45.2	11.07	18.66	18.11	17.3	20.25	15.62	15.87	12.55	20.69	21.21	27.25	16.71	12.34	19.65	19.57	15.88	19.13	19.62	17.05	22.47	15.39	27.23	14.85	16.9	18.34	14.31	15.32	14.9	17.91	12.25	20.6	21.78	18.23	15.53	22.0	18.09	15.85	12.1	20.41	17.96	16.21	18.08	12.82	19.54	21.2	18.97	11.88	11.07	18.05	17.21	15.48	18.98	20.92	17.67	14.23	29.33	19.5	19.08	22.3	19.53	15.01	21.29	17.91	27.19	10.79	17.39	9.95	14.41	22.52	13.56	25.05	19.26	22.5	15.78	26.94	28.57	7.91	17.73	25.72	19.7	27.7	17.79	10.2	8.73	16.19	14.83	17.2	18.43	22.19	13.37	19.27	18.47	13.3	18.39	22.46	13.23	15.43	12.14	11.69	18.43	20.31	10.68	16.45	21.83	18.4	12.28	9.91	21.11	18.99	25.72	11.06	10.44	14.85	17.9	32.34	23.2	18.42	10.92	17.03	27.16	16.7	20.38	19.97	23.36	16.15	15.85	13.16	0.0	13.82	25.73	18.78	15.34	11.29	17.92	22.39	15.52	13.63	29.38	13.14	4.0	14.91	17.13
199_24mo	0.0	21.68	29.94	29.6	16.21	23.13	19.14	15.56	23.32	12.94	18.27	16.1	17.9	15.16	18.15	24.36	16.54	12.89	26.96	11.77	14.32	17.48	25.69	0.0	20.34	18.94	17.05	23.75	21.24	16.68	34.79	11.87	13.29	25.65	20.7	20.14	26.17	30.0	20.51	13.26	20.8	86.03	22.5	21.43	61.14	16.86	16.09	22.9	17.61	12.97	28.05	20.84	27.63	22.66	24.23	16.85	21.09	10.2	21.55	16.65	12.63	20.54	0.0	16.15	29.26	54.85	40.31	11.41	15.98	13.52	17.77	21.0	16.41	16.36	14.98	23.56	17.64	29.57	18.51	11.03	26.95	26.87	16.3	24.33	26.82	18.12	26.76	22.65	29.59	16.58	13.71	21.14	0.04	21.44	16.2	16.33	15.84	22.35	27.22	13.62	18.82	26.56	21.11	16.34	14.11	24.33	17.59	20.01	21.04	14.94	19.75	24.8	25.43	13.09	12.56	14.8	21.1	19.37	21.64	22.91	21.98	21.62	32.67	17.63	17.37	24.43	22.53	18.0	24.32	20.82	23.35	0.16	17.31	15.83	20.17	27.64	11.62	26.31	23.13	27.64	18.69	29.35	29.05	13.91	16.49	29.11	17.38	34.4	17.65	13.22	1.11	17.47	19.29	16.62	19.16	26.55	12.25	22.96	18.59	14.98	21.09	26.85	16.12	17.91	14.73	16.23	13.62	16.03	12.43	18.58	26.36	19.93	16.86	16.41	26.75	20.53	29.11	13.98	8.52	16.21	16.37	31.03	25.96	20.38	13.58	15.8	29.11	18.5	23.43	15.34	29.5	22.0	17.64	0.0	13.82	0.0	28.41	24.78	19.13	17.12	21.0	26.73	17.18	13.36	33.33	0.0	14.88	17.31	21.82
960_3mo	27.3	18.0	24.14	14.18	14.48	16.87	17.39	13.87	19.39	22.04	10.62	11.66	17.92	19.43	14.67	13.91	20.62	21.95	24.02	17.07	7.3	14.27	18.89	26.48	20.48	12.9	15.83	17.82	9.34	15.62	20.43	10.78	8.78	13.13	16.18	15.87	15.39	18.12	28.91	13.75	17.76	72.88	25.16	19.93	63.63	20.85	13.05	13.72	16.95	20.81	15.36	17.77	22.29	18.89	10.25	20.1	17.56	7.9	17.93	20.85	23.95	14.01	28.53	11.3	24.06	74.04	43.94	15.54	10.79	20.45	18.57	18.39	17.47	17.54	15.23	26.58	23.77	14.18	21.83	13.19	24.2	24.23	17.46	11.55	24.09	18.25	8.72	24.59	14.18	14.18	21.92	16.66	28.81	11.33	14.51	23.13	23.56	27.01	14.87	21.18	16.77	15.16	17.48	17.52	23.51	17.93	22.71	14.98	17.54	11.67	17.18	18.26	11.57	14.09	11.76	21.58	35.17	20.37	13.45	24.94	17.44	19.68	19.83	23.76	24.51	14.02	18.2	17.73	19.93	17.52	34.59	27.24	14.83	12.74	19.33	9.05	19.57	15.46	15.2	8.91	14.77	0.15	20.38	8.92	18.88	0.0	18.86	18.7	22.34	10.91	10.08	15.4	16.36	18.73	17.79	8.52	19.23	10.82	17.72	11.61	17.64	8.76	17.8	10.77	6.81	11.47	21.32	18.62	4.71	12.84	10.18	17.45	13.91	8.74	16.63	21.55	0.0	7.08	12.98	14.48	23.33	22.33	14.82	18.27	14.33	24.47	14.0	21.81	13.7	23.08	14.55	21.71	18.82	27.18	25.73	28.41	0.0	24.87	16.06	22.07	17.46	8.78	16.34	15.69	19.5	27.06	16.83	17.41	11.85
968_father	24.97	19.14	19.0	23.34	18.17	18.73	19.36	19.83	31.34	17.23	14.96	18.03	12.97	24.13	10.36	18.12	20.47	16.3	22.03	12.47	16.75	19.32	16.61	25.51	23.72	13.74	18.81	20.33	17.11	21.47	20.3	16.56	12.25	21.2	23.71	18.44	17.01	24.26	25.86	15.07	18.82	66.2	18.2	22.35	53.79	20.77	18.18	19.39	23.26	17.34	24.23	18.8	23.35	30.74	20.91	18.28	18.58	9.74	19.06	20.5	22.22	18.85	24.78	8.92	19.56	58.11	34.25	7.8	13.77	14.35	22.84	26.61	19.86	19.66	18.52	19.01	18.86	23.34	23.86	9.88	17.42	17.4	19.65	21.96	17.33	13.12	18.5	23.69	23.33	18.61	16.94	18.65	24.95	21.79	18.25	18.65	30.15	26.17	22.03	16.04	17.3	20.08	18.67	19.64	22.69	19.47	19.66	19.7	18.68	17.57	17.66	20.74	22.04	10.45	17.88	16.62	25.38	20.39	20.1	18.49	20.55	17.28	18.94	24.96	25.23	18.19	21.02	14.17	32.7	19.74	31.17	23.82	16.99	14.04	6.92	18.96	19.71	27.19	20.7	19.0	15.71	23.97	14.68	14.82	16.84	23.61	27.09	32.71	19.53	12.52	13.24	13.17	18.54	18.07	17.47	18.71	14.73	20.38	17.04	16.4	18.68	18.68	23.74	13.01	19.7	19.15	16.26	12.86	11.86	15.37	19.95	18.69	14.18	11.81	16.56	27.03	23.62	12.19	9.21	18.17	18.66	34.19	19.21	20.08	13.94	20.04	22.98	23.89	21.46	23.05	27.72	25.56	16.85	24.86	18.78	24.78	24.87	0.0	20.63	16.8	19.83	18.54	21.95	19.67	18.72	24.83	22.08	13.1	26.23
142_mother	18.14	0.0	8.46	13.26	7.52	13.02	0.18	7.77	15.01	11.84	5.11	10.45	12.95	8.28	10.94	12.93	18.86	12.46	9.13	7.88	8.56	17.24	17.05	16.7	12.72	0.43	9.57	13.5	8.1	0.18	18.64	9.34	4.36	13.33	14.37	9.09	12.95	15.43	21.11	8.37	0.99	96.94	24.79	13.71	83.95	19.07	7.49	11.17	10.66	11.73	11.77	0.99	8.06	14.69	10.22	14.51	0.0	3.46	0.0	19.09	16.74	8.32	19.39	8.25	8.81	83.58	44.75	9.29	1.35	12.25	9.1	12.33	17.18	17.25	9.47	25.84	15.53	13.26	12.37	5.08	18.75	18.64	17.18	13.21	18.53	12.87	12.96	8.47	13.26	7.52	12.07	0.16	16.42	10.95	7.53	20.7	16.59	15.93	13.64	11.92	1.14	13.35	0.0	17.25	19.8	12.59	20.34	10.83	0.0	8.16	0.76	13.51	12.82	2.14	0.82	12.77	23.58	11.26	11.04	25.09	14.04	17.19	19.35	22.96	23.51	13.01	14.7	4.69	15.01	0.17	15.96	16.52	9.2	1.6	11.86	12.92	12.02	13.94	6.62	12.97	0.73	15.43	17.66	7.47	13.03	15.68	14.79	11.48	20.61	5.7	6.99	12.84	11.46	15.67	13.87	12.6	11.79	10.05	14.28	6.49	0.16	13.01	11.09	7.81	7.14	4.22	12.28	10.98	6.65	6.17	10.43	0.17	12.45	3.23	12.25	14.01	15.68	5.32	7.39	7.52	20.88	14.23	12.83	0.22	0.79	12.84	12.99	12.37	10.61	18.83	12.44	12.11	12.82	18.06	15.34	19.13	16.06	20.63	0.0	16.45	0.25	12.82	0.18	9.93	18.81	18.06	10.18	9.01	10.58
178_father	17.0	16.91	21.5	23.95	13.89	17.07	15.5	12.08	20.32	18.03	13.64	17.24	14.09	13.95	10.24	17.21	19.06	16.56	18.51	12.96	8.99	17.53	20.43	16.34	15.9	13.17	14.74	16.75	13.52	15.58	22.61	12.55	10.51	23.13	14.46	15.21	20.8	23.18	13.76	14.68	16.18	77.58	19.14	17.03	55.12	18.7	12.23	19.93	12.87	16.87	25.18	16.47	23.99	19.76	18.37	19.28	16.46	11.68	16.72	18.95	15.18	17.7	17.12	11.04	20.87	53.32	37.19	11.88	19.97	16.82	15.59	20.34	18.37	18.36	13.79	19.99	19.07	23.95	19.37	8.89	23.47	23.6	18.36	23.22	23.39	14.06	22.16	16.13	23.95	14.03	17.38	16.73	17.09	19.18	13.9	15.52	15.53	18.97	22.69	17.2	14.64	22.72	16.59	18.36	14.44	16.31	16.57	13.78	16.47	13.7	17.06	17.44	23.96	10.42	10.1	17.02	14.93	13.65	20.38	19.56	16.67	16.58	23.2	16.18	15.38	17.26	16.24	13.72	20.81	16.12	25.69	13.16	17.14	10.18	15.89	22.92	15.39	26.46	19.48	22.72	13.38	23.16	24.14	10.08	16.04	22.4	19.67	31.47	16.11	12.39	10.15	13.79	13.66	16.52	15.88	21.73	11.22	15.19	15.68	10.02	16.73	22.19	15.6	9.9	11.1	11.61	17.52	23.51	13.4	15.65	20.66	16.19	11.46	11.89	23.01	22.27	22.4	11.71	9.04	13.89	15.51	31.79	17.98	16.37	10.45	15.21	23.69	19.42	17.29	15.95	24.87	17.61	16.48	16.9	11.29	17.12	22.07	16.8	16.45	0.0	16.25	22.25	15.36	13.99	22.46	16.9	11.71	15.91	20.74
163_24mo	20.12	0.21	7.84	14.73	9.44	13.14	0.16	7.99	16.94	14.53	4.92	11.77	14.23	10.23	12.12	13.93	19.11	12.21	8.67	8.27	9.01	17.54	15.77	17.41	12.59	0.62	10.97	14.7	10.16	0.24	21.4	8.55	4.94	11.9	12.87	10.24	11.4	13.93	21.36	9.52	1.01	98.2	22.73	14.16	83.4	19.31	9.91	10.87	11.57	14.36	11.63	0.99	7.68	16.48	13.64	13.0	0.21	3.25	0.21	19.41	17.82	10.06	21.23	8.05	7.76	77.65	44.82	10.93	1.27	12.58	8.78	11.34	20.56	20.69	9.74	23.7	14.21	14.73	14.52	5.91	17.29	17.35	20.63	13.75	17.07	14.17	15.3	8.26	14.73	9.44	14.59	0.29	18.87	10.35	9.45	20.7	18.41	14.22	13.86	14.56	1.21	13.76	0.21	20.69	19.56	14.21	20.73	12.49	0.21	8.9	0.79	14.72	13.38	2.68	0.81	14.67	24.67	10.76	10.22	23.27	13.7	18.72	21.97	24.41	24.58	14.0	15.78	4.83	16.89	0.0	19.96	17.34	11.5	2.5	12.08	15.25	11.92	12.84	6.16	15.31	0.83	17.23	18.42	8.05	11.19	17.08	18.65	15.02	21.11	5.8	6.63	13.2	11.69	15.02	15.12	14.99	11.02	12.67	15.58	7.41	0.28	15.34	10.16	10.05	9.74	5.84	15.14	11.18	7.56	6.07	13.19	0.3	13.43	2.44	10.9	14.35	17.08	6.56	8.53	9.44	20.85	20.72	13.84	0.2	0.78	16.1	14.3	14.52	11.34	19.66	11.63	12.04	13.59	21.1	17.92	21.0	17.46	19.83	0.25	16.25	0.0	15.16	0.19	10.31	21.52	21.1	10.15	9.4	10.49
220_24mo	25.78	15.53	19.33	11.57	14.42	8.12	15.21	8.2	15.49	20.82	5.85	15.62	16.16	17.56	10.14	8.07	21.04	20.14	19.12	14.07	8.12	16.33	14.86	23.48	14.63	10.47	14.88	11.73	6.86	12.57	13.73	5.07	6.21	11.34	7.88	12.86	12.48	19.54	26.39	15.63	14.93	78.77	20.04	16.79	81.5	21.36	6.49	11.94	10.73	19.23	15.66	14.99	16.39	14.88	9.01	14.85	15.12	6.11	15.44	21.65	23.16	10.35	27.04	5.09	19.24	76.47	43.8	10.69	11.7	17.01	15.6	11.39	19.58	20.15	12.69	21.4	18.28	11.57	17.93	7.15	17.27	17.53	20.09	9.42	17.21	16.34	0.04	19.81	11.57	13.93	19.54	14.04	27.25	12.55	14.5	20.32	20.84	21.92	10.99	18.23	13.1	11.73	15.18	20.13	23.29	10.34	20.5	9.74	15.16	7.82	14.86	11.94	9.57	8.29	8.77	18.74	33.4	16.64	10.38	20.45	12.37	17.22	14.74	29.22	29.08	8.16	12.35	12.38	15.41	15.05	28.63	27.57	12.22	8.43	15.05	0.0	17.83	13.17	11.83	0.0	13.56	8.97	12.03	4.91	13.87	8.47	16.79	19.63	20.13	4.91	5.32	14.29	10.46	13.91	12.32	0.07	14.17	9.43	12.49	7.06	15.26	0.22	11.94	5.99	2.38	9.58	18.94	13.53	7.0	8.47	3.99	14.71	9.92	5.01	12.7	17.01	8.47	2.41	10.93	14.42	20.36	16.94	8.58	16.28	10.05	20.43	11.39	17.86	7.94	26.99	16.23	16.56	13.86	26.79	22.39	26.73	8.78	18.54	12.82	22.25	15.16	0.0	13.4	12.71	13.1	26.82	13.75	10.07	13.18
802_father	16.05	0.18	8.95	13.87	6.5	13.87	0.18	7.76	16.16	12.4	5.5	9.46	13.29	8.61	11.39	14.2	20.42	12.62	9.76	7.95	6.87	17.95	18.02	16.69	12.63	0.45	8.8	14.57	8.32	0.0	20.02	9.36	4.74	13.27	14.84	9.29	12.88	16.79	20.61	7.16	1.15	97.31	27.56	14.04	73.28	20.72	7.69	10.75	11.14	11.89	12.4	1.13	8.23	15.78	10.78	15.67	0.18	3.5	0.18	20.69	16.47	8.84	17.46	8.52	9.37	83.39	45.32	9.71	1.21	13.48	9.24	12.7	18.28	18.53	9.57	28.75	16.91	13.87	12.49	5.38	19.73	19.82	18.43	13.37	19.51	13.17	13.46	8.89	13.87	6.5	12.36	0.27	14.53	10.77	6.5	21.41	16.84	15.93	13.9	12.87	1.34	13.88	0.18	18.53	19.87	13.55	20.69	11.08	0.18	8.44	0.86	14.57	13.07	2.5	0.78	13.55	24.75	11.5	11.24	27.85	14.34	17.05	20.56	19.6	20.53	14.3	15.7	5.12	16.09	0.19	15.8	14.14	8.98	1.93	12.39	13.52	13.08	13.62	6.46	13.48	0.83	16.33	18.63	7.57	12.74	16.34	13.28	12.27	21.04	5.75	7.07	12.03	11.71	15.81	14.6	13.17	12.36	10.21	15.22	6.29	0.27	13.52	10.9	7.52	7.29	4.55	13.48	12.02	6.52	6.22	11.0	0.27	13.32	3.08	12.27	14.27	16.34	6.07	8.1	6.5	21.6	15.09	14.23	0.0	0.74	13.35	13.48	12.49	11.02	17.25	13.45	12.08	12.44	16.07	15.52	17.18	16.34	21.95	0.18	15.36	0.19	13.4	0.0	10.23	19.83	16.07	9.39	8.34	10.49
605_father	12.28	10.08	12.82	4.49	6.8	10.46	10.24	2.13	14.78	0.17	7.11	10.13	13.5	12.47	4.87	12.29	16.42	0.14	14.43	1.13	3.78	9.53	10.23	13.56	15.83	8.15	6.98	14.16	5.8	10.3	15.22	8.81	5.97	4.49	10.42	9.92	7.65	20.22	19.1	8.69	9.63	84.13	19.3	13.37	79.61	16.73	5.94	4.22	8.26	0.18	17.52	9.76	10.73	14.45	10.06	11.44	10.19	1.84	10.12	16.68	13.57	3.72	13.59	6.65	12.73	78.66	38.35	1.47	10.69	0.13	2.6	12.54	17.21	16.81	8.59	20.48	14.5	4.49	10.6	5.46	12.0	12.05	16.73	6.7	11.85	13.38	12.85	13.31	4.49	6.8	0.81	10.4	11.63	12.86	6.81	17.29	16.29	18.15	8.84	0.24	10.29	9.08	10.09	16.81	16.97	13.76	17.17	11.37	10.09	2.96	10.73	14.16	6.59	4.39	3.88	0.47	15.86	14.05	3.09	19.16	14.44	16.09	15.48	11.34	11.68	12.39	15.54	7.35	15.08	10.3	16.59	9.69	3.61	4.77	13.05	12.89	10.89	4.1	11.99	12.86	9.36	15.75	15.06	3.9	11.77	15.69	11.75	19.99	18.56	5.6	5.94	13.25	11.81	15.15	13.96	12.5	0.5	9.12	14.47	1.72	10.41	12.84	7.38	4.09	6.45	3.64	0.11	4.03	6.85	5.59	11.87	10.42	6.39	4.8	7.14	9.99	15.69	5.4	2.19	6.8	17.47	10.22	12.26	10.36	8.14	12.13	4.32	10.6	10.6	9.42	16.82	15.91	11.63	13.56	13.63	13.36	15.69	19.67	9.93	13.99	10.31	12.71	10.23	0.0	15.25	13.56	10.52	11.53	14.1
806_father	32.24	20.72	10.26	12.16	19.29	16.9	20.97	13.74	22.23	17.43	9.88	14.74	17.13	26.15	12.7	13.36	25.88	16.32	21.27	12.82	12.46	17.92	7.37	29.96	27.25	14.11	22.6	13.94	10.65	19.49	1.01	12.3	3.47	12.49	19.8	16.65	12.92	19.43	24.12	15.94	19.51	69.96	27.67	22.35	76.01	27.01	9.71	12.42	20.25	17.36	18.79	19.46	16.36	21.97	13.1	22.46	20.21	7.14	20.64	26.08	27.53	14.42	33.53	4.82	10.32	77.47	41.94	12.13	13.04	14.19	19.02	21.5	21.89	21.96	17.01	29.39	23.09	12.16	20.78	13.76	11.28	11.16	21.89	13.76	11.05	17.43	13.0	20.41	12.16	19.82	16.99	18.29	34.63	16.84	19.32	26.95	29.53	21.79	12.13	17.2	17.68	11.16	20.06	21.96	28.0	12.98	26.98	12.78	20.12	11.41	19.74	14.24	13.57	8.13	11.19	18.14	37.13	17.81	11.89	28.05	13.65	15.05	0.0	27.34	27.46	13.4	15.17	10.07	22.87	21.47	31.34	34.67	13.32	7.88	19.38	13.49	24.22	13.82	15.04	13.32	17.34	17.84	0.18	12.52	17.94	18.47	23.67	27.14	26.05	1.81	11.81	15.32	12.47	20.23	18.3	12.84	17.43	14.56	18.29	13.61	20.05	12.95	22.24	0.91	13.91	16.41	17.66	10.81	7.36	13.07	11.6	20.06	7.72	7.42	15.03	19.47	18.47	9.01	11.01	19.29	27.12	20.55	14.41	21.91	14.18	27.92	11.97	20.78	15.01	25.5	23.35	28.65	18.79	33.64	29.38	33.33	19.5	18.72	18.81	22.46	21.52	13.1	19.83	15.25	0.0	33.64	18.33	14.83	17.52
121_24mo	0.0	20.78	29.3	29.09	16.53	23.2	18.37	15.59	22.45	13.34	17.65	16.06	17.15	15.31	18.98	24.49	17.12	13.39	26.49	11.16	14.57	17.83	25.53	0.0	20.28	18.4	16.32	24.13	21.88	15.52	35.11	12.21	13.17	24.95	20.65	19.23	24.83	28.57	20.47	12.95	20.0	86.54	22.28	20.83	66.9	17.01	16.46	22.93	17.63	13.29	27.49	20.07	27.51	21.92	24.49	16.15	20.32	10.58	20.65	17.23	12.26	19.36	0.0	16.22	29.22	55.4	41.23	11.77	15.85	14.06	16.94	21.37	16.36	16.55	15.26	23.35	17.12	29.05	18.55	11.03	26.9	26.71	16.49	22.99	26.65	17.45	26.85	21.03	29.07	16.75	13.49	20.41	0.04	21.14	16.53	16.61	16.04	22.26	25.8	13.91	17.64	25.04	20.23	16.53	13.91	23.81	17.98	20.06	20.24	14.67	19.02	25.25	23.88	12.59	12.5	13.7	20.27	19.11	20.76	22.88	22.47	21.58	32.83	17.55	17.3	24.56	22.99	18.2	23.32	20.99	22.68	0.16	17.97	15.98	20.54	27.71	10.16	24.68	22.59	27.72	17.65	27.99	27.77	13.94	15.69	27.9	16.76	33.07	17.72	13.65	1.21	16.79	18.67	16.76	19.26	26.64	11.73	23.56	18.83	15.55	20.38	26.94	16.14	17.6	14.68	14.81	13.94	17.2	12.3	18.23	26.15	19.23	17.44	16.08	25.98	19.84	27.9	13.05	8.44	16.53	17.03	31.3	26.18	19.58	12.87	14.42	28.66	18.54	21.87	15.14	28.07	22.03	17.1	0.0	13.14	0.0	27.06	24.83	18.06	16.9	21.1	26.82	16.07	13.56	33.64	0.0	14.58	15.51	21.6
839_24mo	13.72	10.2	13.46	15.38	11.88	14.89	9.32	9.74	11.41	12.0	6.65	11.63	14.54	10.95	11.7	11.23	18.03	11.78	11.02	8.5	9.5	18.73	14.03	14.08	12.41	8.6	11.67	10.77	7.65	9.48	18.18	5.84	5.89	14.52	11.4	8.22	13.75	13.17	3.66	10.77	10.21	102.77	18.92	12.64	63.28	18.47	6.67	12.17	11.58	12.65	10.46	10.2	14.21	11.05	12.56	14.48	10.23	4.85	10.2	18.49	11.33	10.55	14.87	6.74	13.41	80.21	44.66	7.56	10.99	13.25	11.94	15.26	15.53	15.58	10.6	19.97	17.39	15.38	13.11	7.25	15.91	15.81	15.49	12.76	15.77	14.43	14.01	9.26	15.38	12.12	12.52	10.36	12.57	6.03	11.9	16.42	13.02	16.91	13.15	13.13	10.02	14.2	10.21	15.58	14.17	11.41	15.4	8.65	10.23	8.61	11.04	10.77	13.86	4.62	6.44	13.07	21.22	11.28	11.71	18.88	10.58	11.88	18.23	21.74	21.69	11.33	12.27	6.68	11.51	10.16	20.59	12.63	12.14	4.89	12.87	13.96	13.97	13.61	6.25	14.03	9.79	17.07	17.92	5.55	13.1	17.56	13.15	12.34	15.41	4.68	3.88	13.24	8.28	13.07	14.13	13.55	9.9	10.72	14.64	8.8	10.38	14.08	9.47	6.31	6.16	5.74	13.1	14.37	6.7	10.32	12.56	9.46	10.23	5.27	13.44	13.57	17.56	6.34	7.1	11.88	17.03	15.23	11.09	9.41	5.18	13.82	15.31	13.04	8.45	18.17	13.05	11.63	12.73	14.82	4.0	14.88	16.83	22.08	10.18	11.71	10.15	13.75	9.39	10.52	18.33	14.58	0.0	11.3	6.51
276_mother	16.98	9.04	13.78	16.81	7.88	8.17	8.24	6.38	14.81	13.98	5.57	12.35	6.81	9.32	10.03	12.86	4.76	14.68	16.0	9.97	8.04	15.04	14.09	16.18	7.45	6.06	8.99	9.45	9.24	7.54	15.89	8.4	4.57	15.58	10.51	8.07	13.26	17.4	17.81	9.3	8.57	74.33	16.97	13.01	60.75	4.59	6.0	12.8	9.46	13.85	16.32	8.81	16.31	14.26	11.32	12.94	9.08	4.33	9.04	4.77	17.28	10.56	17.31	3.09	14.32	68.73	32.47	8.07	8.71	14.55	12.23	14.3	14.45	14.56	5.36	17.68	16.24	16.81	15.96	3.33	16.05	16.0	14.45	13.74	15.78	6.83	10.16	12.71	16.81	7.88	13.63	9.18	15.24	13.5	7.89	9.21	14.8	15.1	16.54	14.01	8.24	17.13	9.04	14.56	18.71	7.27	8.78	7.36	9.07	8.93	7.87	9.45	13.62	1.88	6.02	14.37	24.83	7.49	12.58	17.56	9.03	9.99	16.44	24.65	24.69	13.01	11.33	7.96	14.81	9.42	17.96	15.25	10.56	6.17	11.2	10.25	8.83	16.96	8.92	10.18	5.88	17.28	11.8	5.06	11.78	17.16	11.94	18.28	9.82	6.51	6.32	5.93	6.78	9.03	7.84	9.73	13.07	13.17	7.84	6.65	9.18	10.25	8.65	5.65	4.49	6.82	14.61	11.46	6.55	4.45	6.99	8.42	6.03	6.53	14.46	16.27	17.16	2.36	5.94	7.88	9.3	15.06	12.84	8.34	3.24	13.47	16.43	15.96	10.69	20.45	18.4	7.66	0.07	15.51	14.91	17.31	17.41	13.1	9.01	15.91	9.4	10.07	8.34	11.53	14.83	15.51	11.3	0.0	14.37
839_12mo	20.57	10.27	12.25	16.39	15.48	15.58	10.51	11.03	14.23	17.1	7.39	10.72	18.96	16.61	12.73	9.19	18.47	18.26	12.78	13.15	12.35	18.52	15.28	20.81	17.33	9.44	15.88	14.17	8.79	9.98	17.83	6.34	7.01	16.24	13.05	12.61	14.41	8.86	18.06	14.88	11.23	87.46	23.59	18.26	68.41	18.82	9.39	14.38	14.19	18.2	0.64	11.16	12.36	13.81	12.47	18.35	10.3	0.36	10.27	18.83	21.02	14.11	21.9	8.47	12.2	85.99	49.15	13.35	9.38	18.84	15.3	17.25	20.31	20.17	12.34	24.69	20.91	16.39	18.31	9.51	17.54	17.6	20.08	15.32	17.27	18.87	13.35	9.76	16.39	14.91	18.1	10.43	20.32	0.42	15.51	21.65	20.16	19.96	14.51	18.45	11.29	14.26	10.27	20.17	23.41	13.8	21.06	11.65	10.29	11.95	10.6	14.18	15.42	5.81	8.39	17.42	31.56	12.56	13.27	23.78	14.76	16.69	17.39	27.72	27.8	9.19	16.12	7.7	14.7	10.5	24.98	20.4	16.17	6.69	16.32	13.3	17.62	15.47	0.35	13.36	8.65	11.56	17.59	10.18	15.97	12.22	17.61	3.94	21.34	6.51	5.52	17.82	11.9	16.48	15.43	12.99	13.89	11.82	15.94	9.56	10.43	13.41	13.04	6.85	8.72	4.16	18.72	19.93	7.5	10.73	11.8	10.51	13.51	2.44	14.44	18.07	12.22	7.81	11.86	15.48	22.14	13.19	9.01	10.35	6.69	17.46	16.12	18.24	10.8	24.25	7.35	16.73	14.86	21.76	17.13	21.82	11.85	26.23	10.58	20.74	10.49	13.18	10.49	14.1	17.52	21.6	6.51	14.37	0.0
